c Solver source commit 8af8e56f174b778aef3aa45af9f739b2a5f492c2
c Solver SHA-256 c86c7ccc2f727e1ef4716fd2fcf69539fbe0e8b1da8d89341fb48d643a3aeb28
c ---- [ banner ] ------------------------------------------------------------
c
c Kissat SAT Solver
c 
c Copyright (c) 2021-2024 Armin Biere University of Freiburg
c Copyright (c) 2019-2021 Armin Biere Johannes Kepler University Linz
c 
c Version 4.0.4 8af8e56f174b778aef3aa45af9f739b2a5f492c2
c Apple clang version 21.0.0 (clang-2100.1.1.101) -W -Wall -O3 -DNDEBUG
c Mon Sep 7 04:00:02 PDT 2026 Darwin 842f5797331b 25.6.0 arm64
c
c ---- [ proving ] -----------------------------------------------------------
c
c opened and writing proof to compressed DRAT file:
c
c   build/orbit-p3-c8-t4-split/p3-c8-t4-p0-z0-mc8.drat.xz
c
c ---- [ parsing ] -----------------------------------------------------------
c
c opened and reading DIMACS file:
c
c   build/orbit-p3-c8-t4-split/p3-c8-t4-p0-z0-mc8.cnf
c
c parsed 'p cnf 78411 886323' header
c closing input after reading 31191000 bytes (30 MB)
c finished parsing after 0.14 seconds
c
c ---- [ options ] -----------------------------------------------------------
c
c --stable=0                       (different from default '1')
c
c ---- [ solving ] -----------------------------------------------------------
c
c seconds  switched rate     size/glue tier1   binary           remaining
c         MB reductions conflicts size  tier2      irredundant
c          level restarts redundant glue  trail            variables
c
c *  0.14 116 0 0 0  0 0   0   0 0.0 0 0 0 0 0% 121820 711520 49266 63%
c (  0.17 146 0 0 0  0 0   0   0 0.0 0 0 0 0 0% 121820 711520 49266 63%
c .  0.25 150 0 0 0  0 0   0   0 0.0 0 0 0 0 0% 98872 454874 49266 63%
c c  1.04 161 0 0 0  0 0   0   0 0.0 0 0 0 0 0% 100500 183847 44008 56%
c d  1.05 161 0 0 0  0 0   0   0 0.0 0 0 0 0 0% 89376 183807 43954 56%
c =  1.08 163 0 0 0  0 0   0   0 0.0 0 0 0 0 0% 88303 183791 43936 56%
c d  1.09 163 0 0 0  0 0   0   0 0.0 0 0 0 0 0% 88257 183789 43936 56%
c f  1.14 168 0 0 0  0 0   0   0 0.0 0 0 0 0 0% 88128 183771 44066 56%
c )  1.15 168 0 0 0  0 0   0   0 0.0 0 0 0 0 0% 88128 183771 44066 56%
c {  1.16 167 0 0 0  0 0   0   0 0.0 0 0 2 6 0% 88128 183771 44066 56%
c i  1.16 168 145 0 0  3 10  44  39 1.4 13 9 2 6 17% 88130 183771 44027 56%
c i  1.16 168 93 0 0  9 9  77  66 1.4 13 9 2 6 15% 88134 183771 44026 56%
c i  1.17 168 52 0 0 19 6 197 182 1.6 16 10 2 6 18% 88136 183771 44008 56%
c i  1.17 168 51 0 0 19 6 201 184 1.6 16 10 2 6 17% 88136 183771 44007 56%
c i  1.17 168 51 0 0 19 6 202 184 1.6 16 10 2 6 17% 88136 183771 43978 56%
c i  1.17 168 50 0 0 19 6 204 185 1.6 16 10 2 6 17% 88136 183771 43977 56%
c i  1.17 168 50 0 0 19 6 207 185 1.6 16 10 2 6 17% 88138 183771 43976 56%
c i  1.18 168 42 0 0 29 5 299 271 1.7 17 10 2 6 19% 88142 183771 43949 56%
c i  1.18 168 41 0 0 31 5 302 271 1.7 17 10 2 6 19% 88144 183771 43948 56%
c i  1.19 168 39 0 0 52 6 398 363 1.7 18 10 2 6 21% 88145 183771 43947 56%
c
c seconds   switched rate     size/glue  tier1    binary           remaining
c         MB reductions conflicts   size   tier2      irredundant
c          level restarts redundant    glue   trail           variables
c
c i  1.19 168 38 0 0 52 6 411 370 1.7 17 10 2 6 20% 88147 183771 43926 56%
c i  1.19 168 36 0 0 62 6 471 425 1.6 17 11 2 6 20% 88147 183771 43911 56%
c i  1.20 168 39 0 0 71 6 540 489 1.7 17 10 2 6 20% 88148 183771 43906 56%
c i  1.20 168 39 0 0 71 6 541 489 1.7 17 10 2 6 20% 88148 183771 43905 56%
c i  1.20 168 39 0 0 71 6 542 489 1.7 17 10 2 6 20% 88148 183771 43904 56%
c i  1.20 168 40 0 0 71 6 547 489 1.7 17 10 2 6 20% 88151 183771 43871 56%
c i  1.20 168 40 0 0 71 6 548 489 1.7 17 10 2 6 20% 88151 183771 43870 56%
c i  1.20 168 42 0 0 71 6 558 495 1.7 17 10 2 6 21% 88154 183771 43868 56%
c i  1.20 168 43 0 0 71 6 561 496 1.7 17 10 2 6 21% 88155 183771 43866 56%
c i  1.20 168 43 0 0 71 6 564 498 1.7 17 10 2 6 21% 88155 183771 43864 56%
c i  1.20 168 43 0 0 71 6 566 498 1.7 17 10 2 6 21% 88156 183771 43674 56%
c i  1.20 168 43 0 0 71 6 573 501 1.7 16 10 2 6 21% 88158 183771 43666 56%
c i  1.20 168 43 0 0 71 6 576 501 1.7 16 10 2 6 21% 88160 183771 43665 56%
c -  1.25 168 34 0 1 107 5 1002 592 1.5 15 10 7 14 20% 87340 183221 43665 56%
c i  1.28 168 29 0 1 109 4 1733 1107 1.5 13 9 6 12 19% 87346 183219 43659 56%
c i  1.28 168 29 0 1 109 4 1740 1108 1.5 13 9 6 12 19% 87351 183217 43652 56%
c -  1.29 168 38 0 2 109 4 2002 1031 1.5 12 8 5 10 19% 87269 183217 43622 56%
c i  1.29 168 37 0 2 109 4 2084 1087 1.5 12 8 5 10 18% 87276 183217 43603 56%
c i  1.30 168 37 0 2 110 4 2126 1116 1.5 12 8 5 10 18% 87277 183217 43593 56%
c i  1.30 168 37 0 2 111 4 2128 1116 1.5 12 8 5 10 18% 87278 183217 43591 56%
c
c seconds   switched  rate       size/glue tier1     binary           remaining
c         MB reductions conflicts      size  tier2       irredundant
c          level restarts   redundant    glue    trail           variables
c
c i  1.30 168 37 0 2 119 4 2160 1142 1.6 12 8 5 10 18% 87281 183217 43563 56%
c i  1.31 168 36 0 2 122 4 2212 1187 1.6 12 8 5 10 18% 87281 183217 43562 56%
c i  1.31 168 36 0 2 122 4 2214 1187 1.6 12 8 5 10 18% 87282 183217 43561 56%
c c  1.74 172 38 0 2 262 4 2585 1496 1.4 13 9 5 10 18% 87666 181377 41918 53%
c d  1.75 172 38 0 2 262 4 2585 1308 1.4 13 9 5 10 18% 84823 181300 41918 53%
c b  1.76 172 38 0 2 262 4 2585 1308 1.4 13 9 5 10 18% 84823 181300 41068 52%
c u  1.77 172 38 0 2 262 4 2585 1252 1.4 13 9 5 10 18% 83881 181300 41068 52%
c v  1.78 172 38 0 2 262 4 2585 1220 1.4 13 9 5 10 18% 83881 181300 41068 52%
c w  1.78 172 38 0 2 262 4 2585 1212 1.4 13 9 5 10 18% 83881 181300 41068 52%
c =  1.83 173 38 0 2 262 4 2585 1212 1.4 13 9 5 10 18% 84397 179995 41048 52%
c d  1.83 173 38 0 2 262 4 2585 1211 1.4 13 9 5 10 18% 83322 179989 40535 52%
c b  1.84 173 38 0 2 262 4 2585 1211 1.4 13 9 5 10 18% 83322 179989 40008 51%
c f  1.84 173 38 0 2 262 4 2585 1211 1.4 13 9 5 10 18% 83208 179989 40045 51%
c c  2.16 175 38 0 2 262 4 2585 1211 1.4 13 9 5 10 18% 80334 178563 39487 50%
c d  2.17 175 38 0 2 262 4 2585 1201 1.4 13 9 5 10 18% 79489 178421 39487 50%
c b  2.18 175 38 0 2 262 4 2585 1201 1.4 13 9 5 10 18% 79489 178421 39427 50%
c u  2.19 175 38 0 2 262 4 2585 1184 1.4 13 9 5 10 18% 78935 178421 39420 50%
c v  2.20 175 38 0 2 262 4 2585 1017 1.4 13 9 5 10 18% 78935 178421 39420 50%
c w  2.20 175 38 0 2 262 4 2585 1008 1.4 13 9 5 10 18% 78935 178421 39420 50%
c =  2.25 175 38 0 2 262 4 2585 1008 1.4 13 9 5 10 18% 78945 178336 39384 50%
c
c seconds   switched  rate       size/glue tier1     binary           remaining
c         MB reductions conflicts      size  tier2       irredundant
c          level restarts   redundant    glue    trail           variables
c
c d  2.25 175 38 0 2 262 4 2585 1007 1.4 13 9 5 10 18% 78741 178256 39253 50%
c t  2.26 175 38 0 2 262 4 2585 1007 1.4 13 9 5 10 18% 78740 178256 39192 50%
c b  2.26 175 38 0 2 262 4 2585 1007 1.4 13 9 5 10 18% 78740 178256 39156 50%
c f  2.26 175 38 0 2 262 4 2585 1007 1.4 13 9 5 10 18% 78736 178256 39160 50%
c i  2.27 175 38 0 2 262 4 2585 1007 1.4 13 9 5 10 18% 78736 178256 39160 50%
c -  2.32 175 33 0 3 440 4 3416 1176 1.4 13 10 6 15 18% 78275 178067 39160 50%
c -  2.37 175 26 0 4 486 4 5149 1705 1.3 13 9 6 13 18% 78275 178067 39160 50%
c -  2.41 175 23 0 5 588 3 7151 2018 1.3 12 9 6 11 17% 78275 178067 39160 50%
c c  2.69 176 21 0 5 597 3 7944 2353 1.3 12 9 6 11 17% 78956 177721 38653 49%
c d  2.69 176 21 0 5 597 3 7944 2353 1.3 12 9 6 11 17% 77872 177721 38653 49%
c b  2.70 176 21 0 5 597 3 7944 2353 1.3 12 9 6 11 17% 77872 177721 38475 49%
c u  2.71 176 21 0 5 597 3 7944 2349 1.3 12 9 6 11 17% 77261 177721 38475 49%
c v  2.71 176 21 0 5 597 3 7944 2345 1.3 12 9 6 11 17% 77261 177721 38475 49%
c w  2.72 176 21 0 5 597 3 7944 2342 1.3 12 9 6 11 17% 77261 177721 38475 49%
c x  2.73 176 21 0 5 597 3 7944 2342 1.3 12 9 6 11 17% 77614 177029 38189 49%
c =  2.77 134 21 0 5 597 3 7944 2342 1.3 12 9 6 11 17% 77634 176949 38168 49%
c d  2.77 134 21 0 5 597 3 7944 2325 1.3 12 9 6 11 17% 77053 176887 37865 48%
c t  2.78 134 21 0 5 597 3 7944 2325 1.3 12 9 6 11 17% 77052 176887 37864 48%
c b  2.78 134 21 0 5 597 3 7944 2325 1.3 12 9 6 11 17% 77052 176887 37776 48%
c f  2.79 134 21 0 5 597 3 7944 2325 1.3 12 9 6 11 17% 76897 176887 37803 48%
c
c seconds   switched  rate       size/glue tier1     binary           remaining
c         MB reductions conflicts      size  tier2       irredundant
c          level restarts   redundant    glue    trail           variables
c
c c  3.14 141 21 0 5 597 3 7944 2325 1.3 12 9 6 11 17% 75709 176161 37285 48%
c d  3.14 141 21 0 5 597 3 7944 2322 1.3 12 9 6 11 17% 74929 176086 37283 48%
c b  3.14 141 21 0 5 597 3 7944 2322 1.3 12 9 6 11 17% 74929 176086 37174 47%
c u  3.16 142 21 0 5 597 3 7944 2312 1.3 12 9 6 11 17% 74503 176086 37174 47%
c v  3.16 142 21 0 5 597 3 7944 2300 1.3 12 9 6 11 17% 74503 176086 37174 47%
c x  3.18 142 21 0 5 597 3 7944 2300 1.3 12 9 6 11 17% 74705 175733 37048 47%
c =  3.22 143 21 0 5 597 3 7944 2300 1.3 12 9 6 11 17% 74763 175686 36998 47%
c d  3.23 143 21 0 5 597 3 7944 2300 1.3 12 9 6 11 17% 74281 175620 36781 47%
c t  3.23 143 21 0 5 597 3 7944 2300 1.3 12 9 6 11 17% 74281 175620 36760 47%
c b  3.23 143 21 0 5 597 3 7944 2300 1.3 12 9 6 11 17% 74281 175620 36666 47%
c f  3.24 143 21 0 5 597 3 7944 2300 1.3 12 9 6 11 17% 74212 175620 36673 47%
c i  3.24 143 21 0 5 597 3 7944 2300 1.3 12 9 6 11 17% 74212 175620 36673 47%
c i  3.25 143 23 0 5 597 3 7994 2341 1.3 12 9 6 11 17% 74215 175620 36672 47%
c i  3.25 143 25 0 5 597 3 8084 2421 1.3 12 9 6 11 17% 74216 175620 36665 47%
c i  3.30 143 27 0 5 738 4 8544 2855 1.3 12 9 6 11 18% 74227 175618 36641 47%
c i  3.30 143 27 0 5 738 4 8545 2855 1.3 12 9 6 11 18% 74227 175618 36640 47%
c i  3.30 143 27 0 5 738 4 8546 2855 1.3 12 9 6 11 18% 74227 175618 36637 47%
c i  3.30 143 27 0 5 738 4 8547 2855 1.3 12 9 6 11 18% 74227 175618 36636 47%
c i  3.30 143 27 0 5 738 4 8548 2855 1.3 12 9 6 11 18% 74227 175618 36633 47%
c i  3.30 143 27 0 5 738 4 8554 2856 1.3 12 9 6 11 18% 74231 175618 36630 47%
c
c seconds   switched  rate       size/glue tier1     binary           remaining
c         MB reductions conflicts      size  tier2       irredundant
c          level restarts   redundant    glue    trail           variables
c
c i  3.30 143 27 0 5 738 4 8555 2856 1.3 12 9 6 11 18% 74231 175618 36628 47%
c -  3.37 143 32 0 6 899 4 9387 2639 1.3 13 9 6 11 18% 73076 175618 36628 47%
c i  3.38 143 35 0 6 899 4 9786 2981 1.4 13 9 6 11 18% 73077 175618 36618 47%
c i  3.38 143 35 0 6 899 4 9787 2981 1.4 13 9 6 11 18% 73077 175618 36616 47%
c i  3.43 143 39 0 6 899 4 10654 3754 1.4 13 9 6 11 19% 73088 175618 36614 47%
c o  3.43 143 39 0 6 899 4 10654 3754 1.4 13 9 6 11 19% 73088 175618 36614 47%
c i  3.44 143 40 0 6 899 4 10705 3795 1.4 13 9 6 11 19% 73089 175618 36583 47%
c i  3.44 143 40 0 6 899 4 10709 3796 1.4 13 9 6 11 19% 73091 175618 36579 47%
c i  3.46 121 39 0 6 935 4 11118 4126 1.4 12 9 6 11 19% 73098 175618 36542 47%
c i  3.50 121 40 0 6 983 4 11278 4268 1.4 13 9 6 11 19% 73100 175618 36539 47%
c i  3.50 121 40 0 6 983 4 11279 4268 1.4 13 9 6 11 19% 73100 175618 36534 47%
c i  3.50 121 40 0 6 985 4 11286 4273 1.4 13 9 6 11 19% 73101 175618 36481 47%
c i  3.52 121 41 0 6 985 4 11377 4352 1.4 13 9 6 11 19% 73101 175618 36456 46%
c -  3.57 129 41 0 7 1103 4 11836 2753 1.4 13 9 5 11 20% 72598 175618 36456 46%
c s  3.73 131 41 0 7 1368 5 12926 3774 1.4 13 10 5 11 20% 72695 166799 36456 46%
c e  3.80 134 41 0 7 1368 5 12926 3774 1.4 13 10 5 11 20% 13438 174871 11890 15%
c 2  3.80 134 41 0 7 1368 5 12926 3774 1.4 13 10 5 11 20% 13383 174871 11882 15%
c s  3.83 134 41 0 7 1368 5 12926 3774 1.4 13 10 5 11 20% 13783 168704 11882 15%
c e  3.84 134 41 0 7 1368 5 12926 3774 1.4 13 10 5 11 20% 13288 168973 11601 15%
c ^  3.84 134 41 0 7 1368 5 12926 3774 1.4 13 10 5 11 20% 13288 168973 11601 15%
c
c seconds   switched   rate        size/glue  tier1     binary           remaining
c         MB reductions  conflicts       size   tier2       irredundant
c          level  restarts    redundant     glue    trail           variables
c
c i  3.87 135 42 0 7 1454 5 13257 1582 1.4 14 10 5 11 21% 13292 168972 11578 15%
c i  3.87 135 42 0 7 1454 5 13258 1582 1.4 14 10 5 11 21% 13292 168972 11576 15%
c -  3.96 143 44 0 8 1668 6 14481 1554 1.4 14 10 5 11 21% 13280 168846 11576 15%
c c  4.08 145 48 0 8 2005 6 16249 3183 1.4 14 10 5 11 22% 13495 168453 11510 15%
c d  4.09 145 48 0 8 2005 6 16249 3176 1.4 14 10 5 11 22% 13348 168433 11500 15%
c d  4.09 145 48 0 8 2005 6 16249 3176 1.4 14 10 5 11 22% 13340 168418 11496 15%
c b  4.10 145 48 0 8 2005 6 16249 3176 1.4 14 10 5 11 22% 13340 168418 11448 15%
c u  4.11 145 48 0 8 2005 6 16249 3018 1.4 14 10 5 11 22% 13211 168418 11448 15%
c v  4.13 145 48 0 8 2005 6 16249 2983 1.4 14 10 5 11 22% 13211 168418 11448 15%
c w  4.14 145 48 0 8 2005 6 16249 2980 1.4 14 10 5 11 22% 13211 168418 11448 15%
c x  4.16 105 48 0 8 2005 6 16249 2980 1.4 14 10 5 11 22% 13332 168135 11337 14%
c =  4.27 108 48 0 8 2005 6 16249 2980 1.4 14 10 5 11 22% 13355 167641 11218 14%
c d  4.27 108 48 0 8 2005 6 16249 2980 1.4 14 10 5 11 22% 13835 167061 11218 14%
c t  4.27 108 48 0 8 2005 6 16249 2980 1.4 14 10 5 11 22% 13571 167061 11182 14%
c f  4.30 108 48 0 8 2005 6 16249 2980 1.4 14 10 5 11 22% 13524 166437 11339 14%
c c  4.34 108 48 0 8 2005 6 16249 2980 1.4 14 10 5 11 22% 12810 166313 11287 14%
c d  4.34 108 48 0 8 2005 6 16249 2980 1.4 14 10 5 11 22% 12820 166199 11287 14%
c b  4.35 108 48 0 8 2005 6 16249 2980 1.4 14 10 5 11 22% 12820 166199 11279 14%
c u  4.37 108 48 0 8 2005 6 16249 2897 1.4 14 10 5 11 22% 12799 166199 11279 14%
c v  4.40 108 48 0 8 2005 6 16249 2844 1.4 14 10 5 11 22% 12799 166199 11279 14%
c
c seconds   switched   rate        size/glue  tier1     binary           remaining
c         MB reductions  conflicts       size   tier2       irredundant
c          level  restarts    redundant     glue    trail           variables
c
c w  4.41 108 48 0 8 2005 6 16249 2841 1.4 14 10 5 11 22% 12799 166199 11279 14%
c =  4.53 108 48 0 8 2005 6 16249 2841 1.4 14 10 5 11 22% 12823 166132 11268 14%
c t  4.53 108 48 0 8 2005 6 16249 2841 1.4 14 10 5 11 22% 12651 166086 11264 14%
c f  4.54 108 48 0 8 2005 6 16249 2841 1.4 14 10 5 11 22% 12651 166080 11266 14%
c i  4.54 108 48 0 8 2005 6 16249 2841 1.4 14 10 5 11 22% 12651 166080 11266 14%
c -  4.57 108 47 0 9 2010 6 17309 2281 1.4 15 10 6 12 22% 12577 166079 11266 14%
c i  4.57 108 48 0 9 2010 6 17341 2308 1.4 15 10 6 12 22% 12577 166079 11264 14%
c i  4.57 108 49 0 9 2010 6 17390 2351 1.4 15 10 6 12 22% 12578 166078 11261 14%
c i  4.60 108 48 0 9 2077 6 17976 2909 1.5 15 10 6 12 22% 12580 166077 11256 14%
c i  4.60 108 49 0 9 2087 6 18045 2966 1.5 15 10 6 12 22% 12580 166077 11255 14%
c -  4.70 106 51 0 10 2234 6 20309 3222 1.5 15 10 6 12 23% 12555 166072 11255 14%
c o  4.71 106 51 0 10 2297 6 20665 3571 1.5 16 10 6 12 23% 12555 166072 11255 14%
c -  4.77 107 49 0 11 2383 5 23472 3913 1.5 15 10 6 12 22% 12556 166069 11255 14%
c s  4.84 71 46 0 11 2439 5 25578 5372 1.5 15 10 6 12 21% 12737 164814 11253 14%
c e  4.88 73 46 0 11 2439 5 25578 5372 1.5 15 10 6 12 21% 9962 169106 8927 11%
c 2  4.88 73 46 0 11 2439 5 25578 5372 1.5 15 10 6 12 21% 9943 169106 8927 11%
c s  4.90 73 46 0 11 2439 5 25578 5372 1.5 15 10 6 12 21% 10114 168230 8927 11%
c e  4.91 73 46 0 11 2439 5 25578 5372 1.5 15 10 6 12 21% 9954 168396 8849 11%
c ^  4.91 73 46 0 11 2439 5 25578 5372 1.5 15 10 6 12 21% 9954 168396 8849 11%
c i  4.93 73 46 0 11 2463 5 25751 4873 1.5 15 10 6 12 21% 9958 168396 8835 11%
c
c seconds  switched    rate        size/glue  tier1     binary         remaining
c        MB  reductions  conflicts       size   tier2      irredundant
c         level   restarts    redundant     glue    trail         variables
c
c -  4.99 74 48 0 12 2621 5 26788 4429 1.5 15 10 6 11 21% 9971 168278 8835 11%
c c  5.03 80 48 0 12 2748 5 27502 5094 1.5 15 10 6 11 21% 9992 168204 8814 11%
c d  5.04 80 48 0 12 2748 5 27502 5092 1.5 15 10 6 11 21% 10018 168176 8814 11%
c b  5.05 80 48 0 12 2748 5 27502 5092 1.5 15 10 6 11 21% 10018 168176 8804 11%
c u  5.06 81 48 0 12 2748 5 27502 4914 1.5 15 10 6 11 21% 10018 168176 8804 11%
c v  5.08 81 48 0 12 2748 5 27502 4771 1.5 15 10 6 11 21% 10018 168176 8804 11%
c w  5.08 81 48 0 12 2748 5 27502 4768 1.5 15 10 6 11 21% 10018 168176 8804 11%
c =  5.15 85 48 0 12 2748 5 27502 4768 1.5 15 10 6 11 21% 10018 168121 8794 11%
c t  5.15 85 48 0 12 2748 5 27502 4768 1.5 15 10 6 11 21% 9900 168072 8792 11%
c f  5.17 85 48 0 12 2748 5 27502 4768 1.5 15 10 6 11 21% 9929 167760 8859 11%
c b  5.18 85 48 0 12 2748 5 27502 4768 1.5 15 10 6 11 21% 9934 167750 8854 11%
c u  5.19 85 48 0 12 2748 5 27502 4666 1.5 15 10 6 11 21% 9934 167750 8854 11%
c v  5.20 85 48 0 12 2748 5 27502 4472 1.5 15 10 6 11 21% 9934 167750 8854 11%
c w  5.21 85 48 0 12 2748 5 27502 4469 1.5 15 10 6 11 21% 9934 167750 8854 11%
c =  5.28 85 48 0 12 2748 5 27502 4469 1.5 15 10 6 11 21% 9975 167630 8824 11%
c d  5.28 85 48 0 12 2748 5 27502 4469 1.5 15 10 6 11 21% 10010 167549 8824 11%
c t  5.28 85 48 0 12 2748 5 27502 4469 1.5 15 10 6 11 21% 10001 167549 8820 11%
c b  5.29 85 48 0 12 2748 5 27502 4469 1.5 15 10 6 11 21% 10001 167549 8819 11%
c f  5.30 85 48 0 12 2748 5 27502 4469 1.5 15 10 6 11 21% 10015 167471 8837 11%
c i  5.35 85 51 0 12 2957 5 28831 5711 1.5 15 10 6 11 21% 10022 167471 8826 11%
c
c seconds  switched    rate        size/glue  tier1     binary         remaining
c        MB  reductions  conflicts       size   tier2      irredundant
c         level   restarts    redundant     glue    trail         variables
c
c -  5.38 85 49 0 13 3039 5 30252 5131 1.5 15 10 6 11 21% 9835 167467 8826 11%
c i  5.48 85 49 0 13 3355 6 32134 6880 1.5 15 10 6 11 21% 9838 167462 8818 11%
c -  5.50 85 48 0 14 3397 5 33857 6215 1.5 15 10 6 11 20% 9774 167461 8797 11%
c -  5.53 85 44 0 15 3418 5 37599 6699 1.5 14 10 5 11 19% 9776 167461 8797 11%
c -  5.57 85 40 0 16 3418 4 41472 7684 1.5 14 9 5 10 18% 9778 167461 8797 11%
c c  5.59 85 40 0 16 3418 4 41989 7960 1.5 14 9 5 10 18% 9812 167249 8795 11%
c d  5.59 85 40 0 16 3418 4 41989 7960 1.5 14 9 5 10 18% 9881 167176 8795 11%
c d  5.59 85 40 0 16 3418 4 41989 7960 1.5 14 9 5 10 18% 9869 167165 8789 11%
c b  5.60 85 40 0 16 3418 4 41989 7960 1.5 14 9 5 10 18% 9869 167165 8681 11%
c u  5.61 85 40 0 16 3418 4 41989 7923 1.5 14 9 5 10 18% 9864 167165 8681 11%
c v  5.62 85 40 0 16 3418 4 41989 6806 1.5 14 9 5 10 18% 9869 167165 8680 11%
c =  5.68 85 40 0 16 3418 4 41989 6806 1.5 14 9 5 10 18% 9917 166641 8657 11%
c d  5.68 85 40 0 16 3418 4 41989 3864 1.5 14 9 5 10 18% 9907 166588 8657 11%
c d  5.68 85 40 0 16 3418 4 41989 3864 1.5 14 9 5 10 18% 9905 166586 8656 11%
c t  5.69 85 40 0 16 3418 4 41989 3864 1.5 14 9 5 10 18% 9867 166586 8656 11%
c f  5.70 85 40 0 16 3418 4 41989 3864 1.5 14 9 5 10 18% 9865 166582 8657 11%
c u  5.72 85 40 0 16 3418 4 41989 3828 1.5 14 9 5 10 18% 9865 166582 8657 11%
c v  5.74 85 40 0 16 3418 4 41989 3765 1.5 14 9 5 10 18% 9865 166582 8657 11%
c =  5.79 85 40 0 16 3418 4 41989 3765 1.5 14 9 5 10 18% 9918 166518 8633 11%
c d  5.79 85 40 0 16 3418 4 41989 3762 1.5 14 9 5 10 18% 9852 166518 8633 11%
c
c seconds  switched    rate        size/glue tier1     binary         remaining
c        MB  reductions  conflicts       size  tier2      irredundant
c         level   restarts    redundant    glue    trail         variables
c
c t  5.80 85 40 0 16 3418 4 41989 3762 1.5 14 9 5 10 18% 9845 166518 8633 11%
c f  5.80 85 40 0 16 3418 4 41989 3762 1.5 14 9 5 10 18% 9843 166512 8634 11%
c i  5.81 85 40 0 16 3418 4 41989 3762 1.5 14 9 5 10 18% 9843 166512 8634 11%
c o  5.81 85 40 0 16 3418 4 41989 3762 1.5 14 9 5 10 18% 9843 166512 8634 11%
c i  5.81 85 40 0 16 3418 4 41994 3763 1.5 14 9 5 10 18% 9845 166512 8633 11%
c i  5.81 85 40 0 16 3418 4 42012 3778 1.5 14 9 5 10 18% 9845 166512 8631 11%
c -  5.98 85 41 0 17 4092 5 45473 5197 1.5 14 9 5 10 19% 9659 166500 8625 11%
c i  6.03 85 40 0 17 4177 5 48032 7438 1.5 14 9 5 10 18% 9659 166500 8622 11%
c -  6.10 85 40 0 18 4465 5 49596 6697 1.5 14 9 5 10 18% 9654 166493 8622 11%
c s  6.34 85 42 0 18 5224 5 52988 9937 1.5 15 10 5 10 19% 9701 164357 8622 11%
c e  6.37 85 42 0 18 5224 5 52988 9937 1.5 15 10 5 10 19% 8460 167415 7522 10%
c 2  6.37 85 42 0 18 5224 5 52988 9937 1.5 15 10 5 10 19% 8459 167415 7522 10%
c s  6.40 85 42 0 18 5224 5 52988 9937 1.5 15 10 5 10 19% 8570 165394 7521 10%
c e  6.41 85 42 0 18 5224 5 52988 9937 1.5 15 10 5 10 19% 8495 165499 7494 10%
c ^  6.41 85 42 0 18 5224 5 52988 9937 1.5 15 10 5 10 19% 8495 165499 7494 10%
c -  6.46 86 42 0 19 5388 5 53838 7387 1.5 15 10 5 11 19% 8506 165486 7494 10%
c i  6.47 94 42 0 19 5427 5 53989 7526 1.5 15 10 5 11 19% 8508 165485 7491 10%
c i  6.52 95 42 0 19 5583 6 54909 8401 1.5 15 10 5 11 19% 8513 165483 7490 10%
c i  6.60 95 44 0 19 5852 6 56584 9945 1.5 15 10 5 11 19% 8515 165481 7489 10%
c i  6.63 96 44 0 19 6018 6 57400 10720 1.5 15 10 5 11 19% 8516 165480 7483 10%
c
c seconds  switched    rate         size/glue  tier1     binary         remaining
c        MB  reductions  conflicts        size   tier2      irredundant
c         level   restarts     redundant     glue    trail         variables
c
c i  6.63 96 44 0 19 6029 6 57495 10809 1.5 15 10 5 11 19% 8518 165480 7479 10%
c -  6.66 96 44 0 20 6143 6 58196 8138 1.5 15 10 5 11 19% 8471 165480 7477 10%
c d  6.71 96 43 0 20 6279 6 59807 9418 1.5 15 10 5 11 19% 8512 163536 7475 10%
c b  6.72 96 43 0 20 6279 6 59807 9418 1.5 15 10 5 11 19% 8512 163536 7440 9%
c u  6.74 96 43 0 20 6279 6 59807 8841 1.5 15 10 5 11 19% 8509 163536 7440 9%
c v  6.76 96 43 0 20 6279 6 59807 8714 1.5 15 10 5 11 19% 8510 163536 7440 9%
c w  6.77 96 43 0 20 6279 6 59807 8703 1.5 15 10 5 11 19% 8510 163536 7440 9%
c =  6.90 98 43 0 20 6279 6 59807 8703 1.5 15 10 5 11 19% 8867 162923 7293 9%
c d  6.90 98 43 0 20 6279 6 59807 8684 1.5 15 10 5 11 19% 8467 162923 7293 9%
c t  6.91 98 43 0 20 6279 6 59807 8684 1.5 15 10 5 11 19% 8333 162923 7292 9%
c f  6.93 98 43 0 20 6279 6 59807 8684 1.5 15 10 5 11 19% 8503 161528 7433 9%
c c  6.96 98 43 0 20 6279 6 59807 8679 1.5 15 10 5 11 19% 8456 161509 7429 9%
c d  6.96 98 43 0 20 6279 6 59807 8679 1.5 15 10 5 11 19% 8454 161505 7429 9%
c b  6.96 98 43 0 20 6279 6 59807 8679 1.5 15 10 5 11 19% 8454 161505 7422 9%
c u  7.00 98 43 0 20 6279 6 59807 8442 1.5 15 10 5 11 19% 8450 161505 7422 9%
c v  7.03 98 43 0 20 6279 6 59807 8373 1.5 15 10 5 11 19% 8450 161505 7422 9%
c w  7.06 98 43 0 20 6279 6 59807 8363 1.5 15 10 5 11 19% 8450 161505 7422 9%
c =  7.17 98 43 0 20 6279 6 59807 8363 1.5 15 10 5 11 19% 8640 161223 7326 9%
c d  7.17 98 43 0 20 6279 6 59807 8359 1.5 15 10 5 11 19% 8438 161179 7326 9%
c t  7.18 98 43 0 20 6279 6 59807 8359 1.5 15 10 5 11 19% 8366 161179 7326 9%
c
c seconds  switched    rate        size/glue  tier1     binary        remaining
c        MB  reductions  conflicts       size   tier2      irredundant
c         level   restarts    redundant     glue    trail         variables
c
c -  7.31 98 44 0 21 6725 6 62669 7965 1.5 15 10 5 11 19% 8323 161175 7326 9%
c i  7.32 98 44 0 21 6748 6 62768 8058 1.5 15 10 5 11 19% 8324 161173 7324 9%
c i  7.32 98 44 0 21 6748 6 62838 8108 1.5 15 10 5 11 19% 8329 161173 7320 9%
c -  7.50 100 45 0 22 7257 6 67251 9017 1.5 15 10 5 11 20% 8314 161168 7316 9%
c i  7.50 100 45 0 22 7273 6 67346 9108 1.5 15 10 5 11 20% 8314 161168 7315 9%
c -  7.66 101 45 0 23 7618 6 71941 9745 1.5 15 10 5 11 20% 8314 161168 7315 9%
c o  7.67 101 44 0 23 7630 6 72408 10187 1.5 15 10 5 11 20% 8314 161168 7315 9%
c i  7.74 110 46 0 23 7903 6 73771 11476 1.5 15 10 5 11 20% 8319 161164 7314 9%
c -  7.87 111 46 0 24 8172 6 76736 10677 1.6 16 10 5 11 20% 8321 161163 7314 9%
c d  8.05 112 46 0 24 8727 6 81057 14445 1.6 16 10 5 11 20% 8342 159360 7310 9%
c b  8.05 112 46 0 24 8727 6 81057 14445 1.6 16 10 5 11 20% 8342 159360 7303 9%
c u  8.09 112 46 0 24 8727 6 81057 14291 1.6 16 10 5 11 20% 8338 159360 7303 9%
c v  8.12 112 46 0 24 8727 6 81057 14176 1.6 16 10 5 11 20% 8338 159360 7303 9%
c w  8.14 112 46 0 24 8727 6 81057 14173 1.6 16 10 5 11 20% 8338 159360 7303 9%
c =  8.25 98 46 0 24 8727 6 81057 14173 1.6 16 10 5 11 20% 8720 158823 7127 9%
c d  8.26 98 46 0 24 8727 6 81057 14154 1.6 16 10 5 11 20% 8280 158797 7127 9%
c t  8.26 98 46 0 24 8727 6 81057 14154 1.6 16 10 5 11 20% 8181 158797 7116 9%
c f  8.27 98 46 0 24 8727 6 81057 14154 1.6 16 10 5 11 20% 8181 158789 7117 9%
c b  8.28 99 46 0 24 8727 6 81057 14153 1.6 16 10 5 11 20% 8207 158724 7111 9%
c u  8.32 101 46 0 24 8727 6 81057 13917 1.6 16 10 5 11 20% 8214 158724 7111 9%
c
c seconds   switched    rate         size/glue  tier1     binary        remaining
c         MB  reductions  conflicts        size   tier2      irredundant
c          level   restarts     redundant     glue    trail         variables
c
c v  8.36 101 46 0 24 8727 6 81057 13823 1.6 16 10 5 11 20% 8214 158724 7111 9%
c w  8.38 101 46 0 24 8727 6 81057 13810 1.6 16 10 5 11 20% 8214 158724 7111 9%
c =  8.49 104 46 0 24 8727 6 81057 13810 1.6 16 10 5 11 20% 8366 158502 7040 9%
c d  8.50 104 46 0 24 8727 6 81057 13807 1.6 16 10 5 11 20% 8187 158491 7040 9%
c t  8.50 104 46 0 24 8727 6 81057 13807 1.6 16 10 5 11 20% 8154 158491 7040 9%
c -  8.54 104 46 0 25 8849 6 81634 10859 1.6 16 10 5 11 20% 8058 158491 7040 9%
c -  8.69 104 48 0 26 9152 5 86634 11881 1.6 16 10 5 11 21% 8064 158489 7040 9%
c i  8.78 104 48 0 26 9387 5 89459 14498 1.6 16 10 5 11 21% 8069 158485 7036 9%
c i  8.78 104 48 0 26 9387 5 89462 14498 1.6 16 10 5 11 21% 8071 158485 7021 9%
c -  8.88 113 49 0 27 9621 5 91734 13163 1.6 16 10 5 11 21% 8040 158479 7021 9%
c i  9.05 114 48 0 27 10103 5 96273 17338 1.6 16 10 5 11 21% 8056 158475 7020 9%
c -  9.08 97 48 0 28 10198 5 96932 14179 1.6 16 10 5 11 21% 8041 158475 7015 9%
c s  9.15 97 48 0 28 10204 5 97092 14336 1.6 16 10 5 11 21% 8097 156270 7007 9%
c e  9.18 100 48 0 28 10204 5 97092 14336 1.6 16 10 5 11 21% 7008 160186 6094 8%
c 2  9.18 100 48 0 28 10204 5 97092 14336 1.6 16 10 5 11 21% 6992 160186 6094 8%
c s  9.23 100 48 0 28 10204 5 97092 14336 1.6 16 10 5 11 21% 7089 158755 6094 8%
c e  9.25 100 48 0 28 10204 5 97092 14336 1.6 16 10 5 11 21% 7022 158985 6045 8%
c ^  9.25 100 48 0 28 10204 5 97092 14336 1.6 16 10 5 11 21% 7022 158985 6045 8%
c -  9.49 109 48 0 29 10750 5 102223 13973 1.6 16 10 5 11 21% 7039 158965 6045 8%
c i  9.61 110 48 0 29 10991 5 105707 17144 1.6 16 10 5 11 21% 7039 158963 6044 8%
c
c seconds   switched     rate          size/glue  tier1     binary        remaining
c         MB  reductions   conflicts         size   tier2      irredundant
c          level   restarts       redundant     glue    trail         variables
c
c d  9.62 110 48 0 29 11009 5 105877 17298 1.6 16 10 5 11 21% 7051 158925 6040 8%
c u  9.66 110 48 0 29 11009 5 105877 17159 1.6 16 10 5 11 21% 7043 158925 6040 8%
c v  9.68 110 48 0 29 11009 5 105877 17059 1.6 16 10 5 11 21% 7043 158925 6040 8%
c w  9.69 110 48 0 29 11009 5 105877 17052 1.6 16 10 5 11 21% 7043 158925 6040 8%
c x  9.72 110 48 0 29 11009 5 105877 17047 1.6 16 10 5 11 21% 7043 158671 6040 8%
c t  9.84 91 48 0 29 11009 5 105877 17047 1.6 16 10 5 11 21% 6959 158671 6040 8%
c f  9.87 91 48 0 29 11009 5 105877 17047 1.6 16 10 5 11 21% 6993 158340 6066 8%
c c  9.89 107 48 0 29 11009 5 105877 17047 1.6 16 10 5 11 21% 7031 158333 6065 8%
c d  9.90 107 48 0 29 11009 5 105877 17047 1.6 16 10 5 11 21% 7029 158333 6065 8%
c u  9.93 108 48 0 29 11009 5 105877 16773 1.6 16 10 5 11 21% 7026 158333 6065 8%
c v  9.96 109 48 0 29 11009 5 105877 16618 1.6 16 10 5 11 21% 7026 158333 6065 8%
c w  9.98 109 48 0 29 11009 5 105877 16613 1.6 16 10 5 11 21% 7026 158333 6065 8%
c t  9.99 109 48 0 29 11009 5 105877 16613 1.6 16 10 5 11 21% 7001 158333 6065 8%
c - 10.07 110 48 0 30 11269 5 107608 14360 1.6 16 10 5 11 21% 7003 158332 6065 8%
c - 10.28 110 48 0 31 11745 5 113085 15337 1.6 16 10 5 11 21% 7007 158332 6065 8%
c o 10.34 110 46 0 31 11783 5 116969 18275 1.6 16 10 5 11 21% 7007 158332 6065 8%
c - 10.42 110 46 0 32 11972 5 118652 15865 1.6 16 10 5 11 21% 7007 158332 6065 8%
c - 10.60 88 45 0 33 12829 5 124308 16623 1.6 16 11 5 12 21% 7007 158332 6065 8%
c - 10.80 93 46 0 34 13258 5 130052 17808 1.6 17 11 5 12 21% 7012 158331 6065 8%
c i 10.83 93 45 0 34 13306 5 131114 18803 1.6 17 11 5 12 21% 7014 158329 6061 8%
c
c seconds  switched     rate          size/glue  tier1     binary        remaining
c        MB  reductions   conflicts         size   tier2      irredundant
c         level   restarts       redundant     glue    trail         variables
c
c u 10.94 93 44 0 34 13367 5 134345 21663 1.6 17 10 5 12 21% 7028 158280 6061 8%
c v 10.97 93 44 0 34 13367 5 134345 21558 1.6 17 10 5 12 21% 7028 158280 6061 8%
c w 10.98 93 44 0 34 13367 5 134345 21547 1.6 17 10 5 12 21% 7028 158280 6061 8%
c x 11.00 94 44 0 34 13367 5 134345 21546 1.6 17 10 5 12 21% 7028 158273 6061 8%
c t 11.08 95 44 0 34 13367 5 134345 21546 1.6 17 10 5 12 21% 7022 158273 6061 8%
c - 11.15 103 44 0 35 13432 5 135883 19151 1.6 17 10 5 12 21% 7005 158272 6061 8%
c - 11.34 106 44 0 36 14046 5 141800 20228 1.6 17 11 5 12 21% 7010 158266 6061 8%
c - 11.53 116 43 0 37 14515 5 147801 21037 1.6 17 11 5 12 20% 7014 158265 6061 8%
c - 11.78 117 43 0 38 15130 5 153886 22052 1.6 17 11 5 12 21% 7017 158258 6061 8%
c s 12.03 129 45 0 38 15446 5 159658 27202 1.6 17 11 5 12 21% 7046 157490 6061 8%
c e 12.08 131 45 0 38 15446 5 159658 27202 1.6 17 11 5 12 21% 6346 161768 5486 7%
c 2 12.08 131 45 0 38 15446 5 159658 27202 1.6 17 11 5 12 21% 6338 161768 5486 7%
c s 12.14 131 45 0 38 15446 5 159658 27202 1.6 17 11 5 12 21% 6403 160034 5486 7%
c e 12.15 131 45 0 38 15446 5 159658 27202 1.6 17 11 5 12 21% 6329 160376 5442 7%
c ^ 12.15 131 45 0 38 15446 5 159658 27202 1.6 17 11 5 12 21% 6329 160376 5442 7%
c - 12.18 131 45 0 39 15495 5 160050 20916 1.6 17 11 5 12 21% 6329 160376 5442 7%
c - 12.44 142 50 0 40 16049 5 166295 22439 1.6 17 11 5 12 22% 6334 160374 5442 7%
c b 12.46 142 50 0 40 16067 5 166571 22693 1.6 17 11 5 12 22% 6335 160373 5439 7%
c u 12.50 142 50 0 40 16067 5 166571 22531 1.6 17 11 5 12 22% 6327 160373 5439 7%
c v 12.55 142 50 0 40 16067 5 166571 22380 1.6 17 11 5 12 22% 6327 160373 5439 7%
c
c seconds   switched     rate          size/glue  tier1     binary        remaining
c         MB  reductions   conflicts         size   tier2      irredundant
c          level   restarts       redundant     glue    trail         variables
c
c w 12.56 142 50 0 40 16067 5 166571 22371 1.6 17 11 5 12 22% 6327 160373 5439 7%
c t 12.57 142 50 0 40 16067 5 166571 22371 1.6 17 11 5 12 22% 6285 160333 5439 7%
c f 12.60 142 50 0 40 16067 5 166571 22371 1.6 17 11 5 12 22% 6271 160111 5450 7%
c u 12.66 142 50 0 40 16067 5 166571 22090 1.6 17 11 5 12 22% 6271 160111 5450 7%
c v 12.69 142 50 0 40 16067 5 166571 21709 1.6 17 11 5 12 22% 6271 160111 5450 7%
c w 12.69 142 50 0 40 16067 5 166571 21695 1.6 17 11 5 12 22% 6271 160111 5450 7%
c o 12.72 142 49 0 40 16133 5 166984 22098 1.6 17 11 5 12 22% 6271 160111 5450 7%
c - 12.95 126 49 0 41 16639 5 172619 22963 1.6 17 11 5 12 22% 6273 160108 5450 7%
c - 13.22 126 48 0 42 17215 5 179026 23961 1.6 17 11 5 12 22% 6279 160103 5450 7%
c - 13.49 99 49 0 43 17842 5 185507 24981 1.6 17 11 5 12 22% 6281 160099 5450 7%
c - 13.75 101 51 0 44 18300 5 192064 26052 1.6 18 11 5 12 22% 6284 160099 5450 7%
c i 13.86 102 50 0 44 18574 5 195297 28980 1.6 18 11 5 12 22% 6284 160097 5449 7%
c - 14.00 102 50 0 45 18881 5 198697 27003 1.6 18 11 5 12 22% 6272 160095 5446 7%
c u 14.24 81 50 0 45 19318 5 202662 30586 1.6 18 11 5 12 22% 6286 160059 5446 7%
c v 14.27 81 50 0 45 19318 5 202662 30262 1.6 18 11 5 12 22% 6286 160059 5446 7%
c w 14.29 81 50 0 45 19318 5 202662 30254 1.6 18 11 5 12 22% 6286 160059 5446 7%
c x 14.33 82 50 0 45 19318 5 202662 30254 1.6 18 11 5 12 22% 6286 159957 5446 7%
c = 14.53 84 50 0 45 19318 5 202662 30254 1.6 18 11 5 12 22% 6292 159933 5435 7%
c d 14.54 84 50 0 45 19318 5 202662 30254 1.6 18 11 5 12 22% 6295 159904 5435 7%
c t 14.54 84 50 0 45 19318 5 202662 30254 1.6 18 11 5 12 22% 6285 159904 5435 7%
c
c seconds  switched     rate          size/glue  tier1     binary        remaining
c        MB  reductions   conflicts         size   tier2      irredundant
c         level   restarts       redundant     glue    trail         variables
c
c u 14.63 92 50 0 45 19318 5 202662 29857 1.6 18 11 5 12 22% 6274 159904 5435 7%
c v 14.67 93 50 0 45 19318 5 202662 29691 1.6 18 11 5 12 22% 6274 159904 5435 7%
c w 14.69 93 50 0 45 19318 5 202662 29685 1.6 18 11 5 12 22% 6274 159904 5435 7%
c t 14.70 93 50 0 45 19318 5 202662 29685 1.6 18 11 5 12 22% 6265 159904 5435 7%
c - 14.85 94 50 0 46 19619 5 205407 27275 1.6 18 11 5 12 22% 6266 159904 5435 7%
c - 15.12 95 49 0 47 20321 5 212190 28101 1.6 18 11 5 12 22% 6272 159899 5435 7%
c - 15.39 96 48 0 48 20866 5 219045 28862 1.6 18 11 5 12 23% 6273 159895 5435 7%
c i 15.64 98 47 0 48 21211 5 225415 34804 1.7 18 11 5 12 23% 6277 159894 5433 7%
c - 15.66 77 47 0 49 21214 5 225976 29773 1.7 18 11 5 12 23% 6270 159893 5433 7%
c o 15.70 77 47 0 49 21274 4 226990 30701 1.7 18 11 5 12 23% 6271 159893 5433 7%
c - 15.93 78 45 0 50 21738 4 232978 26472 1.7 18 11 4 12 23% 6275 159889 5433 7%
c - 16.13 81 43 0 51 21942 4 240049 28050 1.7 18 11 5 12 22% 6276 159888 5433 7%
c s 16.31 78 43 0 51 22151 4 242488 30245 1.7 18 11 5 12 22% 6293 158177 5433 7%
c e 16.36 83 43 0 51 22151 4 242488 30245 1.7 18 11 5 12 22% 5384 167739 4707 6%
c 2 16.36 83 43 0 51 22151 4 242488 30245 1.7 18 11 5 12 22% 5380 167739 4707 6%
c s 16.47 83 43 0 51 22151 4 242488 30245 1.7 18 11 5 12 22% 5432 164271 4707 6%
c e 16.50 83 43 0 51 22151 4 242488 30245 1.7 18 11 5 12 22% 5367 164963 4659 6%
c ! 16.50 83 43 0 51 22151 4 242488 30245 1.7 18 11 5 12 22% 5367 164963 4659 6%
c u 16.55 83 43 0 51 22160 4 242660 24768 1.7 18 11 5 12 22% 5371 164957 4659 6%
c v 16.58 83 43 0 51 22160 4 242660 24628 1.7 18 11 5 12 22% 5371 164957 4659 6%
c
c seconds  switched     rate          size/glue  tier1     binary        remaining
c        MB  reductions   conflicts         size   tier2      irredundant
c         level   restarts       redundant     glue    trail         variables
c
c w 16.60 83 43 0 51 22160 4 242660 24624 1.7 18 11 5 12 22% 5371 164957 4659 6%
c x 16.63 84 43 0 51 22160 4 242660 24587 1.7 18 11 5 12 22% 5371 164950 4659 6%
c = 16.83 86 43 0 51 22160 4 242660 24587 1.7 18 11 5 12 22% 5375 164918 4652 6%
c d 16.83 86 43 0 51 22160 4 242660 24587 1.7 18 11 5 12 22% 5389 164891 4652 6%
c t 16.83 86 43 0 51 22160 4 242660 24587 1.7 18 11 5 12 22% 5337 164891 4652 6%
c f 16.88 86 43 0 51 22160 4 242660 24587 1.7 18 11 5 12 22% 5410 162983 4733 6%
c u 16.93 94 43 0 51 22160 4 242660 24225 1.7 18 11 5 12 22% 5410 162983 4733 6%
c v 16.96 95 43 0 51 22160 4 242660 24152 1.7 18 11 5 12 22% 5410 162983 4733 6%
c w 16.98 95 43 0 51 22160 4 242660 24148 1.7 18 11 5 12 22% 5410 162983 4733 6%
c x 17.01 88 43 0 51 22160 4 242660 24138 1.7 18 11 5 12 22% 5410 162737 4733 6%
c = 17.21 90 43 0 51 22160 4 242660 24138 1.7 18 11 5 12 22% 5416 162722 4729 6%
c d 17.21 90 43 0 51 22160 4 242660 24138 1.7 18 11 5 12 22% 5415 162705 4729 6%
c t 17.22 90 43 0 51 22160 4 242660 24138 1.7 18 11 5 12 22% 5410 162705 4729 6%
c - 17.43 93 43 0 52 22707 4 247190 21798 1.7 18 11 4 12 22% 5375 162705 4729 6%
c - 17.67 73 42 0 53 23373 4 254402 22200 1.7 18 11 4 12 22% 5382 162700 4729 6%
c - 17.95 74 43 0 54 24023 4 261683 22736 1.7 18 11 4 12 22% 5386 162696 4729 6%
c - 18.23 78 43 0 55 24550 4 269034 23564 1.7 18 11 4 12 22% 5392 162692 4729 6%
c - 18.52 81 44 0 56 25205 4 276452 24129 1.7 19 11 4 12 22% 5394 162692 4729 6%
c - 18.72 82 46 0 57 25239 4 283936 25764 1.7 19 11 4 11 23% 5399 162692 4729 6%
c i 18.75 82 47 0 57 25251 4 284206 26011 1.7 19 11 4 11 23% 5403 162691 4727 6%
c
c seconds  switched     rate          size/glue  tier1     binary        remaining
c        MB  reductions   conflicts         size   tier2      irredundant
c         level   restarts       redundant     glue    trail         variables
c
c b 18.85 84 47 0 57 25404 4 286685 28339 1.7 19 11 4 11 23% 5410 162656 4710 6%
c u 18.89 84 47 0 57 25404 4 286685 27636 1.7 19 11 4 11 23% 5413 162656 4710 6%
c v 18.92 85 47 0 57 25404 4 286685 27405 1.7 19 11 4 11 23% 5413 162656 4710 6%
c w 18.95 85 47 0 57 25404 4 286685 27402 1.7 19 11 4 11 23% 5413 162656 4710 6%
c x 18.98 85 47 0 57 25404 4 286685 27402 1.7 19 11 4 11 23% 5433 162052 4710 6%
c = 19.21 87 47 0 57 25404 4 286685 27402 1.7 19 11 4 11 23% 5439 162027 4703 6%
c d 19.21 87 47 0 57 25404 4 286685 27400 1.7 19 11 4 11 23% 5445 161989 4703 6%
c t 19.22 87 47 0 57 25404 4 286685 27400 1.7 19 11 4 11 23% 5435 161989 4701 6%
c b 19.22 87 47 0 57 25404 4 286685 27400 1.7 19 11 4 11 23% 5435 161989 4697 6%
c u 19.29 87 47 0 57 25404 4 286685 27055 1.7 19 11 4 11 23% 5447 161904 4697 6%
c v 19.32 87 47 0 57 25404 4 286685 27002 1.7 19 11 4 11 23% 5447 161904 4697 6%
c w 19.34 87 47 0 57 25404 4 286685 26992 1.7 19 11 4 11 23% 5447 161904 4697 6%
c x 19.37 88 47 0 57 25404 4 286685 26991 1.7 19 11 4 11 23% 5447 161576 4697 6%
c = 19.58 88 47 0 57 25404 4 286685 26991 1.7 19 11 4 11 23% 5451 161541 4693 6%
c d 19.58 88 47 0 57 25404 4 286685 26991 1.7 19 11 4 11 23% 5455 161526 4693 6%
c t 19.59 88 47 0 57 25404 4 286685 26991 1.7 19 11 4 11 23% 5454 161526 4693 6%
c - 19.73 89 47 0 58 25715 4 291485 25779 1.7 18 11 4 11 23% 5367 161522 4693 6%
c o 19.94 82 46 0 58 26265 4 297027 30930 1.7 18 11 4 11 22% 5368 161513 4693 6%
c - 20.04 82 46 0 59 26448 4 299101 26390 1.7 18 11 4 11 23% 5370 161512 4693 6%
c - 20.32 86 45 0 60 26878 4 306782 26903 1.7 19 11 4 11 22% 5372 161512 4693 6%
c
c seconds  switched     rate          size/glue  tier1     binary        remaining
c        MB  reductions   conflicts         size   tier2      irredundant
c         level   restarts       redundant     glue    trail         variables
c
c i 20.39 86 45 0 60 27085 4 308419 28451 1.7 19 11 4 11 22% 5372 161512 4692 6%
c - 20.68 81 45 0 61 27586 4 314527 27560 1.7 19 11 4 11 22% 5370 161510 4692 6%
c - 21.01 83 44 0 62 28189 4 322338 28133 1.7 19 11 4 11 22% 5377 161510 4692 6%
c - 21.33 86 44 0 63 29031 4 330213 28346 1.7 19 11 4 12 22% 5381 161509 4692 6%
c d 21.49 90 43 0 63 29395 4 334761 32196 1.7 19 11 4 12 22% 5382 161500 4691 6%
c b 21.50 90 43 0 63 29395 4 334761 32196 1.7 19 11 4 12 22% 5382 161500 4676 6%
c u 21.55 90 43 0 63 29395 4 334761 31786 1.7 19 11 4 12 22% 5383 161500 4676 6%
c v 21.59 90 43 0 63 29395 4 334761 31702 1.7 19 11 4 12 22% 5383 161500 4676 6%
c w 21.60 90 43 0 63 29395 4 334761 31679 1.7 19 11 4 12 22% 5383 161500 4676 6%
c x 21.65 91 43 0 63 29395 4 334761 31679 1.7 19 11 4 12 22% 5405 161251 4676 6%
c = 21.90 93 43 0 63 29395 4 334761 31679 1.7 19 11 4 12 22% 5407 161248 4675 6%
c d 21.90 93 43 0 63 29395 4 334761 31679 1.7 19 11 4 12 22% 5404 161248 4675 6%
c t 21.91 93 43 0 63 29395 4 334761 31679 1.7 19 11 4 12 22% 5397 161248 4675 6%
c u 21.99 101 43 0 63 29395 4 334761 31354 1.7 19 11 4 12 22% 5398 161248 4675 6%
c v 22.03 101 43 0 63 29395 4 334761 31195 1.7 19 11 4 12 22% 5398 161248 4675 6%
c w 22.04 101 43 0 63 29395 4 334761 31167 1.7 19 11 4 12 22% 5398 161248 4675 6%
c x 22.08 101 43 0 63 29395 4 334761 31167 1.7 19 11 4 12 22% 5398 160720 4675 6%
c = 22.33 86 43 0 63 29395 4 334761 31167 1.7 19 11 4 12 22% 5410 160703 4669 6%
c d 22.33 86 43 0 63 29395 4 334761 31167 1.7 19 11 4 12 22% 5395 160703 4669 6%
c t 22.34 86 43 0 63 29395 4 334761 31167 1.7 19 11 4 12 22% 5376 160703 4669 6%
c
c seconds  switched     rate          size/glue  tier1     binary        remaining
c        MB  reductions   conflicts         size   tier2      irredundant
c         level   restarts       redundant     glue    trail         variables
c
c - 22.48 87 43 0 64 29567 4 338150 27971 1.7 19 11 4 12 22% 5379 160703 4669 6%
c - 22.82 78 44 0 65 30250 4 346153 28918 1.7 19 11 4 12 22% 5384 160695 4669 6%
c s 22.97 78 43 0 65 30275 4 347212 29880 1.7 19 11 4 12 22% 5395 159355 4669 6%
c e 22.99 80 43 0 65 30275 4 347212 29880 1.7 19 11 4 12 22% 5267 160444 4582 6%
c s 23.09 80 43 0 65 30275 4 347212 29880 1.7 19 11 4 12 22% 5288 159777 4582 6%
c e 23.11 80 43 0 65 30275 4 347212 29880 1.7 19 11 4 12 22% 5271 159913 4572 6%
c - 23.37 82 43 0 66 30606 4 354216 29509 1.7 19 11 4 11 22% 5274 159908 4572 6%
c - 23.62 84 42 0 67 30826 4 362342 30402 1.7 19 11 4 11 22% 5274 159906 4572 6%
c - 23.92 86 41 0 68 31561 4 370529 30636 1.7 19 11 4 11 22% 5276 159902 4572 6%
c o 24.19 89 41 0 68 31916 4 377409 36946 1.7 19 11 4 11 22% 5276 159900 4572 6%
c - 24.27 82 42 0 69 32108 4 378776 31319 1.7 19 11 4 11 22% 5278 159900 4572 6%
c d 24.63 86 43 0 69 32947 4 386964 39004 1.7 19 11 4 11 23% 5279 159895 4571 6%
c b 24.63 86 43 0 69 32947 4 386964 39004 1.7 19 11 4 11 23% 5279 159895 4570 6%
c u 24.68 86 43 0 69 32947 4 386964 38608 1.7 19 11 4 11 23% 5276 159895 4570 6%
c v 24.72 87 43 0 69 32947 4 386964 38271 1.7 19 11 4 11 23% 5276 159895 4570 6%
c w 24.75 87 43 0 69 32947 4 386964 38271 1.7 19 11 4 11 23% 5276 159895 4570 6%
c x 24.81 87 43 0 69 32947 4 386964 38265 1.7 19 11 4 11 23% 5279 159761 4570 6%
c = 25.08 89 43 0 69 32947 4 386964 38265 1.7 19 11 4 11 23% 5281 159693 4563 6%
c d 25.08 89 43 0 69 32947 4 386964 38264 1.7 19 11 4 11 23% 5279 159677 4563 6%
c t 25.09 89 43 0 69 32947 4 386964 38264 1.7 19 11 4 11 23% 5258 159677 4563 6%
c
c seconds  switched     rate          size/glue  tier1     binary        remaining
c        MB  reductions   conflicts         size   tier2      irredundant
c         level   restarts       redundant     glue    trail         variables
c
c f 25.12 89 43 0 69 32947 4 386964 38264 1.7 19 11 4 11 23% 5273 159369 4577 6%
c u 25.18 97 43 0 69 32947 4 386964 37754 1.7 19 11 4 11 23% 5273 159369 4577 6%
c v 25.24 97 43 0 69 32947 4 386964 37688 1.7 19 11 4 11 23% 5274 159369 4577 6%
c w 25.26 97 43 0 69 32947 4 386964 37687 1.7 19 11 4 11 23% 5274 159369 4577 6%
c x 25.29 97 43 0 69 32947 4 386964 37684 1.7 19 11 4 11 23% 5274 159122 4577 6%
c = 25.55 97 43 0 69 32947 4 386964 37684 1.7 19 11 4 11 23% 5276 159119 4576 6%
c d 25.55 97 43 0 69 32947 4 386964 37682 1.7 19 11 4 11 23% 5273 159119 4576 6%
c t 25.56 97 43 0 69 32947 4 386964 37682 1.7 19 11 4 11 23% 5272 159119 4576 6%
c - 25.59 97 43 0 70 32972 4 387083 30967 1.7 19 11 4 11 23% 5251 159119 4576 6%
c - 25.96 108 42 0 71 33689 4 395449 31294 1.7 19 11 4 11 22% 5257 159115 4576 6%
c - 26.27 109 41 0 72 34196 4 403876 32406 1.7 19 11 4 11 22% 5261 159114 4576 6%
c i 26.40 118 41 0 72 34369 4 407767 35846 1.7 19 11 4 11 22% 5264 159112 4575 6%
c - 26.59 106 40 0 73 34666 4 412362 33331 1.7 19 11 4 11 22% 5262 159110 4575 6%
c - 26.89 118 43 0 74 35111 4 420906 34021 1.7 19 11 4 11 23% 5265 159106 4575 6%
c - 27.23 131 44 0 75 35765 4 429508 34370 1.7 19 11 4 11 23% 5269 159097 4575 6%
c - 27.55 123 43 0 76 36324 4 438169 34546 1.7 19 11 4 11 23% 5270 159093 4575 6%
c d 27.77 126 42 0 76 36587 4 443334 39404 1.7 19 11 4 11 23% 5277 159060 4574 6%
c b 27.77 126 42 0 76 36587 4 443334 39404 1.7 19 11 4 11 23% 5277 159060 4573 6%
c u 27.84 127 42 0 76 36587 4 443334 38841 1.7 19 11 4 11 23% 5278 159060 4546 6%
c v 27.89 127 42 0 76 36587 4 443334 38726 1.7 19 11 4 11 23% 5278 159060 4546 6%
c
c seconds   switched     rate          size/glue  tier1     binary        remaining
c         MB  reductions   conflicts         size   tier2      irredundant
c          level   restarts       redundant     glue    trail         variables
c
c w 27.92 127 42 0 76 36587 4 443334 38723 1.7 19 11 4 11 23% 5278 159060 4546 6%
c x 27.97 127 42 0 76 36587 4 443334 38669 1.7 19 11 4 11 23% 5318 158795 4546 6%
c = 28.25 105 42 0 76 36587 4 443334 38669 1.7 19 11 4 11 23% 5342 158740 4533 6%
c d 28.26 105 42 0 76 36587 4 443334 38547 1.7 19 11 4 11 23% 5307 158740 4533 6%
c t 28.27 105 42 0 76 36587 4 443334 38547 1.7 19 11 4 11 23% 5303 158740 4533 6%
c u 28.35 105 42 0 76 36587 4 443334 38295 1.7 19 11 4 11 23% 5304 158740 4533 6%
c v 28.40 105 42 0 76 36587 4 443334 38001 1.7 19 11 4 11 23% 5304 158740 4533 6%
c w 28.43 105 42 0 76 36587 4 443334 37990 1.7 19 11 4 11 23% 5304 158740 4533 6%
c x 28.48 106 42 0 76 36587 4 443334 37947 1.7 19 11 4 11 23% 5304 158732 4533 6%
c = 28.74 84 42 0 76 36587 4 443334 37947 1.7 19 11 4 11 23% 5320 158696 4524 6%
c d 28.75 84 42 0 76 36587 4 443334 37943 1.7 19 11 4 11 23% 5310 158682 4524 6%
c t 28.75 84 42 0 76 36587 4 443334 37943 1.7 19 11 4 11 23% 5306 158682 4524 6%
c i 28.77 84 42 0 76 36587 4 443334 37943 1.7 19 11 4 11 23% 5306 158682 4524 6%
c - 28.95 87 42 0 77 36962 4 446886 34379 1.7 19 11 4 11 23% 5264 158678 4524 6%
c - 29.30 90 41 0 78 37332 4 455660 35413 1.7 19 11 4 11 23% 5267 158676 4524 6%
c i 29.66 62 43 0 78 37818 4 464342 43544 1.7 19 11 4 11 23% 5272 158670 4491 6%
c - 29.67 62 43 0 79 37818 4 464492 36787 1.7 19 11 4 11 23% 5236 158670 4491 6%
c i 29.67 62 42 0 79 37818 4 464546 36806 1.7 19 11 4 11 23% 5241 158670 4490 6%
c o 29.79 65 42 0 79 37915 4 467618 39480 1.7 19 11 4 11 23% 5243 158669 4490 6%
c - 30.06 69 42 0 80 38416 4 473383 37666 1.7 19 11 4 11 23% 5240 158663 4490 6%
c
c seconds  switched     rate          size/glue  tier1     binary        remaining
c        MB  reductions   conflicts         size   tier2      irredundant
c         level   restarts       redundant     glue    trail         variables
c
c 2 30.16 70 42 0 80 38676 4 475148 39352 1.7 19 11 4 11 23% 5241 158657 4487 6%
c s 30.28 71 42 0 80 38676 4 475148 39352 1.7 19 11 4 11 23% 5258 157677 4487 6%
c e 30.30 73 42 0 80 38676 4 475148 39352 1.7 19 11 4 11 23% 5198 158210 4438 6%
c 2 30.30 73 42 0 80 38676 4 475148 39352 1.7 19 11 4 11 23% 5196 158210 4438 6%
c s 30.44 73 42 0 80 38676 4 475148 39352 1.7 19 11 4 11 23% 5206 157687 4438 6%
c e 30.44 73 42 0 80 38676 4 475148 39352 1.7 19 11 4 11 23% 5193 157783 4432 6%
c - 30.77 77 42 0 81 39440 4 482327 37689 1.7 19 11 4 11 23% 5191 157775 4432 6%
c - 31.13 81 41 0 82 39999 4 491331 37993 1.7 19 11 4 11 23% 5191 157774 4432 6%
c - 31.44 73 41 0 83 40515 4 500387 38067 1.7 19 11 4 11 23% 5192 157771 4432 6%
c u 31.62 76 40 0 83 40732 4 503959 41014 1.7 19 11 4 11 23% 5254 157709 4432 6%
c v 31.67 77 40 0 83 40732 4 503959 40807 1.7 19 11 4 11 23% 5254 157709 4432 6%
c w 31.69 77 40 0 83 40732 4 503959 40794 1.7 19 11 4 11 23% 5254 157709 4432 6%
c x 31.74 78 40 0 83 40732 4 503959 40790 1.7 19 11 4 11 23% 5254 157673 4432 6%
c = 32.06 68 40 0 83 40732 4 503959 40790 1.7 19 11 4 11 23% 5272 157655 4423 6%
c d 32.06 68 40 0 83 40732 4 503959 40788 1.7 19 11 4 11 23% 5244 157645 4420 6%
c t 32.07 68 40 0 83 40732 4 503959 40788 1.7 19 11 4 11 23% 5207 157645 4420 6%
c f 32.09 68 40 0 83 40732 4 503959 40788 1.7 19 11 4 11 23% 5216 157462 4429 6%
c u 32.16 78 40 0 83 40732 4 503959 40528 1.7 19 11 4 11 23% 5228 157462 4429 6%
c v 32.21 78 40 0 83 40732 4 503959 40380 1.7 19 11 4 11 23% 5228 157462 4429 6%
c w 32.23 78 40 0 83 40732 4 503959 40379 1.7 19 11 4 11 23% 5228 157462 4429 6%
c
c seconds  switched     rate          size/glue  tier1     binary        remaining
c        MB  reductions   conflicts         size   tier2      irredundant
c         level   restarts       redundant     glue    trail         variables
c
c x 32.27 78 40 0 83 40732 4 503959 40375 1.7 19 11 4 11 23% 5228 157021 4429 6%
c = 32.60 81 40 0 83 40732 4 503959 40375 1.7 19 11 4 11 23% 5255 156971 4416 6%
c d 32.60 65 40 0 83 40732 4 503959 40368 1.7 19 11 4 11 23% 5218 156971 4416 6%
c t 32.61 65 40 0 83 40732 4 503959 40368 1.7 19 11 4 11 23% 5210 156971 4416 6%
c i 32.69 66 41 0 83 40824 4 505378 41656 1.7 19 11 4 11 23% 5211 156971 4415 6%
c - 32.85 67 40 0 84 40960 4 509497 38150 1.7 19 11 4 11 23% 5202 156971 4413 6%
c - 33.23 70 40 0 85 41577 4 518662 39063 1.7 19 11 4 11 23% 5204 156967 4413 6%
c i 33.58 56 40 0 85 42326 4 526367 46032 1.7 19 11 4 11 23% 5214 156961 4368 6%
c - 33.64 57 40 0 86 42410 4 527884 39377 1.7 19 11 4 11 23% 5169 156961 4368 6%
c i 34.02 63 40 0 86 43135 4 536234 47169 1.7 19 11 4 11 23% 5177 156955 4367 6%
c - 34.09 64 40 0 87 43274 4 537157 40125 1.7 19 11 4 11 23% 5176 156955 4367 6%
c - 34.41 66 40 0 88 43447 4 546485 40130 1.7 19 11 4 11 23% 5178 156951 4367 6%
c i 34.46 66 40 0 88 43527 4 548021 41543 1.7 19 11 4 11 23% 5179 156951 4363 6%
c - 34.84 71 39 0 89 44180 4 555865 40226 1.7 19 11 4 11 24% 5177 156947 4363 6%
c - 35.23 62 39 0 90 44572 4 565298 40731 1.7 19 11 4 11 24% 5181 156944 4363 6%
c o 35.35 65 39 0 90 44861 4 567627 42953 1.7 19 11 4 11 24% 5181 156944 4363 6%
c c 35.46 72 39 0 90 45067 4 568871 44143 1.7 19 11 4 11 24% 5188 156212 4358 6%
c d 35.46 72 39 0 90 45067 4 568871 44122 1.7 19 11 4 11 24% 5266 156133 4358 6%
c d 35.47 72 39 0 90 45067 4 568871 44122 1.7 19 11 4 11 24% 5264 156131 4357 6%
c b 35.47 72 39 0 90 45067 4 568871 44122 1.7 19 11 4 11 24% 5264 156131 4355 6%
c
c seconds  switched     rate          size/glue  tier1     binary        remaining
c        MB  reductions   conflicts         size   tier2      irredundant
c         level   restarts       redundant     glue    trail         variables
c
c u 35.54 75 39 0 90 45067 4 568871 43889 1.7 19 11 4 11 24% 5264 156131 4355 6%
c v 35.60 75 39 0 90 45067 4 568871 43740 1.7 19 11 4 11 24% 5264 156131 4355 6%
c w 35.63 75 39 0 90 45067 4 568871 43737 1.7 19 11 4 11 24% 5264 156131 4355 6%
c x 35.68 76 39 0 90 45067 4 568871 43732 1.7 19 11 4 11 24% 5266 155745 4355 6%
c = 36.06 70 39 0 90 45067 4 568871 43732 1.7 19 11 4 11 24% 5289 155645 4334 6%
c d 36.07 70 39 0 90 45067 4 568871 43725 1.7 19 11 4 11 24% 5312 155522 4334 6%
c t 36.08 70 39 0 90 45067 4 568871 43725 1.7 19 11 4 11 24% 5268 155522 4333 6%
c u 36.17 70 39 0 90 45067 4 568871 43208 1.7 19 11 4 11 24% 5268 155502 4333 6%
c v 36.21 70 39 0 90 45067 4 568871 43067 1.7 19 11 4 11 24% 5268 155502 4333 6%
c w 36.24 70 39 0 90 45067 4 568871 43063 1.7 19 11 4 11 24% 5268 155502 4333 6%
c x 36.29 71 39 0 90 45067 4 568871 43061 1.7 19 11 4 11 24% 5268 155066 4333 6%
c t 36.39 71 39 0 90 45067 4 568871 43061 1.7 19 11 4 11 24% 5267 155066 4333 6%
c - 36.64 57 39 0 91 45347 4 574784 40247 1.7 19 11 4 11 24% 5194 155065 4333 6%
c - 36.98 59 38 0 92 45780 3 584324 40899 1.7 19 11 4 11 24% 5195 155062 4333 6%
c - 37.29 61 37 0 93 46319 3 593915 41296 1.7 19 11 4 11 24% 5203 155055 4333 6%
c - 37.65 58 38 0 94 46913 3 603558 41930 1.7 19 11 4 11 24% 5208 155051 4333 6%
c - 38.07 61 37 0 95 47585 3 613253 42368 1.7 19 11 4 11 25% 5212 155051 4333 6%
c - 38.41 63 37 0 96 47932 3 622999 43139 1.7 19 11 4 11 25% 5214 155050 4333 6%
c s 38.76 65 36 0 96 48288 3 627774 47555 1.7 19 11 4 11 25% 5247 154228 4333 6%
c e 38.78 68 36 0 96 48288 3 627774 47555 1.7 19 11 4 11 25% 5094 155374 4229 5%
c
c seconds  switched     rate          size/glue  tier1     binary        remaining
c        MB  reductions   conflicts         size   tier2      irredundant
c         level   restarts       redundant     glue    trail         variables
c
c 2 38.78 68 36 0 96 48288 3 627774 47555 1.7 19 11 4 11 25% 5087 155374 4229 5%
c s 38.95 68 36 0 96 48288 3 627774 47555 1.7 19 11 4 11 25% 5108 153861 4229 5%
c e 38.96 68 36 0 96 48288 3 627774 47555 1.7 19 11 4 11 25% 5093 154019 4217 5%
c - 39.16 58 36 0 97 48454 3 632797 43245 1.7 19 11 4 11 24% 5095 154018 4217 5%
c d 39.29 58 34 0 97 48456 3 638118 47683 1.7 19 11 4 11 24% 5093 154018 4216 5%
c u 39.36 58 34 0 97 48456 3 638118 47155 1.7 19 11 4 11 24% 5089 154018 4216 5%
c v 39.42 59 34 0 97 48456 3 638118 46820 1.7 19 11 4 11 24% 5089 154018 4216 5%
c w 39.45 59 34 0 97 48456 3 638118 46730 1.7 19 11 4 11 24% 5089 154018 4216 5%
c x 39.49 59 34 0 97 48456 3 638118 46730 1.7 19 11 4 11 24% 5089 153977 4216 5%
c t 39.50 59 34 0 97 48456 3 638118 46730 1.7 19 11 4 11 24% 5064 153977 4216 5%
c f 39.53 59 34 0 97 48456 3 638118 46730 1.7 19 11 4 11 24% 5057 153639 4233 5%
c u 39.61 68 34 0 97 48456 3 638118 46557 1.7 19 11 4 11 24% 5057 153639 4233 5%
c v 39.67 68 34 0 97 48456 3 638118 46355 1.7 19 11 4 11 24% 5057 153639 4233 5%
c w 39.69 68 34 0 97 48456 3 638118 46293 1.7 19 11 4 11 24% 5057 153639 4233 5%
c x 39.75 68 34 0 97 48456 3 638118 46288 1.7 19 11 4 11 24% 5057 153480 4233 5%
c = 40.07 72 34 0 97 48456 3 638118 46288 1.7 19 11 4 11 24% 5063 153471 4229 5%
c d 40.07 72 34 0 97 48456 3 638118 46288 1.7 19 11 4 11 24% 5054 153471 4229 5%
c - 40.30 71 35 0 98 48597 3 642645 43294 1.8 19 11 4 11 24% 5053 153471 4229 5%
c - 40.49 72 34 0 99 48797 3 652545 44882 1.7 19 11 4 11 23% 5056 153469 4229 5%
c i 40.53 72 33 0 99 48800 3 657462 47923 1.7 18 11 4 11 23% 5062 153469 4221 5%
c
c seconds  switched      rate          size/glue  tier1     binary        remaining
c        MB  reductions    conflicts         size   tier2      irredundant
c         level    restarts       redundant     glue    trail         variables
c
c - 40.80 62 33 0 100 49337 3 662494 41462 1.7 18 11 4 11 23% 5049 153461 4221 5%
c - 41.20 64 32 0 101 50117 3 672494 43705 1.8 19 11 4 11 23% 5052 153455 4221 5%
c o 41.47 60 32 0 101 50418 3 679309 49942 1.8 19 11 4 11 23% 5054 153450 4221 5%
c - 41.67 61 32 0 102 50801 3 682543 45515 1.8 19 11 4 11 23% 5056 153449 4221 5%
c i 41.73 62 32 0 102 50979 3 683605 46520 1.8 19 11 4 11 23% 5057 153449 4189 5%
c - 42.16 69 32 0 103 51990 3 692642 45746 1.8 19 11 4 11 23% 5034 153448 4189 5%
c - 42.69 61 32 0 104 53039 3 702792 45848 1.7 19 11 4 11 23% 5037 153448 4189 5%
c d 43.08 58 32 0 104 53643 3 711746 53977 1.7 19 11 4 11 23% 5104 152821 4183 5%
c d 43.08 58 32 0 104 53643 3 711746 53977 1.7 19 11 4 11 23% 5100 152811 4181 5%
c b 43.09 58 32 0 104 53643 3 711746 53977 1.7 19 11 4 11 23% 5100 152811 4166 5%
c u 43.15 59 32 0 104 53643 3 711746 53637 1.7 19 11 4 11 23% 5100 152811 4166 5%
c v 43.21 60 32 0 104 53643 3 711746 53521 1.7 19 11 4 11 23% 5100 152811 4166 5%
c w 43.24 60 32 0 104 53643 3 711746 53514 1.7 19 11 4 11 23% 5100 152811 4166 5%
c x 43.30 61 32 0 104 53643 3 711746 53510 1.7 19 11 4 11 23% 5120 152539 4166 5%
c = 43.65 63 32 0 104 53643 3 711746 53510 1.7 19 11 4 11 23% 5130 152405 4151 5%
c d 43.65 63 32 0 104 53643 3 711746 53510 1.7 19 11 4 11 23% 5129 152387 4151 5%
c t 43.66 63 32 0 104 53643 3 711746 53510 1.7 19 11 4 11 23% 5110 152387 4150 5%
c f 43.68 63 32 0 104 53643 3 711746 53510 1.7 19 11 4 11 23% 5109 152369 4151 5%
c u 43.75 72 32 0 104 53643 3 711746 53255 1.7 19 11 4 11 23% 5111 152365 4151 5%
c v 43.82 72 32 0 104 53643 3 711746 53124 1.7 19 11 4 11 23% 5111 152365 4151 5%
c
c seconds  switched      rate          size/glue  tier1     binary        remaining
c        MB  reductions    conflicts         size   tier2      irredundant
c         level    restarts       redundant     glue    trail         variables
c
c w 43.86 73 32 0 104 53643 3 711746 53024 1.7 19 11 4 11 23% 5111 152365 4151 5%
c x 43.90 74 32 0 104 53643 3 711746 53021 1.7 19 11 4 11 23% 5111 152199 4151 5%
c = 44.25 75 32 0 104 53643 3 711746 53021 1.7 19 11 4 11 23% 5120 152146 4145 5%
c d 44.25 75 32 0 104 53643 3 711746 53020 1.7 19 11 4 11 23% 5114 152134 4145 5%
c t 44.26 75 32 0 104 53643 3 711746 53020 1.7 19 11 4 11 23% 5110 152134 4144 5%
c b 44.26 75 32 0 104 53643 3 711746 53020 1.7 19 11 4 11 23% 5110 152134 4143 5%
c - 44.35 76 32 0 105 53767 3 712990 45758 1.7 19 11 4 11 23% 5042 152134 4143 5%
c i 44.64 79 32 0 105 54180 3 721460 53200 1.8 19 11 4 11 23% 5049 152132 4140 5%
c - 44.74 71 32 0 106 54329 3 723238 46709 1.8 19 11 4 11 23% 5042 152131 4140 5%
c - 45.28 69 33 0 107 55504 3 733533 47244 1.7 19 11 4 11 23% 5045 152127 4140 5%
c - 45.77 55 33 0 108 56570 4 743877 47455 1.7 19 11 4 11 24% 5048 152124 4140 5%
c - 46.21 59 33 0 109 57280 4 754269 47714 1.7 19 11 4 11 24% 5052 152123 4140 5%
c - 46.70 67 32 0 110 58272 4 764709 48311 1.7 20 11 4 11 24% 5056 152121 4140 5%
c - 47.04 70 32 0 111 58932 4 775197 48740 1.7 19 11 4 11 23% 5058 152120 4140 5%
c - 47.20 71 30 0 112 59156 3 785734 49897 1.7 19 11 4 11 22% 5059 152120 4140 5%
c d 47.35 72 30 0 112 59180 3 789815 53575 1.8 19 11 4 11 22% 5063 152021 4139 5%
c u 47.43 72 30 0 112 59180 3 789815 53014 1.8 19 11 4 11 22% 5063 152021 4139 5%
c v 47.51 72 30 0 112 59180 3 789815 52872 1.8 19 11 4 11 22% 5063 152021 4139 5%
c w 47.55 72 30 0 112 59180 3 789815 52846 1.8 19 11 4 11 22% 5063 152021 4139 5%
c x 47.61 72 30 0 112 59180 3 789815 52843 1.8 19 11 4 11 22% 5063 151769 4139 5%
c
c seconds  switched      rate          size/glue  tier1     binary        remaining
c        MB  reductions    conflicts         size   tier2      irredundant
c         level    restarts       redundant     glue    trail         variables
c
c = 47.99 59 30 0 112 59180 3 789815 52843 1.8 19 11 4 11 22% 5084 151701 4121 5%
c d 47.99 59 30 0 112 59180 3 789815 52833 1.8 19 11 4 11 22% 5083 151646 4121 5%
c t 48.00 59 30 0 112 59180 3 789815 52833 1.8 19 11 4 11 22% 5060 151646 4121 5%
c u 48.10 60 30 0 112 59180 3 789815 52109 1.8 19 11 4 11 22% 5060 151646 4121 5%
c v 48.17 60 30 0 112 59180 3 789815 51949 1.8 19 11 4 11 22% 5060 151646 4121 5%
c w 48.20 60 30 0 112 59180 3 789815 51908 1.8 19 11 4 11 22% 5060 151646 4121 5%
c x 48.25 60 30 0 112 59180 3 789815 51901 1.8 19 11 4 11 22% 5060 151419 4121 5%
c = 48.63 60 30 0 112 59180 3 789815 51901 1.8 19 11 4 11 22% 5062 151414 4120 5%
c d 48.63 60 30 0 112 59180 3 789815 51901 1.8 19 11 4 11 22% 5059 151414 4120 5%
c - 48.92 61 30 0 113 59576 3 796317 50308 1.8 19 11 4 11 22% 5031 151413 4120 5%
c o 49.08 61 29 0 113 59832 3 800709 54193 1.8 19 11 4 11 22% 5031 151412 4120 5%
c s 49.46 63 29 0 113 59993 3 806323 59167 1.8 19 11 4 11 22% 5056 150784 4120 5%
c e 49.48 66 29 0 113 59993 3 806323 59167 1.8 19 11 4 11 22% 4894 151846 4020 5%
c 2 49.48 66 29 0 113 59993 3 806323 59167 1.8 19 11 4 11 22% 4890 151846 4020 5%
c s 49.68 58 29 0 113 59993 3 806323 59167 1.8 19 11 4 11 22% 4915 150806 4020 5%
c e 49.69 58 29 0 113 59993 3 806323 59167 1.8 19 11 4 11 22% 4887 150977 4008 5%
c - 49.72 58 29 0 114 60001 3 806947 49650 1.8 19 11 4 11 22% 4887 150977 4008 5%
c - 50.22 62 29 0 115 61222 3 817626 49475 1.7 19 11 4 11 22% 4890 150977 4008 5%
c - 50.58 67 29 0 116 61971 3 828351 49684 1.7 19 11 4 11 22% 4896 150977 4008 5%
c - 51.06 72 29 0 117 62997 3 839122 50224 1.7 19 11 4 11 22% 4899 150977 4008 5%
c
c seconds  switched      rate          size/glue  tier1     binary        remaining
c        MB  reductions    conflicts         size   tier2      irredundant
c         level    restarts       redundant     glue    trail         variables
c
c - 51.50 67 29 0 118 63712 3 849938 43400 1.7 19 11 3 11 22% 4901 150976 4008 5%
c - 51.82 69 29 0 119 64137 3 860800 41060 1.7 19 11 3 11 22% 4901 150976 4008 5%
c - 52.19 72 28 0 120 64560 3 871710 40745 1.7 19 11 3 11 22% 4906 150976 4008 5%
c c 52.25 80 28 0 120 64614 3 872377 41377 1.7 19 11 3 11 22% 4916 150959 4005 5%
c d 52.25 80 28 0 120 64614 3 872377 41360 1.7 19 11 3 11 22% 4910 150959 4005 5%
c u 52.31 82 28 0 120 64614 3 872377 40700 1.7 19 11 3 11 22% 4910 150959 4005 5%
c v 52.37 83 28 0 120 64614 3 872377 40498 1.7 19 11 3 11 22% 4910 150959 4005 5%
c w 52.40 83 28 0 120 64614 3 872377 40472 1.7 19 11 3 11 22% 4910 150959 4005 5%
c x 52.45 85 28 0 120 64614 3 872377 40451 1.7 19 11 3 11 22% 4910 150900 4005 5%
c = 52.85 74 28 0 120 64614 3 872377 40451 1.7 19 11 3 11 22% 4928 150872 3996 5%
c d 52.85 74 28 0 120 64614 3 872377 40447 1.7 19 11 3 11 22% 4906 150872 3996 5%
c t 52.86 74 28 0 120 64614 3 872377 40447 1.7 19 11 3 11 22% 4866 150872 3996 5%
c f 52.89 74 28 0 120 64614 3 872377 40447 1.7 19 11 3 11 22% 4877 150496 4013 5%
c u 52.96 83 28 0 120 64614 3 872377 39483 1.7 19 11 3 11 22% 4877 150496 4013 5%
c v 53.04 84 28 0 120 64614 3 872377 39282 1.7 19 11 3 11 22% 4877 150496 4013 5%
c w 53.08 84 28 0 120 64614 3 872377 39252 1.7 19 11 3 11 22% 4877 150496 4013 5%
c x 53.12 85 28 0 120 64614 3 872377 39247 1.7 19 11 3 11 22% 4877 150436 4013 5%
c = 53.52 73 28 0 120 64614 3 872377 39247 1.7 19 11 3 11 22% 4879 150403 4009 5%
c d 53.52 73 28 0 120 64614 3 872377 39246 1.7 19 11 3 11 22% 4880 150395 4009 5%
c t 53.54 73 28 0 120 64614 3 872377 39246 1.7 19 11 3 11 22% 4879 150395 4008 5%
c
c seconds  switched      rate          size/glue  tier1     binary        remaining
c        MB  reductions    conflicts         size   tier2      irredundant
c         level    restarts       redundant     glue    trail         variables
c
c - 53.96 77 29 0 121 65439 3 882664 39286 1.7 19 11 3 11 22% 4868 150394 4008 5%
c - 54.43 56 29 0 122 66696 3 893665 38910 1.7 19 11 3 11 22% 4869 150394 4008 5%
c i 54.70 60 29 0 122 67383 3 899643 44448 1.7 19 11 3 11 22% 4870 150394 4006 5%
c - 54.96 63 30 0 123 67912 3 904710 38794 1.7 19 11 3 11 23% 4817 150394 3994 5%
c - 55.39 68 29 0 124 68422 3 915800 39257 1.7 19 11 3 11 23% 4818 150394 3994 5%
c i 55.58 69 29 0 124 69045 3 920148 43367 1.7 19 11 3 11 23% 4821 150393 3992 5%
c - 55.86 72 30 0 125 69524 3 926935 39779 1.7 19 11 3 11 23% 4818 150393 3992 5%
c o 56.02 62 30 0 125 69767 3 930776 43364 1.7 19 11 3 11 23% 4820 150393 3992 5%
c i 56.10 64 31 0 125 69883 3 933307 45657 1.7 19 11 3 11 23% 4822 150392 3990 5%
c - 56.24 65 30 0 126 69892 3 938115 40606 1.7 19 11 3 11 23% 4818 150392 3990 5%
c i 56.51 68 30 0 126 70539 3 944915 46951 1.7 19 11 3 11 23% 4825 150391 3984 5%
c - 56.73 63 30 0 127 70929 3 949339 41129 1.7 19 11 3 11 23% 4819 150391 3984 5%
c d 57.12 65 30 0 127 71596 3 959471 50383 1.7 19 11 3 11 23% 4864 150037 3982 5%
c d 57.13 65 30 0 127 71596 3 959471 50383 1.7 19 11 3 11 23% 4862 150034 3981 5%
c b 57.13 65 30 0 127 71596 3 959471 50383 1.7 19 11 3 11 23% 4862 150034 3979 5%
c u 57.20 65 30 0 127 71596 3 959471 49849 1.7 19 11 3 11 23% 4861 150034 3979 5%
c v 57.28 65 30 0 127 71596 3 959471 49752 1.7 19 11 3 11 23% 4861 150034 3979 5%
c w 57.31 65 30 0 127 71596 3 959471 49746 1.7 19 11 3 11 23% 4861 150034 3979 5%
c x 57.38 66 30 0 127 71596 3 959471 49731 1.7 19 11 3 11 23% 4865 149922 3979 5%
c = 57.83 67 30 0 127 71596 3 959471 49731 1.7 19 11 3 11 23% 4869 149921 3977 5%
c
c seconds  switched      rate          size/glue  tier1     binary        remaining
c        MB  reductions    conflicts         size   tier2      irredundant
c         level    restarts       redundant     glue    trail         variables
c
c d 57.83 67 30 0 127 71596 3 959471 49727 1.7 19 11 3 11 23% 4863 149921 3977 5%
c t 57.84 67 30 0 127 71596 3 959471 49727 1.7 19 11 3 11 23% 4860 149921 3977 5%
c f 57.85 67 30 0 127 71596 3 959471 49727 1.7 19 11 3 11 23% 4861 149903 3978 5%
c u 57.94 77 30 0 127 71596 3 959471 48829 1.7 19 11 3 11 23% 4861 149903 3978 5%
c v 58.01 77 30 0 127 71596 3 959471 48685 1.7 19 11 3 11 23% 4861 149903 3978 5%
c w 58.06 77 30 0 127 71596 3 959471 48662 1.7 19 11 3 11 23% 4861 149903 3978 5%
c x 58.13 70 30 0 127 71596 3 959471 48659 1.7 19 11 3 11 23% 4861 149854 3978 5%
c = 58.56 72 30 0 127 71596 3 959471 48659 1.7 19 11 3 11 23% 4901 149384 3922 5%
c d 58.57 72 30 0 127 71596 3 959471 48646 1.7 19 11 3 11 23% 4920 149260 3922 5%
c t 58.57 72 30 0 127 71596 3 959471 48646 1.7 19 11 3 11 23% 4915 149260 3917 5%
c - 58.65 72 30 0 128 71697 3 960608 39223 1.7 19 11 3 11 23% 4764 149259 3917 5%
c - 59.15 55 31 0 129 72620 3 971922 39707 1.7 19 11 3 11 23% 4770 149258 3917 5%
c - 59.65 60 31 0 130 73669 4 983282 40415 1.7 20 11 3 11 23% 4771 149258 3917 5%
c - 60.05 64 31 0 131 74380 3 994683 40153 1.7 20 11 3 11 23% 4772 149258 3917 5%
c - 60.47 60 31 0 132 74938 3 1006128 40309 1.7 20 11 3 11 23% 4778 149257 3917 5%
c s 60.98 61 31 0 132 75555 3 1012091 45918 1.7 20 11 3 11 24% 4799 148419 3917 5%
c e 60.99 64 31 0 132 75555 3 1012091 45918 1.7 20 11 3 11 24% 4711 149105 3854 5%
c 2 60.99 64 31 0 132 75555 3 1012091 45918 1.7 20 11 3 11 24% 4709 149105 3854 5%
c s 61.22 56 31 0 132 75555 3 1012091 45918 1.7 20 11 3 11 24% 4719 148148 3854 5%
c e 61.23 56 31 0 132 75555 3 1012091 45918 1.7 20 11 3 11 24% 4705 148252 3847 5%
c
c seconds  switched      rate           size/glue  tier1     binary        remaining
c        MB  reductions     conflicts         size   tier2      irredundant
c         level    restarts        redundant     glue    trail         variables
c
c - 61.48 60 31 0 133 75967 3 1017617 40541 1.7 20 11 3 11 23% 4705 148252 3847 5%
c i 61.50 60 31 0 133 76022 3 1017942 40809 1.7 20 11 3 11 23% 4707 148252 3846 5%
c - 61.91 64 31 0 134 76878 3 1029150 40458 1.7 20 11 3 11 23% 4700 148252 3845 5%
c - 62.38 68 31 0 135 77632 3 1040725 40456 1.7 20 11 3 11 23% 4705 148252 3845 5%
c b 62.80 64 31 0 135 78542 3 1051152 50144 1.7 20 11 3 11 23% 4719 148218 3843 5%
c u 62.88 64 31 0 135 78542 3 1051152 49173 1.7 20 11 3 11 23% 4716 148218 3843 5%
c v 62.96 65 31 0 135 78542 3 1051152 49011 1.7 20 11 3 11 23% 4716 148218 3843 5%
c w 63.00 65 31 0 135 78542 3 1051152 48879 1.7 20 11 3 11 23% 4716 148218 3843 5%
c x 63.06 66 31 0 135 78542 3 1051152 48872 1.7 20 11 3 11 23% 4723 148054 3843 5%
c = 63.51 59 31 0 135 78542 3 1051152 48872 1.7 20 11 3 11 23% 4738 148019 3834 5%
c d 63.51 59 31 0 135 78542 3 1051152 48868 1.7 20 11 3 11 23% 4721 148010 3834 5%
c t 63.52 59 31 0 135 78542 3 1051152 48868 1.7 20 11 3 11 23% 4695 148010 3834 5%
c f 63.55 59 31 0 135 78542 3 1051152 48868 1.7 20 11 3 11 23% 4682 147729 3847 5%
c u 63.63 68 31 0 135 78542 3 1051152 47833 1.7 20 11 3 11 23% 4682 147729 3847 5%
c v 63.70 69 31 0 135 78542 3 1051152 47560 1.7 20 11 3 11 23% 4682 147729 3847 5%
c w 63.73 69 31 0 135 78542 3 1051152 47509 1.7 20 11 3 11 23% 4682 147729 3847 5%
c x 63.79 70 31 0 135 78542 3 1051152 47505 1.7 20 11 3 11 23% 4682 147721 3847 5%
c = 64.23 71 31 0 135 78542 3 1051152 47505 1.7 20 11 3 11 23% 4709 147689 3834 5%
c d 64.24 71 31 0 135 78542 3 1051152 47484 1.7 20 11 3 11 23% 4679 147689 3834 5%
c t 64.24 71 31 0 135 78542 3 1051152 47484 1.7 20 11 3 11 23% 4668 147689 3834 5%
c
c seconds  switched      rate           size/glue  tier1     binary        remaining
c        MB  reductions     conflicts         size   tier2      irredundant
c         level    restarts        redundant     glue    trail         variables
c
c - 64.32 72 31 0 136 78631 3 1052343 38497 1.7 20 11 3 11 23% 4658 147689 3834 5%
c - 64.69 75 31 0 137 79021 3 1064005 39097 1.7 20 11 3 11 23% 4659 147689 3834 5%
c o 64.94 70 30 0 137 79482 3 1071095 45516 1.7 20 11 3 11 23% 4663 147688 3834 5%
c - 65.08 71 30 0 138 79503 3 1075709 39885 1.8 20 11 3 11 23% 4663 147688 3834 5%
c - 65.56 78 30 0 139 80192 3 1087456 40535 1.8 20 11 3 11 23% 4665 147688 3834 5%
c - 66.02 71 30 0 140 81003 3 1099247 41331 1.8 20 11 3 11 24% 4670 147688 3834 5%
c - 66.45 61 30 0 141 81453 3 1111079 42363 1.8 20 11 3 11 23% 4675 147688 3834 5%
c - 66.97 66 29 0 142 82311 3 1122953 42622 1.8 20 11 3 11 23% 4678 147687 3834 5%
c - 67.42 69 29 0 143 83227 3 1134870 41548 1.8 20 11 3 11 23% 4680 147687 3834 5%
c i 67.44 70 29 0 143 83292 3 1135198 41855 1.8 20 11 3 11 23% 4681 147687 3833 5%
c i 67.44 70 29 0 143 83293 3 1135353 41986 1.8 20 11 3 11 23% 4683 147687 3831 5%
c - 67.84 57 28 0 144 83746 3 1146829 42513 1.8 20 11 3 11 23% 4674 147687 3831 5%
c d 67.87 58 28 0 144 83762 3 1147429 43035 1.8 20 11 3 11 23% 4684 147640 3830 5%
c d 67.88 58 28 0 144 83762 3 1147429 43035 1.8 20 11 3 11 23% 4682 147637 3829 5%
c b 67.88 58 28 0 144 83762 3 1147429 43035 1.8 20 11 3 11 23% 4682 147637 3827 5%
c u 67.99 59 28 0 144 83762 3 1147429 41559 1.8 20 11 3 11 23% 4682 147637 3827 5%
c v 68.10 59 28 0 144 83762 3 1147429 41139 1.8 20 11 3 11 23% 4682 147637 3827 5%
c w 68.11 59 28 0 144 83762 3 1147429 41121 1.8 20 11 3 11 23% 4682 147637 3827 5%
c = 68.56 62 28 0 144 83762 3 1147429 41121 1.8 20 11 3 11 23% 4710 147515 3806 5%
c d 68.56 62 28 0 144 83762 3 1147429 41102 1.8 20 11 3 11 23% 4695 147489 3806 5%
c
c seconds  switched      rate           size/glue  tier1     binary        remaining
c        MB  reductions     conflicts         size   tier2      irredundant
c         level    restarts        redundant     glue    trail         variables
c
c t 68.57 62 28 0 144 83762 3 1147429 41102 1.8 20 11 3 11 23% 4670 147489 3806 5%
c f 68.58 62 28 0 144 83762 3 1147429 41102 1.8 20 11 3 11 23% 4672 147470 3807 5%
c u 68.68 66 28 0 144 83762 3 1147429 40003 1.8 20 11 3 11 23% 4697 147470 3807 5%
c v 68.76 66 28 0 144 83762 3 1147429 39794 1.8 20 11 3 11 23% 4697 147470 3807 5%
c w 68.78 66 28 0 144 83762 3 1147429 39782 1.8 20 11 3 11 23% 4697 147470 3807 5%
c x 68.86 69 28 0 144 83762 3 1147429 39782 1.8 20 11 3 11 23% 4697 147429 3807 5%
c = 69.34 71 28 0 144 83762 3 1147429 39782 1.8 20 11 3 11 23% 4719 147319 3794 5%
c d 69.34 71 28 0 144 83762 3 1147429 39696 1.8 20 11 3 11 23% 4696 147313 3794 5%
c t 69.35 71 28 0 144 83762 3 1147429 39696 1.8 20 11 3 11 23% 4677 147313 3793 5%
c f 69.36 71 28 0 144 83762 3 1147429 39696 1.8 20 11 3 11 23% 4675 147297 3794 5%
c - 69.78 84 28 0 145 84184 3 1158830 39949 1.8 20 11 3 11 23% 4626 147297 3794 5%
c - 70.21 69 27 0 146 84314 3 1170871 40785 1.9 20 11 3 11 23% 4626 147297 3794 5%
c - 70.80 60 27 0 147 86049 3 1182954 40915 1.8 20 11 3 11 23% 4630 147297 3794 5%
c - 71.27 64 28 0 148 86925 3 1195078 40099 1.8 20 11 3 11 23% 4633 147296 3794 5%
c - 71.62 59 27 0 149 87373 3 1207243 39906 1.8 20 11 3 11 23% 4633 147296 3794 5%
c - 72.03 62 26 0 150 87951 3 1219449 40816 1.8 19 11 3 11 23% 4634 147296 3794 5%
c o 72.13 62 26 0 150 88179 3 1221920 43170 1.8 20 11 3 11 23% 4634 147296 3794 5%
c - 72.58 67 26 0 151 89219 3 1231696 41264 1.8 20 11 3 11 23% 4637 147295 3794 5%
c - 73.11 63 27 0 152 90339 3 1243984 41383 1.8 20 11 3 11 23% 4641 147293 3794 5%
c s 73.43 65 27 0 152 90523 3 1246243 43465 1.8 20 11 3 11 23% 4678 145896 3794 5%
c
c seconds  switched      rate           size/glue  tier1     binary        remaining
c        MB  reductions     conflicts         size   tier2      irredundant
c         level    restarts        redundant     glue    trail         variables
c
c e 73.44 68 27 0 152 90523 3 1246243 43465 1.8 20 11 3 11 23% 4596 146578 3741 5%
c 2 73.44 68 27 0 152 90523 3 1246243 43465 1.8 20 11 3 11 23% 4590 146578 3741 5%
c s 73.69 68 27 0 152 90523 3 1246243 43465 1.8 20 11 3 11 23% 4604 146175 3741 5%
c e 73.70 68 27 0 152 90523 3 1246243 43465 1.8 20 11 3 11 23% 4572 146400 3727 5%
c b 73.81 70 28 0 152 90867 3 1248377 45110 1.8 20 11 3 11 23% 4577 146396 3726 5%
c u 73.95 71 28 0 152 90867 3 1248377 43849 1.8 20 11 3 11 23% 4638 146396 3682 5%
c v 74.08 71 28 0 152 90867 3 1248377 43419 1.8 20 11 3 11 23% 4638 146396 3682 5%
c w 74.14 71 28 0 152 90867 3 1248377 43411 1.8 20 11 3 11 23% 4638 146396 3682 5%
c = 74.66 56 28 0 152 90867 3 1248377 43411 1.8 20 11 3 11 23% 4645 145800 3677 5%
c d 74.67 56 28 0 152 90867 3 1248377 43346 1.8 20 11 3 11 23% 4709 145735 3676 5%
c d 74.67 56 28 0 152 90867 3 1248377 43346 1.8 20 11 3 11 23% 4707 145733 3675 5%
c t 74.67 56 28 0 152 90867 3 1248377 43346 1.8 20 11 3 11 23% 4647 145733 3669 5%
c b 74.67 56 28 0 152 90867 3 1248377 43346 1.8 20 11 3 11 23% 4647 145733 3666 5%
c f 74.70 56 28 0 152 90867 3 1248377 43346 1.8 20 11 3 11 23% 4663 145507 3677 5%
c u 74.85 66 28 0 152 90867 3 1248377 42210 1.8 20 11 3 11 23% 4598 145438 3677 5%
c v 74.97 66 28 0 152 90867 3 1248377 41810 1.8 20 11 3 11 23% 4598 145438 3677 5%
c w 75.02 66 28 0 152 90867 3 1248377 41775 1.8 20 11 3 11 23% 4598 145438 3677 5%
c = 75.29 69 28 0 152 90867 3 1248377 41775 1.8 20 11 3 11 23% 4602 145433 3675 5%
c d 75.30 69 28 0 152 90867 3 1248377 41775 1.8 20 11 3 11 23% 4597 145433 3675 5%
c t 75.30 69 28 0 152 90867 3 1248377 41775 1.8 20 11 3 11 23% 4592 145433 3675 5%
c
c seconds  switched      rate           size/glue  tier1     binary        remaining
c        MB  reductions     conflicts         size   tier2      irredundant
c         level    restarts        redundant     glue    trail         variables
c
c i 75.31 69 28 0 152 90867 3 1248377 41775 1.8 20 11 3 11 23% 4592 145433 3675 5%
c - 75.68 72 28 0 153 91882 3 1256313 39025 1.8 20 11 3 11 23% 4596 145433 3675 5%
c - 76.14 78 28 0 154 92704 3 1268682 39525 1.8 20 11 3 11 24% 4601 145431 3675 5%
c - 76.62 78 28 0 155 93813 3 1281091 39630 1.8 20 11 3 11 24% 4602 145431 3675 5%
c - 77.04 64 28 0 156 94405 3 1293540 39826 1.8 20 11 3 11 24% 4603 145431 3675 5%
c - 77.48 64 27 0 157 94942 3 1306029 40365 1.8 20 11 3 11 24% 4604 145431 3675 5%
c - 78.00 57 27 0 158 95961 3 1318558 40706 1.8 20 11 3 11 24% 4606 145431 3675 5%
c - 78.49 57 27 0 159 96507 3 1331128 41169 1.8 20 11 3 11 24% 4609 145430 3675 5%
c i 78.60 59 27 0 159 96766 3 1334057 43903 1.8 20 11 3 11 24% 4609 145430 3674 5%
c i 78.60 59 27 0 159 96766 3 1334058 43903 1.8 20 11 3 11 24% 4609 145430 3673 5%
c - 78.86 59 27 0 160 97289 3 1343738 41975 1.8 20 11 3 11 24% 4602 145430 3673 5%
c d 79.18 59 27 0 160 97816 3 1354016 50676 1.8 20 11 3 11 24% 4607 145399 3671 5%
c u 79.27 60 27 0 160 97816 3 1354016 49559 1.8 20 11 3 11 24% 4606 145399 3671 5%
c v 79.38 60 27 0 160 97816 3 1354016 49284 1.8 20 11 3 11 24% 4606 145399 3671 5%
c w 79.43 60 27 0 160 97816 3 1354016 49223 1.8 20 11 3 11 24% 4606 145399 3671 5%
c x 79.50 61 27 0 160 97816 3 1354016 49223 1.8 20 11 3 11 24% 4606 145320 3671 5%
c = 79.93 62 27 0 160 97816 3 1354016 49223 1.8 20 11 3 11 24% 4639 145232 3650 5%
c d 79.94 62 27 0 160 97816 3 1354016 49197 1.8 20 11 3 11 24% 4621 145205 3650 5%
c t 79.95 62 27 0 160 97816 3 1354016 49197 1.8 20 11 3 11 24% 4600 145205 3650 5%
c f 79.96 62 27 0 160 97816 3 1354016 49197 1.8 20 11 3 11 24% 4599 145188 3651 5%
c
c seconds  switched      rate           size/glue  tier1     binary        remaining
c        MB  reductions     conflicts         size   tier2      irredundant
c         level    restarts        redundant     glue    trail         variables
c
c u 80.07 71 27 0 160 97816 3 1354016 48243 1.8 20 11 3 11 24% 4599 145188 3651 5%
c v 80.19 55 27 0 160 97816 3 1354016 45588 1.8 20 11 3 11 24% 4599 145188 3651 5%
c w 80.23 55 27 0 160 97816 3 1354016 45490 1.8 20 11 3 11 24% 4599 145188 3651 5%
c = 80.68 56 27 0 160 97816 3 1354016 45490 1.8 20 11 3 11 24% 4631 145114 3634 5%
c d 80.68 56 27 0 160 97816 3 1354016 45469 1.8 20 11 3 11 24% 4596 145111 3634 5%
c t 80.69 56 27 0 160 97816 3 1354016 45469 1.8 20 11 3 11 24% 4589 145111 3634 5%
c - 80.78 52 26 0 161 97830 3 1356387 38077 1.8 20 11 3 11 24% 4570 145111 3634 5%
c - 81.17 52 26 0 162 98141 3 1369076 41396 1.8 19 11 3 11 23% 4571 145111 3634 5%
c - 81.67 49 26 0 163 99453 3 1381803 42325 1.8 20 11 3 11 23% 4573 145111 3634 5%
c o 81.68 50 26 0 163 99486 3 1381956 42471 1.8 20 11 3 11 23% 4573 145111 3634 5%
c - 82.25 52 26 0 164 100689 3 1394572 41350 1.8 20 11 3 11 24% 4575 145111 3634 5%
c - 82.83 51 28 0 165 101615 3 1407381 41727 1.8 20 11 3 11 24% 4579 145110 3634 5%
c - 83.36 52 28 0 166 102587 3 1420227 42213 1.8 20 11 3 11 24% 4580 145110 3634 5%
c - 83.78 50 27 0 167 102860 3 1433112 43189 1.8 20 11 3 11 24% 4581 145110 3634 5%
c - 84.19 52 27 0 168 103504 3 1446034 43464 1.8 20 11 3 11 25% 4582 145109 3634 5%
c - 84.67 50 27 0 169 104328 3 1458996 43154 1.8 20 11 3 11 25% 4584 145109 3634 5%
c u 85.00 52 27 0 169 104651 3 1464374 47410 1.8 20 11 3 11 25% 4587 145109 3634 5%
c v 85.10 52 27 0 169 104651 3 1464374 47263 1.8 20 11 3 11 25% 4587 145109 3634 5%
c w 85.13 52 27 0 169 104651 3 1464374 47247 1.8 20 11 3 11 25% 4587 145109 3634 5%
c x 85.20 55 27 0 169 104651 3 1464374 47247 1.8 20 11 3 11 25% 4587 145088 3634 5%
c
c seconds  switched       rate           size/glue  tier1     binary        remaining
c        MB  reductions      conflicts         size   tier2      irredundant
c         level     restarts        redundant     glue    trail         variables
c
c = 85.66 57 27 0 169 104651 3 1464374 47247 1.8 20 11 3 11 25% 4589 145087 3633 5%
c d 85.67 57 27 0 169 104651 3 1464374 47247 1.8 20 11 3 11 25% 4586 145087 3633 5%
c t 85.67 57 27 0 169 104651 3 1464374 47247 1.8 20 11 3 11 25% 4580 145087 3633 5%
c u 85.81 57 27 0 169 104651 3 1464374 46457 1.8 20 11 3 11 25% 4580 145087 3633 5%
c v 85.97 57 27 0 169 104651 3 1464374 46114 1.8 20 11 3 11 25% 4580 145087 3633 5%
c w 86.02 57 27 0 169 104651 3 1464374 46099 1.8 20 11 3 11 25% 4580 145087 3633 5%
c = 86.51 57 27 0 169 104651 3 1464374 46099 1.8 20 11 3 11 25% 4584 145077 3631 5%
c d 86.52 57 27 0 169 104651 3 1464374 46097 1.8 20 11 3 11 25% 4580 145077 3631 5%
c t 86.53 57 27 0 169 104651 3 1464374 46097 1.8 20 11 3 11 25% 4576 145077 3631 5%
c - 86.70 57 26 0 170 104661 3 1471997 42476 1.8 19 11 3 11 24% 4576 145077 3631 5%
c - 87.19 58 26 0 171 105363 3 1485035 43440 1.8 19 11 3 11 25% 4579 145076 3631 5%
c - 87.60 61 25 0 172 105900 3 1498112 43539 1.8 20 11 3 11 25% 4580 145075 3631 5%
c s 88.30 65 25 0 172 106511 3 1509980 53842 1.8 20 11 3 11 25% 4608 143875 3631 5%
c e 88.32 67 25 0 172 106511 3 1509980 53842 1.8 20 11 3 11 25% 4443 144825 3543 5%
c 2 88.32 67 25 0 172 106511 3 1509980 53842 1.8 20 11 3 11 25% 4439 144825 3543 5%
c s 88.59 67 25 0 172 106511 3 1509980 53842 1.8 20 11 3 11 25% 4455 144365 3543 5%
c e 88.60 67 25 0 172 106511 3 1509980 53842 1.8 20 11 3 11 25% 4444 144448 3538 5%
c - 88.65 67 25 0 173 106559 3 1511226 42836 1.8 20 11 3 11 25% 4444 144448 3538 5%
c - 89.12 70 25 0 174 107457 3 1524380 43441 1.8 20 11 3 11 25% 4445 144447 3538 5%
c - 89.59 74 25 0 175 108159 3 1537570 43249 1.8 20 11 3 11 25% 4452 144447 3538 5%
c
c seconds  switched       rate           size/glue  tier1     binary        remaining
c        MB  reductions      conflicts         size   tier2      irredundant
c         level     restarts        redundant     glue    trail         variables
c
c - 90.05 66 24 0 176 108801 3 1550798 43219 1.8 20 11 3 11 25% 4452 144447 3538 5%
c o 90.14 66 24 0 176 108841 3 1554186 46046 1.8 20 11 3 11 25% 4452 144447 3538 5%
c - 90.47 62 24 0 177 109248 3 1564064 43488 1.8 20 11 3 11 25% 4452 144447 3538 5%
c - 90.96 66 24 0 178 110211 3 1577368 43512 1.8 20 11 3 11 25% 4453 144447 3538 5%
c d 91.01 66 23 0 178 110226 3 1579532 45380 1.8 20 11 3 11 25% 4451 144447 3537 5%
c u 91.13 60 23 0 178 110226 3 1579532 44360 1.8 20 11 3 11 25% 4450 144447 3537 5%
c v 91.24 60 23 0 178 110226 3 1579532 43469 1.8 20 11 3 11 25% 4450 144447 3537 5%
c w 91.26 60 23 0 178 110226 3 1579532 43277 1.8 20 11 3 11 25% 4450 144447 3537 5%
c = 91.72 51 23 0 178 110226 3 1579532 43277 1.8 20 11 3 11 25% 4459 144407 3532 5%
c d 91.73 51 23 0 178 110226 3 1579532 43273 1.8 20 11 3 11 25% 4451 144402 3532 5%
c t 91.73 51 23 0 178 110226 3 1579532 43273 1.8 20 11 3 11 25% 4426 144402 3532 5%
c f 91.75 51 23 0 178 110226 3 1579532 43273 1.8 20 11 3 11 25% 4436 144087 3547 5%
c u 91.84 59 23 0 178 110226 3 1579532 42725 1.8 20 11 3 11 25% 4436 144087 3547 5%
c v 91.92 60 23 0 178 110226 3 1579532 42345 1.8 20 11 3 11 25% 4436 144087 3547 5%
c w 91.95 60 23 0 178 110226 3 1579532 42309 1.8 20 11 3 11 25% 4436 144087 3547 5%
c x 92.02 63 23 0 178 110226 3 1579532 42308 1.8 20 11 3 11 25% 4436 144080 3547 5%
c = 92.46 65 23 0 178 110226 3 1579532 42308 1.8 20 11 3 11 25% 4440 143987 3533 5%
c d 92.46 65 23 0 178 110226 3 1579532 42304 1.8 20 11 3 11 25% 4451 143960 3533 5%
c t 92.47 65 23 0 178 110226 3 1579532 42304 1.8 20 11 3 11 25% 4450 143960 3533 5%
c f 92.47 65 23 0 178 110226 3 1579532 42304 1.8 20 11 3 11 25% 4450 143943 3534 5%
c
c seconds  switched       rate           size/glue  tier1     binary        remaining
c        MB  reductions      conflicts         size   tier2      irredundant
c         level     restarts        redundant     glue    trail         variables
c
c - 92.89 79 23 0 179 110883 3 1590709 41320 1.8 19 11 3 11 25% 4423 143942 3534 5%
c - 93.39 71 24 0 180 111683 3 1604089 42725 1.8 19 11 3 11 25% 4428 143942 3534 5%
c - 93.93 77 25 0 181 112619 3 1617506 43355 1.8 20 11 3 11 25% 4431 143942 3534 5%
c - 94.39 71 25 0 182 113377 3 1630959 43522 1.8 20 11 3 11 25% 4433 143942 3534 5%
c - 94.89 60 25 0 183 114154 3 1644449 43673 1.8 20 11 3 11 25% 4434 143942 3534 5%
c - 95.34 68 26 0 184 115312 3 1657976 43752 1.7 20 11 3 11 25% 4437 143942 3534 5%
c - 95.69 71 24 0 185 115595 3 1671541 43732 1.7 19 11 3 11 25% 4438 143942 3534 5%
c - 96.18 76 26 0 186 116307 3 1685143 44852 1.7 19 11 3 11 25% 4439 143942 3534 5%
c - 96.67 72 27 0 187 117112 3 1698783 45142 1.8 20 11 3 11 25% 4443 143942 3534 5%
c u 96.82 74 27 0 187 117112 3 1699490 44671 1.8 20 11 3 11 25% 4443 143942 3534 5%
c v 96.94 74 27 0 187 117112 3 1699490 43957 1.8 20 11 3 11 25% 4443 143942 3534 5%
c w 96.96 74 27 0 187 117112 3 1699490 43900 1.8 20 11 3 11 25% 4443 143942 3534 5%
c = 97.45 65 27 0 187 117112 3 1699490 43900 1.8 20 11 3 11 25% 4449 143909 3528 4%
c d 97.46 65 27 0 187 117112 3 1699490 43899 1.8 20 11 3 11 25% 4446 143869 3528 4%
c t 97.46 65 27 0 187 117112 3 1699490 43899 1.8 20 11 3 11 25% 4437 143869 3526 4%
c u 97.58 65 27 0 187 117112 3 1699490 42299 1.8 20 11 3 11 25% 4441 143855 3526 4%
c v 97.73 65 27 0 187 117112 3 1699490 41755 1.8 20 11 3 11 25% 4441 143855 3526 4%
c w 97.74 65 27 0 187 117112 3 1699490 41742 1.8 20 11 3 11 25% 4441 143855 3526 4%
c - 98.68 60 27 0 188 117560 3 1712458 42242 1.8 20 11 3 11 26% 4433 143855 3526 4%
c - 99.23 65 29 0 189 118460 3 1726169 43639 1.8 20 11 3 11 26% 4435 143855 3526 4%
c
c seconds  switched       rate           size/glue  tier1     binary        remaining
c        MB  reductions      conflicts         size   tier2      irredundant
c         level     restarts        redundant     glue    trail         variables
c
c o 99.51 68 29 0 189 118790 3 1734227 51223 1.8 20 11 3 11 26% 4436 143855 3526 4%
c - 99.74 72 29 0 190 119205 3 1739916 44088 1.8 20 11 3 11 26% 4436 143855 3526 4%
c - 100.13 74 27 0 191 119339 3 1753702 44196 1.8 20 11 3 11 26% 4436 143855 3526 4%
c - 100.67 80 27 0 192 120424 3 1767523 44020 1.8 20 11 3 11 26% 4437 143855 3526 4%
c - 101.10 75 26 0 193 120991 3 1781379 43227 1.8 20 11 3 11 26% 4438 143855 3526 4%
c - 101.56 79 26 0 194 121739 3 1795272 43322 1.8 20 11 3 11 26% 4439 143855 3526 4%
c s 102.12 67 25 0 194 121853 3 1804380 50871 1.8 20 11 3 11 26% 4455 143048 3526 4%
c e 102.13 69 25 0 194 121853 3 1804380 50871 1.8 20 11 3 11 26% 4395 143466 3492 4%
c 2 102.13 69 25 0 194 121853 3 1804380 50871 1.8 20 11 3 11 26% 4391 143466 3492 4%
c s 102.41 69 25 0 194 121853 3 1804380 50871 1.8 20 11 3 11 26% 4398 143286 3492 4%
c e 102.42 69 25 0 194 121853 3 1804380 50871 1.8 20 11 3 11 26% 4393 143376 3486 4%
c - 102.64 55 26 0 195 122137 3 1809200 43561 1.8 20 11 3 11 26% 4394 143376 3486 4%
c - 103.06 56 24 0 196 122362 3 1823164 43868 1.8 20 11 3 11 26% 4394 143376 3486 4%
c u 103.21 58 24 0 196 122362 3 1824295 43616 1.8 20 11 3 11 26% 4397 143376 3486 4%
c v 103.32 58 24 0 196 122362 3 1824295 43119 1.8 20 11 3 11 26% 4397 143376 3486 4%
c w 103.33 58 24 0 196 122362 3 1824295 43096 1.8 20 11 3 11 26% 4397 143376 3486 4%
c t 103.33 58 24 0 196 122362 3 1824295 43096 1.8 20 11 3 11 26% 4387 143376 3486 4%
c f 103.35 58 24 0 196 122362 3 1824295 43096 1.8 20 11 3 11 26% 4388 143187 3495 4%
c u 103.46 68 24 0 196 122362 3 1824295 41999 1.8 20 11 3 11 26% 4413 143187 3480 4%
c v 103.55 69 24 0 196 122362 3 1824295 41685 1.8 20 11 3 11 26% 4412 143187 3480 4%
c
c seconds   switched       rate           size/glue  tier1     binary        remaining
c         MB  reductions      conflicts         size   tier2      irredundant
c          level     restarts        redundant     glue    trail         variables
c
c w 103.56 69 24 0 196 122362 3 1824295 41684 1.8 20 11 3 11 26% 4412 143187 3480 4%
c x 103.64 71 24 0 196 122362 3 1824295 41677 1.8 20 11 3 11 26% 4412 142753 3480 4%
c = 104.14 62 24 0 196 122362 3 1824295 41677 1.8 20 11 3 11 26% 4418 142644 3461 4%
c d 104.14 62 24 0 196 122362 3 1824295 41643 1.8 20 11 3 11 26% 4459 142548 3461 4%
c d 104.14 62 24 0 196 122362 3 1824295 41642 1.8 20 11 3 11 26% 4449 142530 3456 4%
c t 104.15 62 24 0 196 122362 3 1824295 41642 1.8 20 11 3 11 26% 4432 142530 3448 4%
c i 104.16 62 24 0 196 122362 3 1824295 41642 1.8 20 11 3 11 26% 4431 142530 3448 4%
c - 104.65 65 24 0 197 122922 3 1837164 41735 1.8 20 11 3 11 26% 4372 142458 3448 4%
c - 105.16 64 25 0 198 123966 3 1851200 42056 1.8 20 11 3 11 26% 4374 142456 3448 4%
c - 105.62 69 25 0 199 124475 3 1865271 43188 1.8 20 11 3 11 26% 4374 142456 3448 4%
c - 106.12 68 24 0 200 124808 3 1879377 44445 1.8 20 11 3 11 25% 4375 142456 3448 4%
c i 106.22 70 24 0 200 124902 3 1882661 47462 1.8 20 11 3 11 25% 4379 142455 3434 4%
c - 106.54 60 24 0 201 125225 3 1893519 44908 1.8 20 11 3 11 25% 4353 142455 3434 4%
c - 106.93 60 23 0 202 125348 2 1907699 44272 1.8 19 11 3 11 25% 4353 142455 3434 4%
c - 107.39 64 22 0 203 125927 2 1921911 45368 1.8 19 11 3 11 25% 4353 142455 3434 4%
c o 107.45 64 22 0 203 125932 2 1924635 47668 1.8 19 11 3 11 25% 4353 142455 3434 4%
c - 107.86 67 22 0 204 126648 2 1936159 46307 1.8 19 11 3 11 25% 4354 142455 3434 4%
c - 108.50 65 23 0 205 128297 3 1950443 45143 1.8 19 11 3 11 25% 4356 142454 3434 4%
c b 108.64 68 23 0 205 128679 3 1953945 48437 1.8 19 11 3 11 25% 4360 142336 3431 4%
c u 108.79 69 23 0 205 128679 3 1953945 46891 1.8 19 11 3 11 25% 4462 142336 3410 4%
c
c seconds   switched       rate           size/glue  tier1     binary        remaining
c         MB  reductions      conflicts         size   tier2      irredundant
c          level     restarts        redundant     glue    trail         variables
c
c v 108.92 69 23 0 205 128679 3 1953945 46180 1.8 19 11 3 11 25% 4460 142336 3410 4%
c w 108.98 69 23 0 205 128679 3 1953945 46130 1.8 19 11 3 11 25% 4460 142336 3410 4%
c = 109.50 71 23 0 205 128679 3 1953945 46130 1.8 19 11 3 11 25% 4479 142077 3399 4%
c d 109.51 71 23 0 205 128679 3 1953945 46064 1.8 19 11 3 11 25% 4479 142038 3398 4%
c t 109.52 71 23 0 205 128679 3 1953945 46064 1.8 19 11 3 11 25% 4430 142038 3396 4%
c b 109.52 71 23 0 205 128679 3 1953945 46064 1.8 19 11 3 11 25% 4430 142038 3394 4%
c u 109.65 71 23 0 205 128679 3 1953945 44627 1.8 19 11 3 11 25% 4439 141979 3394 4%
c v 109.75 71 23 0 205 128679 3 1953945 44295 1.8 19 11 3 11 25% 4439 141979 3394 4%
c w 109.79 71 23 0 205 128679 3 1953945 44257 1.8 19 11 3 11 25% 4439 141979 3394 4%
c x 109.86 71 23 0 205 128679 3 1953945 44256 1.8 19 11 3 11 25% 4439 141640 3394 4%
c = 110.38 59 23 0 205 128679 3 1953945 44256 1.8 19 11 3 11 25% 4468 141585 3380 4%
c d 110.39 59 23 0 205 128679 3 1953945 44249 1.8 19 11 3 11 25% 4436 141585 3380 4%
c t 110.39 59 23 0 205 128679 3 1953945 44249 1.8 19 11 3 11 25% 4420 141585 3380 4%
c i 110.41 59 23 0 205 128679 3 1953945 44249 1.8 19 11 3 11 25% 4420 141585 3380 4%
c - 110.79 61 23 0 206 129135 3 1964761 42515 1.8 19 11 3 11 25% 4334 141585 3380 4%
c - 111.41 69 24 0 207 130270 3 1979114 43864 1.8 20 11 3 11 25% 4336 141585 3380 4%
c - 111.88 65 24 0 208 131092 3 1993501 44708 1.8 20 11 3 11 25% 4336 141585 3380 4%
c - 112.51 73 24 0 209 132229 3 2007923 45281 1.8 20 11 3 11 25% 4337 141585 3380 4%
c - 112.99 64 24 0 210 132682 3 2022380 46171 1.8 20 11 3 11 25% 4337 141585 3380 4%
c - 113.54 70 24 0 211 133320 3 2036874 46925 1.8 20 11 3 11 25% 4337 141585 3380 4%
c
c seconds   switched       rate           size/glue  tier1     binary        remaining
c         MB  reductions      conflicts         size   tier2      irredundant
c          level     restarts        redundant     glue    trail         variables
c
c - 114.10 65 24 0 212 134227 3 2051400 47089 1.8 20 11 3 11 25% 4340 141583 3380 4%
c - 114.49 68 23 0 213 134425 3 2065960 47597 1.9 21 11 3 11 26% 4340 141583 3380 4%
c - 114.88 56 22 0 214 134502 2 2080554 47366 1.9 20 11 3 10 26% 4340 141583 3380 4%
c u 115.23 58 21 0 214 134625 2 2088497 52497 1.9 20 11 3 10 26% 4341 141583 3380 4%
c v 115.37 58 21 0 214 134625 2 2088497 50595 1.9 20 11 3 10 26% 4341 141583 3380 4%
c w 115.41 58 21 0 214 134625 2 2088497 49727 1.9 20 11 3 10 26% 4341 141583 3380 4%
c x 115.48 58 21 0 214 134625 2 2088497 49727 1.9 20 11 3 10 26% 4341 141530 3380 4%
c = 116.01 59 21 0 214 134625 2 2088497 49727 1.9 20 11 3 10 26% 4356 141507 3373 4%
c d 116.01 59 21 0 214 134625 2 2088497 49718 1.9 20 11 3 10 26% 4341 141507 3373 4%
c t 116.02 59 21 0 214 134625 2 2088497 49718 1.9 20 11 3 10 26% 4330 141507 3373 4%
c u 116.18 60 21 0 214 134625 2 2088497 48352 1.9 20 11 3 10 26% 4331 141507 3373 4%
c v 116.31 60 21 0 214 134625 2 2088497 47753 1.9 20 11 3 10 26% 4331 141507 3373 4%
c w 116.37 60 21 0 214 134625 2 2088497 47695 1.9 20 11 3 10 26% 4331 141507 3373 4%
c = 116.91 61 21 0 214 134625 2 2088497 47695 1.9 20 11 3 10 26% 4341 141483 3368 4%
c d 116.92 61 21 0 214 134625 2 2088497 47693 1.9 20 11 3 10 26% 4327 141483 3368 4%
c t 116.92 61 21 0 214 134625 2 2088497 47693 1.9 20 11 3 10 26% 4325 141483 3368 4%
c - 117.22 65 22 0 215 135381 3 2095184 45668 1.9 20 11 3 10 26% 4328 141483 3368 4%
c - 117.82 68 23 0 216 136843 3 2109846 48357 1.8 20 11 3 10 26% 4333 141483 3368 4%
c - 118.25 70 22 0 217 137334 3 2124543 50081 1.9 20 11 3 10 26% 4333 141483 3368 4%
c o 118.26 70 22 0 217 137371 3 2124743 50279 1.9 20 11 3 10 26% 4333 141483 3368 4%
c
c seconds   switched       rate           size/glue  tier1     binary        remaining
c         MB  reductions      conflicts         size   tier2      irredundant
c          level     restarts        redundant     glue    trail         variables
c
c s 118.77 61 23 0 217 137890 3 2130560 55765 1.9 20 11 3 10 26% 4344 140802 3368 4%
c e 118.79 63 23 0 217 137890 3 2130560 55765 1.9 20 11 3 10 26% 4253 141567 3308 4%
c 2 118.79 63 23 0 217 137890 3 2130560 55765 1.9 20 11 3 10 26% 4251 141567 3308 4%
c s 119.13 63 23 0 217 137890 3 2130560 55765 1.9 20 11 3 10 26% 4264 141210 3308 4%
c e 119.14 63 23 0 217 137890 3 2130560 55765 1.9 20 11 3 10 26% 4255 141319 3301 4%
c - 119.36 55 22 0 218 138134 3 2139273 50941 1.9 20 11 3 10 26% 4255 141319 3301 4%
c - 119.94 70 23 0 219 139114 3 2154037 51254 1.8 20 11 3 10 26% 4257 141319 3301 4%
c - 120.51 74 23 0 220 140214 3 2168838 52012 1.8 20 11 3 10 25% 4260 141319 3301 4%
c - 121.03 78 23 0 221 140607 3 2183671 52073 1.8 20 11 3 10 25% 4262 141319 3301 4%
c - 121.50 66 23 0 222 141351 3 2198539 52551 1.9 20 11 3 10 25% 4263 141319 3301 4%
c - 121.97 69 22 0 223 142066 3 2213439 52344 1.8 20 11 3 10 25% 4264 141319 3301 4%
c d 122.43 73 22 0 223 142814 3 2227994 65659 1.8 20 11 3 10 25% 4263 141316 3300 4%
c u 122.53 62 22 0 223 142814 3 2227994 64863 1.8 20 11 3 10 25% 4264 141316 3300 4%
c v 122.64 62 22 0 223 142814 3 2227994 64633 1.8 20 11 3 10 25% 4264 141316 3300 4%
c w 122.69 62 22 0 223 142814 3 2227994 64413 1.8 20 11 3 10 25% 4264 141316 3300 4%
c x 122.77 63 22 0 223 142814 3 2227994 64413 1.8 20 11 3 10 25% 4264 141315 3300 4%
c = 123.33 64 22 0 223 142814 3 2227994 64413 1.8 20 11 3 10 25% 4286 141237 3286 4%
c d 123.34 64 22 0 223 142814 3 2227994 64407 1.8 20 11 3 10 25% 4262 141219 3286 4%
c t 123.34 64 22 0 223 142814 3 2227994 64407 1.8 20 11 3 10 25% 4234 141219 3285 4%
c f 123.36 64 22 0 223 142814 3 2227994 64407 1.8 20 11 3 10 25% 4248 140965 3298 4%
c
c seconds   switched       rate           size/glue  tier1     binary        remaining
c         MB  reductions      conflicts         size   tier2      irredundant
c          level     restarts        redundant     glue    trail         variables
c
c u 123.50 71 22 0 223 142814 3 2227994 63415 1.8 20 11 3 10 25% 4251 140954 3298 4%
c v 123.64 72 22 0 223 142814 3 2227994 62645 1.8 20 11 3 10 25% 4251 140954 3298 4%
c w 123.71 72 22 0 223 142814 3 2227994 62548 1.8 20 11 3 10 25% 4251 140954 3298 4%
c = 124.27 64 22 0 223 142814 3 2227994 62548 1.8 20 11 3 10 25% 4270 140889 3285 4%
c d 124.28 64 22 0 223 142814 3 2227994 62543 1.8 20 11 3 10 25% 4253 140879 3285 4%
c t 124.28 64 22 0 223 142814 3 2227994 62543 1.8 20 11 3 10 25% 4239 140879 3285 4%
c - 124.33 65 22 0 224 142825 3 2228372 50414 1.8 20 11 3 10 25% 4220 140879 3285 4%
c - 124.72 67 21 0 225 142983 3 2243338 52407 1.8 19 11 3 10 25% 4220 140879 3285 4%
c - 125.14 68 20 0 226 143200 2 2258338 54204 1.8 19 10 3 10 25% 4222 140879 3285 4%
c - 125.70 72 20 0 227 144024 2 2273372 55335 1.8 19 10 3 10 25% 4222 140879 3285 4%
c - 126.42 74 22 0 228 145756 3 2288438 54040 1.8 19 11 3 10 25% 4227 140879 3285 4%
c - 126.91 60 20 0 229 145964 3 2303537 54431 1.8 19 10 3 10 25% 4227 140879 3285 4%
c - 127.50 67 21 0 230 147108 3 2318670 54498 1.8 19 10 3 10 25% 4229 140879 3285 4%
c - 128.16 59 22 0 231 148564 3 2333835 53816 1.8 19 11 3 10 25% 4230 140879 3285 4%
c o 128.22 60 22 0 231 148754 3 2335000 54920 1.8 19 11 3 10 25% 4230 140879 3285 4%
c - 128.84 61 23 0 232 150227 3 2349034 53478 1.8 19 11 3 10 25% 4230 140879 3285 4%
c - 129.45 49 23 0 233 151372 3 2364266 53987 1.8 20 11 3 10 25% 4233 140879 3285 4%
c u 129.84 53 23 0 233 151558 3 2372474 59695 1.8 19 11 3 10 25% 4233 140879 3285 4%
c v 130.00 54 23 0 233 151558 3 2372474 57570 1.8 19 11 3 10 25% 4233 140879 3285 4%
c w 130.06 54 23 0 233 151558 3 2372474 57219 1.8 19 11 3 10 25% 4233 140879 3285 4%
c
c seconds   switched       rate           size/glue  tier1     binary        remaining
c         MB  reductions      conflicts         size   tier2      irredundant
c          level     restarts        redundant     glue    trail         variables
c
c = 130.71 56 23 0 233 151558 3 2372474 57219 1.8 19 11 3 10 25% 4239 140843 3281 4%
c d 130.71 56 23 0 233 151558 3 2372474 57213 1.8 19 11 3 10 25% 4233 140840 3281 4%
c t 130.72 56 23 0 233 151558 3 2372474 57213 1.8 19 11 3 10 25% 4221 140840 3281 4%
c u 130.84 56 23 0 233 151558 3 2372474 56388 1.8 19 11 3 10 25% 4221 140840 3281 4%
c v 130.97 56 23 0 233 151558 3 2372474 55897 1.8 19 11 3 10 25% 4221 140840 3281 4%
c w 131.02 56 23 0 233 151558 3 2372474 55875 1.8 19 11 3 10 25% 4221 140840 3281 4%
c x 131.14 58 23 0 233 151558 3 2372474 55860 1.8 19 11 3 10 25% 4221 140710 3281 4%
c = 131.78 58 23 0 233 151558 3 2372474 55860 1.8 19 11 3 10 25% 4221 140710 3280 4%
c t 131.79 58 23 0 233 151558 3 2372474 55860 1.8 19 11 3 10 25% 4224 140704 3280 4%
c - 132.03 58 23 0 234 151672 3 2379530 51557 1.8 19 11 3 10 25% 4219 140704 3280 4%
c - 132.51 60 22 0 235 152243 3 2394830 52781 1.8 19 11 3 10 25% 4219 140704 3280 4%
c - 133.08 65 22 0 236 153130 3 2410159 53585 1.8 19 11 3 10 25% 4219 140704 3280 4%
c - 133.69 70 22 0 237 153957 3 2425522 53920 1.8 19 11 3 10 25% 4220 140703 3280 4%
c - 134.26 62 22 0 238 154977 3 2440917 54386 1.8 19 11 3 10 25% 4223 140703 3280 4%
c - 134.80 67 22 0 239 155640 3 2456344 54242 1.8 19 11 3 10 24% 4223 140703 3280 4%
c - 135.42 63 23 0 240 156838 3 2471803 54938 1.8 20 11 3 10 25% 4225 140703 3280 4%
c - 135.85 68 22 0 241 157303 3 2487297 54849 1.8 19 11 3 10 24% 4228 140703 3280 4%
c s 136.32 61 23 0 241 157581 3 2489446 56894 1.8 19 11 3 10 24% 4258 139618 3280 4%
c e 136.34 63 23 0 241 157581 3 2489446 56894 1.8 19 11 3 10 24% 4195 140059 3245 4%
c 2 136.34 63 23 0 241 157581 3 2489446 56894 1.8 19 11 3 10 24% 4192 140059 3245 4%
c
c seconds   switched       rate           size/glue  tier1     binary        remaining
c         MB  reductions      conflicts         size   tier2      irredundant
c          level     restarts        redundant     glue    trail         variables
c
c s 136.69 63 23 0 241 157581 3 2489446 56894 1.8 19 11 3 10 24% 4204 139836 3245 4%
c e 136.70 63 23 0 241 157581 3 2489446 56894 1.8 19 11 3 10 24% 4197 139898 3241 4%
c - 137.12 64 22 0 242 157785 3 2502821 55492 1.8 19 11 3 10 24% 4197 139898 3241 4%
c - 137.59 64 20 0 243 157969 2 2518377 55259 1.8 19 10 3 10 24% 4197 139898 3241 4%
c u 137.85 66 20 0 243 158012 2 2521948 56941 1.8 19 10 3 10 24% 4197 139898 3241 4%
c v 138.00 66 20 0 243 158012 2 2521948 52252 1.8 19 10 3 10 24% 4197 139898 3241 4%
c w 138.04 66 20 0 243 158012 2 2521948 52009 1.8 19 10 3 10 24% 4197 139898 3241 4%
c t 138.25 67 20 0 243 158012 2 2521948 52009 1.8 19 10 3 10 24% 4167 139898 3241 4%
c f 138.27 67 20 0 243 158012 2 2521948 52009 1.8 19 10 3 10 24% 4177 139744 3247 4%
c u 138.39 76 20 0 243 158012 2 2521948 51028 1.8 19 10 3 10 24% 4177 139744 3247 4%
c v 138.49 77 20 0 243 158012 2 2521948 50133 1.8 19 10 3 10 24% 4177 139744 3247 4%
c w 138.52 77 20 0 243 158012 2 2521948 50089 1.8 19 10 3 10 24% 4177 139744 3247 4%
c x 138.63 79 20 0 243 158012 2 2521948 50076 1.8 19 10 3 10 24% 4177 139556 3247 4%
c - 138.99 82 20 0 244 158390 2 2533965 50626 1.8 18 10 3 10 24% 4177 139556 3247 4%
c - 139.69 76 21 0 245 160155 3 2549585 52491 1.8 19 11 3 10 24% 4179 139556 3247 4%
c o 139.84 76 21 0 245 160376 3 2555397 57157 1.8 19 11 3 10 24% 4179 139556 3247 4%
c - 140.11 78 20 0 246 160518 3 2565237 50008 1.8 18 10 3 10 25% 4180 139556 3247 4%
c - 140.69 64 20 0 247 161513 3 2580921 50571 1.8 18 10 3 10 25% 4181 139556 3247 4%
c - 141.13 65 19 0 248 161520 2 2596640 51278 1.8 18 10 3 10 25% 4181 139556 3247 4%
c - 141.60 55 18 0 249 161738 2 2612389 53264 1.8 17 10 3 10 25% 4183 139556 3247 4%
c
c seconds   switched       rate           size/glue  tier1     binary        remaining
c         MB  reductions      conflicts         size   tier2      irredundant
c          level     restarts        redundant     glue    trail         variables
c
c - 142.35 62 19 0 250 163877 3 2628168 53744 1.7 18 10 3 10 25% 4183 139556 3247 4%
c - 142.96 67 20 0 251 165293 3 2643979 50933 1.7 18 10 3 10 25% 4187 139555 3247 4%
c - 143.62 65 22 0 252 166733 3 2659823 50883 1.7 18 11 3 10 25% 4188 139555 3247 4%
c - 144.13 69 22 0 253 167404 3 2675697 51676 1.8 19 11 3 10 25% 4190 139555 3247 4%
c c 144.19 77 22 0 253 167512 3 2676436 52375 1.8 19 11 3 10 25% 4193 139535 3246 4%
c d 144.19 77 22 0 253 167512 3 2676436 52322 1.8 19 11 3 10 25% 4191 139535 3246 4%
c b 144.20 77 22 0 253 167512 3 2676436 52322 1.8 19 11 3 10 25% 4191 139535 3243 4%
c u 144.29 80 22 0 253 167512 3 2676436 51187 1.8 19 11 3 10 25% 4191 139535 3243 4%
c v 144.42 81 22 0 253 167512 3 2676436 50792 1.8 19 11 3 10 25% 4191 139535 3243 4%
c w 144.47 81 22 0 253 167512 3 2676436 50757 1.8 19 11 3 10 25% 4191 139535 3243 4%
c x 144.58 82 22 0 253 167512 3 2676436 50744 1.8 19 11 3 10 25% 4200 139187 3243 4%
c = 145.17 73 22 0 253 167512 3 2676436 50744 1.8 19 11 3 10 25% 4231 138662 3184 4%
c d 145.18 73 22 0 253 167512 3 2676436 50735 1.8 19 11 3 10 25% 4239 138540 3184 4%
c t 145.18 73 22 0 253 167512 3 2676436 50735 1.8 19 11 3 10 25% 4216 138540 3183 4%
c u 145.31 73 22 0 253 167512 3 2676436 49974 1.8 19 11 3 10 25% 4217 138537 3183 4%
c v 145.46 74 22 0 253 167512 3 2676436 49585 1.8 19 11 3 10 25% 4217 138537 3183 4%
c w 145.50 74 22 0 253 167512 3 2676436 49536 1.8 19 11 3 10 25% 4217 138537 3183 4%
c x 145.62 75 22 0 253 167512 3 2676436 49521 1.8 19 11 3 10 25% 4217 138183 3183 4%
c = 146.20 63 22 0 253 167512 3 2676436 49521 1.8 19 11 3 10 25% 4229 138069 3166 4%
c d 146.20 63 22 0 253 167512 3 2676436 49517 1.8 19 11 3 10 25% 4215 138060 3166 4%
c
c seconds   switched       rate           size/glue  tier1     binary        remaining
c         MB  reductions      conflicts         size   tier2      irredundant
c          level     restarts        redundant     glue    trail         variables
c
c t 146.21 63 22 0 253 167512 3 2676436 49517 1.8 19 11 3 10 25% 4206 138060 3166 4%
c - 146.66 66 21 0 254 168114 3 2691602 50141 1.8 19 11 3 10 25% 4116 138060 3166 4%
c - 147.20 60 22 0 255 168979 3 2707540 50306 1.8 19 11 3 10 25% 4124 138056 3166 4%
c i 147.63 63 22 0 255 170010 3 2721135 62478 1.8 19 11 3 10 25% 4127 138056 3160 4%
c - 147.71 63 22 0 256 170014 3 2723509 50424 1.8 19 11 3 10 25% 4099 138056 3160 4%
c - 148.26 63 22 0 257 170972 3 2739509 49952 1.8 19 11 3 10 25% 4102 138054 3160 4%
c - 148.81 70 22 0 258 172000 3 2755542 49561 1.8 19 11 3 10 25% 4102 138054 3160 4%
c - 149.45 68 23 0 259 173523 3 2771604 49674 1.7 19 11 3 10 25% 4106 138052 3160 4%
c - 149.93 57 22 0 260 173706 3 2787698 49710 1.7 19 11 3 10 25% 4106 138052 3160 4%
c - 150.38 57 20 0 261 173742 2 2803824 49718 1.7 18 11 3 10 25% 4106 138052 3160 4%
c o 150.78 57 19 0 261 173776 2 2816031 59004 1.7 18 10 3 10 25% 4106 138052 3160 4%
c - 151.01 62 20 0 262 174388 2 2819979 50426 1.7 18 10 3 10 25% 4106 138052 3160 4%
c d 151.51 63 20 0 262 175295 2 2835934 64266 1.7 18 10 3 10 25% 4122 137975 3158 4%
c u 151.65 65 20 0 262 175295 2 2835934 62996 1.7 18 10 3 10 25% 4128 137975 3158 4%
c v 151.77 65 20 0 262 175295 2 2835934 61049 1.7 18 10 3 10 25% 4128 137975 3158 4%
c w 151.80 65 20 0 262 175295 2 2835934 60628 1.7 18 10 3 10 25% 4128 137975 3158 4%
c x 151.92 66 20 0 262 175295 2 2835934 60611 1.7 18 10 3 10 25% 4128 137542 3158 4%
c = 152.50 68 20 0 262 175295 2 2835934 60611 1.7 18 10 3 10 25% 4144 137500 3144 4%
c d 152.51 68 20 0 262 175295 2 2835934 60600 1.7 18 10 3 10 25% 4125 137479 3144 4%
c t 152.52 68 20 0 262 175295 2 2835934 60600 1.7 18 10 3 10 25% 4098 137479 3144 4%
c
c seconds   switched       rate           size/glue  tier1     binary        remaining
c         MB  reductions      conflicts         size   tier2      irredundant
c          level     restarts        redundant     glue    trail         variables
c
c b 152.52 68 20 0 262 175295 2 2835934 60600 1.7 18 10 3 10 25% 4098 137479 3143 4%
c u 152.68 68 20 0 262 175295 2 2835934 59596 1.7 18 10 3 10 25% 4135 137471 3143 4%
c v 152.78 68 20 0 262 175295 2 2835934 58833 1.7 18 10 3 10 25% 4135 137471 3143 4%
c w 152.82 68 20 0 262 175295 2 2835934 58213 1.7 18 10 3 10 25% 4135 137471 3143 4%
c x 152.92 69 20 0 262 175295 2 2835934 58207 1.7 18 10 3 10 25% 4135 137144 3143 4%
c = 153.45 71 20 0 262 175295 2 2835934 58207 1.7 18 10 3 10 25% 4137 137132 3141 4%
c d 153.45 71 20 0 262 175295 2 2835934 58204 1.7 18 10 3 10 25% 4133 137131 3141 4%
c t 153.46 71 20 0 262 175295 2 2835934 58204 1.7 18 10 3 10 25% 4116 137131 3141 4%
c - 153.50 71 20 0 263 175313 2 2836165 48430 1.7 18 10 3 10 25% 4094 137131 3141 4%
c - 154.15 76 21 0 264 176756 3 2852382 47948 1.7 18 11 3 10 25% 4096 137128 3141 4%
c - 154.65 78 20 0 265 177320 3 2868630 48589 1.7 18 11 3 10 24% 4096 137128 3141 4%
c s 155.42 80 20 0 265 177816 3 2882043 60447 1.7 18 11 3 10 25% 4112 136283 3141 4%
c e 155.44 81 20 0 265 177816 3 2882043 60447 1.7 18 11 3 10 25% 3914 136954 3052 4%
c s 155.79 81 20 0 265 177816 3 2882043 60447 1.7 18 11 3 10 25% 3923 136660 3052 4%
c e 155.80 81 20 0 265 177816 3 2882043 60447 1.7 18 11 3 10 25% 3922 136705 3049 4%
c - 155.96 83 21 0 266 178137 3 2884908 49604 1.7 18 11 3 10 25% 3922 136705 3049 4%
c - 156.55 87 22 0 267 179270 3 2901219 49006 1.7 18 11 3 10 25% 3922 136705 3049 4%
c - 157.15 94 22 0 268 180359 3 2917559 48826 1.7 18 11 3 10 24% 3927 136703 3049 4%
c - 157.84 95 23 0 269 181974 3 2933929 49115 1.7 19 11 3 10 24% 3928 136703 3049 4%
c - 158.32 79 22 0 270 182483 3 2950330 49637 1.7 19 11 3 10 24% 3928 136703 3049 4%
c
c seconds   switched       rate           size/glue  tier1     binary        remaining
c         MB  reductions      conflicts         size   tier2      irredundant
c          level     restarts        redundant     glue    trail         variables
c
c - 158.95 86 23 0 271 183705 3 2966763 50732 1.7 19 11 3 10 24% 3934 136703 3049 4%
c - 159.63 69 24 0 272 184977 3 2983225 50463 1.7 19 11 3 10 24% 3936 136703 3049 4%
c - 160.18 64 24 0 273 185572 3 2999717 51125 1.8 19 11 3 10 24% 3938 136703 3049 4%
c u 160.34 64 23 0 273 185574 3 3000498 50880 1.8 19 11 3 10 24% 3937 136703 3049 4%
c v 160.49 65 23 0 273 185574 3 3000498 50658 1.8 19 11 3 10 24% 3937 136703 3049 4%
c w 160.51 65 23 0 273 185574 3 3000498 50577 1.8 19 11 3 10 24% 3937 136703 3049 4%
c x 160.65 66 23 0 273 185574 3 3000498 50573 1.8 19 11 3 10 24% 3937 136302 3049 4%
c = 161.24 67 23 0 273 185574 3 3000498 50573 1.8 19 11 3 10 24% 3947 136291 3044 4%
c d 161.24 67 23 0 273 185574 3 3000498 50573 1.8 19 11 3 10 24% 3934 136291 3044 4%
c t 161.24 67 23 0 273 185574 3 3000498 50573 1.8 19 11 3 10 24% 3904 136291 3044 4%
c f 161.27 67 23 0 273 185574 3 3000498 50573 1.8 19 11 3 10 24% 3906 136022 3056 4%
c u 161.42 76 23 0 273 185574 3 3000498 46074 1.8 19 11 3 10 24% 3907 136022 3056 4%
c v 161.55 77 23 0 273 185574 3 3000498 45667 1.8 19 11 3 10 24% 3907 136022 3056 4%
c w 161.57 77 23 0 273 185574 3 3000498 45640 1.8 19 11 3 10 24% 3907 136022 3056 4%
c x 161.69 79 23 0 273 185574 3 3000498 45634 1.8 19 11 3 10 24% 3907 135526 3056 4%
c = 162.28 58 23 0 273 185574 3 3000498 45634 1.8 19 11 3 10 24% 3917 135015 3011 4%
c d 162.28 58 23 0 273 185574 3 3000498 45632 1.8 19 11 3 10 24% 4002 134757 3011 4%
c t 162.29 58 23 0 273 185574 3 3000498 45632 1.8 19 11 3 10 24% 3995 134757 3011 4%
c - 162.75 56 22 0 274 185952 3 3016239 48920 1.8 19 11 3 10 24% 3910 134757 3011 4%
c - 163.39 59 22 0 275 187145 3 3032792 50371 1.8 19 11 3 10 24% 3914 134757 3011 4%
c
c seconds   switched       rate           size/glue  tier1     binary        remaining
c         MB  reductions      conflicts         size   tier2      irredundant
c          level     restarts        redundant     glue    trail         variables
c
c - 164.06 66 22 0 276 188345 3 3049375 50429 1.8 19 11 3 10 24% 3915 134757 3011 4%
c o 164.34 69 22 0 276 188994 3 3057187 57583 1.8 19 11 3 10 24% 3915 134757 3011 4%
c - 164.73 66 23 0 277 189713 3 3065988 49921 1.8 19 11 3 10 24% 3915 134757 3011 4%
c - 165.27 70 23 0 278 190580 3 3082634 49894 1.8 19 11 3 10 24% 3917 134757 3011 4%
c - 165.82 62 22 0 279 191170 3 3099307 50515 1.7 19 11 3 10 24% 3917 134757 3011 4%
c - 166.36 67 22 0 280 192163 3 3116012 50463 1.8 19 11 3 10 24% 3917 134757 3011 4%
c - 166.98 74 21 0 281 192996 3 3132749 50716 1.8 19 11 3 10 24% 3918 134757 3011 4%
c - 167.43 66 21 0 282 193603 3 3149512 51023 1.8 19 11 3 10 23% 3919 134757 3011 4%
c - 167.89 69 20 0 283 193904 2 3166304 52225 1.8 18 10 3 10 22% 3920 134757 3011 4%
c u 168.18 74 20 0 283 194272 3 3170116 54774 1.7 18 10 3 10 22% 3921 134757 3011 4%
c v 168.31 74 20 0 283 194272 3 3170116 54048 1.7 18 10 3 10 22% 3921 134757 3011 4%
c w 168.35 74 20 0 283 194272 3 3170116 53997 1.7 18 10 3 10 22% 3921 134757 3011 4%
c x 168.47 63 20 0 283 194272 3 3170116 53994 1.7 18 10 3 10 22% 3921 134686 3011 4%
c = 169.09 64 20 0 283 194272 3 3170116 53994 1.7 18 10 3 10 22% 3929 133814 2919 4%
c d 169.09 64 20 0 283 194272 3 3170116 53992 1.7 18 10 3 10 22% 3918 133691 2919 4%
c t 169.11 64 20 0 283 194272 3 3170116 53992 1.7 18 10 3 10 22% 3914 133691 2919 4%
c u 169.25 64 20 0 283 194272 3 3170116 52915 1.7 18 10 3 10 22% 3914 133691 2919 4%
c v 169.37 64 20 0 283 194272 3 3170116 52475 1.7 18 10 3 10 22% 3914 133691 2919 4%
c w 169.43 64 20 0 283 194272 3 3170116 52455 1.7 18 10 3 10 22% 3914 133691 2919 4%
c x 169.55 65 20 0 283 194272 3 3170116 52445 1.7 18 10 3 10 22% 3914 133623 2885 4%
c
c seconds   switched       rate           size/glue  tier1     binary        remaining
c         MB  reductions      conflicts         size   tier2      irredundant
c          level     restarts        redundant     glue    trail         variables
c
c i 170.16 57 20 0 283 194272 3 3170116 52445 1.7 18 10 3 10 22% 3975 133366 2885 4%
c - 170.51 57 20 0 284 195037 3 3183126 49954 1.7 18 10 3 10 22% 3705 133366 2885 4%
c - 171.08 62 21 0 285 196276 3 3199978 49978 1.7 18 11 3 10 21% 3705 133366 2885 4%
c - 171.59 62 21 0 286 197024 3 3216865 50695 1.7 18 10 3 10 21% 3708 133366 2885 4%
c - 172.25 62 23 0 287 198184 3 3233778 51172 1.8 19 11 3 10 21% 3709 133366 2885 4%
c - 172.91 62 23 0 288 199510 3 3250720 51478 1.8 19 11 3 10 21% 3709 133366 2885 4%
c - 173.37 53 22 0 289 199793 3 3267691 51619 1.8 19 11 3 10 21% 3709 133366 2885 4%
c - 173.87 50 21 0 290 200307 2 3284692 53243 1.8 18 10 3 10 21% 3709 133366 2885 4%
c - 174.43 53 21 0 291 201478 3 3301721 54988 1.8 18 10 3 10 20% 3709 133366 2885 4%
c o 174.62 48 21 0 291 201711 3 3307499 59850 1.8 18 10 3 10 20% 3709 133366 2885 4%
c s 175.07 51 20 0 291 201763 3 3309173 61173 1.8 18 10 3 10 20% 3712 132634 2885 4%
c e 175.09 54 20 0 291 201763 3 3309173 61173 1.8 18 10 3 10 20% 3488 133515 2777 4%
c s 175.52 54 20 0 291 201763 3 3309173 61173 1.8 18 10 3 10 20% 3498 132401 2777 4%
c e 175.53 54 20 0 291 201763 3 3309173 61173 1.8 18 10 3 10 20% 3428 132988 2722 3%
c - 175.93 57 21 0 292 202633 3 3318782 53676 1.8 18 10 3 10 20% 3428 132988 2722 3%
c - 176.50 65 21 0 293 203581 3 3335870 53348 1.8 18 10 3 10 20% 3429 132988 2722 3%
c u 177.03 70 21 0 293 204437 3 3344838 60736 1.8 19 11 3 10 20% 3428 132988 2722 3%
c v 177.17 71 21 0 293 204437 3 3344838 60310 1.8 19 11 3 10 20% 3428 132988 2722 3%
c w 177.22 71 21 0 293 204437 3 3344838 60276 1.8 19 11 3 10 20% 3428 132988 2722 3%
c x 177.33 69 21 0 293 204437 3 3344838 60274 1.8 19 11 3 10 20% 3434 132877 2722 3%
c
c seconds   switched       rate           size/glue  tier1     binary        remaining
c         MB  reductions      conflicts         size   tier2      irredundant
c          level     restarts        redundant     glue    trail         variables
c
c t 177.34 69 21 0 293 204437 3 3344838 60274 1.8 19 11 3 10 20% 3418 132877 2722 3%
c f 177.37 69 21 0 293 204437 3 3344838 60274 1.8 19 11 3 10 20% 3426 132217 2752 4%
c u 177.52 73 21 0 293 204437 3 3344838 59439 1.8 19 11 3 10 20% 3427 132217 2752 4%
c v 177.65 73 21 0 293 204437 3 3344838 59017 1.8 19 11 3 10 20% 3427 132217 2752 4%
c w 177.69 73 21 0 293 204437 3 3344838 59006 1.8 19 11 3 10 20% 3427 132217 2752 4%
c x 177.81 73 21 0 293 204437 3 3344838 58995 1.8 19 11 3 10 20% 3431 132153 2752 4%
c = 178.42 63 21 0 293 204437 3 3344838 58995 1.8 19 11 3 10 20% 3443 131935 2736 3%
c d 178.42 63 21 0 293 204437 3 3344838 58979 1.8 19 11 3 10 20% 3432 131868 2736 3%
c t 178.43 63 21 0 293 204437 3 3344838 58979 1.8 19 11 3 10 20% 3423 131868 2736 3%
c - 178.83 68 21 0 294 205399 3 3352987 51954 1.7 19 11 3 10 20% 3413 131868 2736 3%
c - 179.39 64 21 0 295 206107 3 3370134 52678 1.8 19 11 3 10 20% 3413 131868 2736 3%
c - 179.99 70 21 0 296 207281 3 3387312 53311 1.8 19 11 3 10 19% 3414 131868 2736 3%
c - 180.59 69 22 0 297 208513 3 3404518 53270 1.7 19 11 3 10 19% 3414 131868 2736 3%
c - 181.08 71 21 0 298 208745 3 3421755 54718 1.8 19 11 3 10 19% 3414 131868 2736 3%
c - 181.74 67 21 0 299 210030 3 3439017 55323 1.8 19 11 3 10 19% 3415 131868 2736 3%
c - 182.31 71 21 0 300 210696 3 3456308 55264 1.8 19 11 3 10 19% 3416 131868 2736 3%
c - 182.78 74 20 0 301 211015 2 3473628 55095 1.8 19 10 3 10 19% 3416 131868 2736 3%
c - 183.24 59 19 0 302 211249 2 3490979 55811 1.8 18 10 3 10 19% 3416 131868 2736 3%
c - 183.90 67 19 0 303 212717 2 3508357 56542 1.8 19 10 3 10 19% 3417 131868 2736 3%
c u 184.66 77 21 0 303 213999 3 3524670 70348 1.8 19 11 3 10 19% 3418 131868 2736 3%
c
c seconds   switched       rate           size/glue  tier1     binary        remaining
c         MB  reductions      conflicts         size   tier2      irredundant
c          level     restarts        redundant     glue    trail         variables
c
c v 184.81 78 21 0 303 213999 3 3524670 70211 1.8 19 11 3 10 19% 3418 131868 2736 3%
c w 184.88 78 21 0 303 213999 3 3524670 70191 1.8 19 11 3 10 19% 3418 131868 2736 3%
c x 184.99 67 21 0 303 213999 3 3524670 70186 1.8 19 11 3 10 19% 3431 131630 2736 3%
c t 185.66 70 21 0 303 213999 3 3524670 70186 1.8 19 11 3 10 19% 3422 131630 2736 3%
c - 185.74 71 21 0 304 214105 3 3525763 54816 1.8 19 11 3 10 19% 3422 131630 2736 3%
c - 186.42 67 21 0 305 215310 3 3543198 55092 1.8 19 11 3 10 19% 3423 131630 2736 3%
c - 186.98 71 21 0 306 216290 3 3560663 54199 1.8 19 11 3 10 19% 3423 131630 2736 3%
c o 187.17 64 20 0 306 216335 3 3567502 59472 1.8 19 11 3 10 19% 3423 131630 2736 3%
c - 187.62 70 21 0 307 217489 3 3578156 53911 1.8 19 11 3 10 19% 3424 131630 2736 3%
c - 188.26 63 22 0 308 218371 3 3595678 54378 1.7 19 11 3 10 19% 3426 131630 2736 3%
c - 188.78 67 21 0 309 219125 3 3613227 55474 1.8 19 11 3 10 19% 3428 131630 2736 3%
c - 189.29 63 20 0 310 219417 2 3630806 56152 1.8 19 11 3 10 19% 3428 131630 2736 3%
c - 189.84 66 19 0 311 219609 2 3648412 57012 1.8 18 10 3 10 18% 3428 131630 2736 3%
c - 190.46 63 19 0 312 220472 2 3666047 58288 1.8 18 10 3 10 18% 3428 131630 2736 3%
c - 190.97 63 18 0 313 220695 2 3683710 57775 1.8 18 10 3 10 18% 3428 131630 2736 3%
c - 191.60 69 19 0 314 222144 2 3701401 57683 1.7 18 10 3 10 18% 3430 131630 2736 3%
c u 191.95 71 18 0 314 222171 2 3709686 63079 1.7 18 10 3 10 18% 3430 131630 2736 3%
c v 192.07 71 18 0 314 222171 2 3709686 59932 1.7 18 10 3 10 18% 3430 131630 2736 3%
c w 192.09 71 18 0 314 222171 2 3709686 59907 1.7 18 10 3 10 18% 3430 131630 2736 3%
c x 192.25 72 18 0 314 222171 2 3709686 59902 1.7 18 10 3 10 18% 3432 131509 2736 3%
c
c seconds   switched       rate           size/glue  tier1     binary        remaining
c         MB  reductions      conflicts         size   tier2      irredundant
c          level     restarts        redundant     glue    trail         variables
c
c t 192.26 72 18 0 314 222171 2 3709686 59902 1.7 18 10 3 10 18% 3427 131509 2736 3%
c - 192.62 67 19 0 315 222874 2 3719121 56656 1.7 18 10 3 10 18% 3428 131509 2736 3%
c - 193.22 71 19 0 316 223810 2 3736870 58458 1.7 18 10 3 10 18% 3428 131509 2736 3%
c - 193.77 63 18 0 317 223950 2 3754646 60279 1.7 17 10 3 10 18% 3428 131509 2736 3%
c s 194.76 54 17 0 317 224058 2 3771657 73120 1.7 17 10 3 10 18% 3436 131087 2736 3%
c e 194.78 56 17 0 317 224058 2 3771657 73120 1.7 17 10 3 10 18% 3328 131704 2686 3%
c s 195.24 56 17 0 317 224058 2 3771657 73120 1.7 17 10 3 10 18% 3331 131457 2686 3%
c e 195.25 56 17 0 317 224058 2 3771657 73120 1.7 17 10 3 10 18% 3322 131535 2681 3%
c - 195.30 57 17 0 318 224181 2 3772451 61380 1.7 17 10 3 10 18% 3322 131535 2681 3%
c - 196.10 64 18 0 319 226074 2 3790283 62462 1.7 17 10 3 10 18% 3322 131535 2681 3%
c - 196.77 65 19 0 320 227640 3 3808143 60691 1.7 18 10 3 10 19% 3323 131535 2681 3%
c - 197.26 61 18 0 321 227914 2 3826031 60360 1.7 17 10 3 10 19% 3323 131535 2681 3%
c - 197.79 57 17 0 322 227972 2 3843947 61100 1.7 17 10 3 10 19% 3323 131535 2681 3%
c o 197.87 57 17 0 322 228071 2 3846358 62884 1.7 17 10 3 10 19% 3324 131535 2681 3%
c - 198.56 61 18 0 323 229712 2 3861892 62084 1.7 17 10 3 10 18% 3325 131535 2681 3%
c - 199.31 51 19 0 324 231667 3 3879864 61308 1.7 17 10 3 10 19% 3327 131535 2681 3%
c - 200.09 58 20 0 325 233466 3 3897865 59961 1.7 18 11 3 10 18% 3329 131535 2681 3%
c u 200.29 61 20 0 325 233485 3 3899915 60643 1.7 18 11 3 10 19% 3331 131535 2681 3%
c v 200.40 62 20 0 325 233485 3 3899915 59567 1.7 18 11 3 10 19% 3331 131535 2681 3%
c w 200.43 62 20 0 325 233485 3 3899915 59403 1.7 18 11 3 10 19% 3331 131535 2681 3%
c
c seconds   switched       rate           size/glue  tier1     binary        remaining
c         MB  reductions      conflicts         size   tier2      irredundant
c          level     restarts        redundant     glue    trail         variables
c
c x 200.57 65 20 0 325 233485 3 3899915 59393 1.7 18 11 3 10 19% 3335 131450 2676 3%
c = 201.28 52 20 0 325 233485 3 3899915 59393 1.7 18 11 3 10 19% 3347 131271 2665 3%
c d 201.29 52 20 0 325 233485 3 3899915 59387 1.7 18 11 3 10 19% 3369 131231 2665 3%
c t 201.29 52 20 0 325 233485 3 3899915 59387 1.7 18 11 3 10 19% 3353 131231 2665 3%
c f 201.31 52 20 0 325 233485 3 3899915 59387 1.7 18 11 3 10 19% 3358 131027 2674 3%
c u 201.45 55 20 0 325 233485 3 3899915 58206 1.7 18 11 3 10 19% 3359 131027 2674 3%
c v 201.57 55 20 0 325 233485 3 3899915 57780 1.7 18 11 3 10 19% 3360 131027 2674 3%
c w 201.61 55 20 0 325 233485 3 3899915 57712 1.7 18 11 3 10 19% 3360 131027 2674 3%
c x 201.75 45 20 0 325 233485 3 3899915 57709 1.7 18 11 3 10 19% 3366 130799 2674 3%
c = 202.47 46 20 0 325 233485 3 3899915 57709 1.7 18 11 3 10 19% 3378 130720 2661 3%
c d 202.47 46 20 0 325 233485 3 3899915 57700 1.7 18 11 3 10 19% 3365 130706 2661 3%
c t 202.47 46 20 0 325 233485 3 3899915 57700 1.7 18 11 3 10 19% 3350 130706 2661 3%
c f 202.49 47 20 0 325 233485 3 3899915 57700 1.7 18 11 3 10 19% 3351 130686 2662 3%
c i 202.49 52 20 0 325 233485 3 3899915 57700 1.7 18 11 3 10 19% 3351 130686 2662 3%
c - 203.15 61 21 0 326 235266 3 3915893 56562 1.7 18 11 3 10 19% 3274 130686 2662 3%
c - 203.70 60 21 0 327 236009 3 3933950 57677 1.7 19 11 3 10 18% 3275 130686 2662 3%
c - 204.31 53 21 0 328 236942 3 3952033 58754 1.7 19 11 3 10 18% 3276 130685 2662 3%
c - 205.02 53 21 0 329 238116 3 3970143 59835 1.8 19 11 3 10 18% 3276 130685 2662 3%
c - 205.55 56 20 0 330 238406 3 3988281 59777 1.7 19 11 3 10 18% 3276 130685 2662 3%
c - 206.12 56 19 0 331 238451 2 4006446 60894 1.7 18 10 3 10 18% 3276 130685 2662 3%
c
c seconds   switched       rate           size/glue  tier1     binary        remaining
c         MB  reductions      conflicts         size   tier2      irredundant
c          level     restarts        redundant     glue    trail         variables
c
c - 206.73 52 18 0 332 239181 2 4024639 61560 1.7 18 10 3 10 19% 3278 130685 2662 3%
c - 207.25 57 18 0 333 239850 2 4042860 62276 1.7 18 10 3 10 18% 3280 130685 2662 3%
c - 207.89 64 19 0 334 241312 2 4061108 61536 1.7 18 10 3 10 19% 3281 130685 2662 3%
c - 208.54 61 19 0 335 242898 3 4079384 60639 1.7 18 11 3 10 18% 3282 130685 2662 3%
c u 209.12 53 19 0 335 243208 2 4095359 72682 1.7 18 10 3 10 18% 3283 130685 2662 3%
c v 209.25 54 19 0 335 243208 2 4095359 68532 1.7 18 10 3 10 18% 3283 130685 2662 3%
c w 209.30 54 19 0 335 243208 2 4095359 67678 1.7 18 10 3 10 18% 3283 130685 2662 3%
c x 209.40 55 19 0 335 243208 2 4095359 67671 1.7 18 10 3 10 18% 3300 130572 2662 3%
c = 210.08 57 19 0 335 243208 2 4095359 67671 1.7 18 10 3 10 18% 3302 130571 2659 3%
c d 210.08 57 19 0 335 243208 2 4095359 67668 1.7 18 10 3 10 18% 3303 130555 2659 3%
c t 210.09 57 19 0 335 243208 2 4095359 67668 1.7 18 10 3 10 18% 3284 130555 2659 3%
c u 210.25 58 19 0 335 243208 2 4095359 66596 1.7 18 10 3 10 18% 3284 130555 2659 3%
c v 210.38 58 19 0 335 243208 2 4095359 65946 1.7 18 10 3 10 18% 3284 130555 2659 3%
c w 210.43 58 19 0 335 243208 2 4095359 65192 1.7 18 10 3 10 18% 3284 130555 2659 3%
c x 210.56 58 19 0 335 243208 2 4095359 65140 1.7 18 10 3 10 18% 3336 129369 2650 3%
c = 211.22 48 19 0 335 243208 2 4095359 65140 1.7 18 10 3 10 18% 3338 129266 2648 3%
c d 211.23 48 19 0 335 243208 2 4095359 65130 1.7 18 10 3 10 18% 3341 129261 2648 3%
c t 211.23 48 19 0 335 243208 2 4095359 65130 1.7 18 10 3 10 18% 3329 129261 2648 3%
c i 211.25 48 19 0 335 243208 2 4095359 65130 1.7 18 10 3 10 18% 3329 129261 2648 3%
c - 211.37 51 19 0 336 243482 3 4097687 56493 1.7 18 10 3 10 18% 3295 129261 2648 3%
c
c seconds   switched       rate           size/glue  tier1     binary        remaining
c         MB  reductions      conflicts         size   tier2      irredundant
c          level     restarts        redundant     glue    trail         variables
c
c - 211.94 53 19 0 337 243966 2 4116019 58373 1.7 18 10 3 10 18% 3295 129261 2648 3%
c o 212.24 53 18 0 337 244018 2 4126856 67112 1.7 18 10 3 10 18% 3295 129261 2648 3%
c - 212.58 58 19 0 338 244995 2 4134376 59740 1.7 18 10 3 10 18% 3296 129261 2648 3%
c - 213.34 63 19 0 339 246215 3 4152760 60463 1.7 18 10 3 10 18% 3297 129261 2648 3%
c - 214.09 58 20 0 340 247845 3 4171171 60554 1.7 18 11 3 10 18% 3298 129261 2648 3%
c - 214.69 61 20 0 341 248401 3 4189610 60700 1.7 18 11 3 10 18% 3299 129261 2648 3%
c - 215.28 53 19 0 342 249210 3 4208077 62381 1.7 18 10 3 10 18% 3300 129261 2648 3%
c - 216.09 54 20 0 343 251108 3 4226570 62451 1.7 18 11 3 10 18% 3300 129261 2648 3%
c - 216.76 66 20 0 344 251907 3 4245090 61815 1.7 18 11 3 10 18% 3303 129261 2648 3%
c - 217.39 73 20 0 345 253303 3 4263637 62515 1.7 18 11 3 10 18% 3304 129261 2648 3%
c s 218.17 55 21 0 345 253382 3 4270542 68765 1.7 18 10 3 10 18% 3313 128583 2648 3%
c e 218.18 57 21 0 345 253382 3 4270542 68765 1.7 18 10 3 10 18% 3113 129704 2553 3%
c 2 218.18 57 21 0 345 253382 3 4270542 68765 1.7 18 10 3 10 18% 3111 129704 2553 3%
c s 218.69 57 21 0 345 253382 3 4270542 68765 1.7 18 10 3 10 18% 3128 129270 2553 3%
c e 218.70 57 21 0 345 253382 3 4270542 68765 1.7 18 10 3 10 18% 3121 129349 2548 3%
c - 219.09 51 21 0 346 253980 3 4282211 61342 1.7 18 10 3 10 18% 3121 129349 2548 3%
c u 219.78 57 22 0 346 255370 3 4296028 73313 1.7 19 11 3 10 18% 3123 129349 2548 3%
c v 219.95 57 22 0 346 255370 3 4296028 73058 1.7 19 11 3 10 18% 3122 129349 2548 3%
c w 220.03 57 22 0 346 255370 3 4296028 73050 1.7 19 11 3 10 18% 3122 129349 2548 3%
c x 220.14 59 22 0 346 255370 3 4296028 73046 1.7 19 11 3 10 18% 3144 129131 2548 3%
c
c seconds   switched       rate           size/glue  tier1     binary        remaining
c         MB  reductions      conflicts         size   tier2      irredundant
c          level     restarts        redundant     glue    trail         variables
c
c = 220.88 52 22 0 346 255370 3 4296028 73046 1.7 19 11 3 10 18% 3148 129131 2546 3%
c d 220.89 52 22 0 346 255370 3 4296028 73043 1.7 19 11 3 10 18% 3143 129131 2546 3%
c t 220.89 52 22 0 346 255370 3 4296028 73043 1.7 19 11 3 10 18% 3109 129131 2546 3%
c f 220.92 52 22 0 346 255370 3 4296028 73043 1.7 19 11 3 10 18% 3136 128761 2563 3%
c u 221.10 63 22 0 346 255370 3 4296028 71977 1.7 19 11 3 10 18% 3141 128761 2563 3%
c v 221.27 64 22 0 346 255370 3 4296028 71524 1.7 19 11 3 10 18% 3141 128761 2563 3%
c w 221.35 64 22 0 346 255370 3 4296028 71502 1.7 19 11 3 10 18% 3141 128761 2563 3%
c x 221.50 64 22 0 346 255370 3 4296028 71482 1.7 19 11 3 10 18% 3209 127170 2561 3%
c = 222.25 65 22 0 346 255370 3 4296028 71482 1.7 19 11 3 10 18% 3217 127123 2556 3%
c d 222.26 65 22 0 346 255370 3 4296028 71478 1.7 19 11 3 10 18% 3204 127122 2556 3%
c t 222.26 65 22 0 346 255370 3 4296028 71478 1.7 19 11 3 10 18% 3196 127122 2556 3%
c i 222.28 65 22 0 346 255370 3 4296028 71478 1.7 19 11 3 10 18% 3196 127122 2556 3%
c - 222.50 49 22 0 347 255982 3 4300812 58694 1.7 19 11 3 10 18% 3188 127122 2556 3%
c - 223.14 53 21 0 348 256933 3 4319440 58566 1.7 19 11 3 10 18% 3188 127122 2556 3%
c - 223.76 58 21 0 349 257548 3 4338094 58773 1.7 18 11 3 10 18% 3189 127122 2556 3%
c - 224.33 59 19 0 350 257631 2 4356775 59493 1.7 18 10 3 10 18% 3189 127122 2556 3%
c - 225.04 57 20 0 351 259400 3 4375484 58688 1.7 18 11 3 10 18% 3192 127122 2556 3%
c - 225.66 60 20 0 352 260159 3 4394218 58771 1.7 18 11 3 10 18% 3192 127122 2556 3%
c - 226.31 69 20 0 353 261046 3 4412980 59146 1.7 18 10 3 10 18% 3192 127122 2556 3%
c - 226.82 57 18 0 354 261109 2 4431768 60474 1.7 17 10 3 10 18% 3193 127122 2556 3%
c
c seconds   switched       rate           size/glue  tier1     binary        remaining
c         MB  reductions      conflicts         size   tier2      irredundant
c          level     restarts        redundant     glue    trail         variables
c
c o 226.98 58 18 0 354 261173 2 4437557 65043 1.7 17 10 3 10 18% 3194 127122 2556 3%
c - 227.50 65 19 0 355 262619 2 4450582 61958 1.7 17 10 3 10 18% 3195 127122 2556 3%
c - 227.97 53 18 0 356 262669 2 4469423 61208 1.7 16 10 3 10 17% 3195 127122 2556 3%
c - 228.49 54 17 0 357 263329 2 4488292 61996 1.7 16 10 3 10 17% 3196 127122 2556 3%
c u 229.04 45 17 0 357 263710 2 4501918 71295 1.7 16 10 3 10 17% 3245 127122 2556 3%
c v 229.17 45 17 0 357 263710 2 4501918 65492 1.7 16 10 3 10 17% 3234 127122 2556 3%
c w 229.21 45 17 0 357 263710 2 4501918 65351 1.7 16 10 3 10 17% 3234 127122 2556 3%
c x 229.38 49 17 0 357 263710 2 4501918 65326 1.7 16 10 3 10 17% 3332 125982 2556 3%
c = 230.12 50 17 0 357 263710 2 4501918 65326 1.7 16 10 3 10 17% 3336 125970 2553 3%
c d 230.13 50 17 0 357 263710 2 4501918 65319 1.7 16 10 3 10 17% 3330 125967 2553 3%
c t 230.13 50 17 0 357 263710 2 4501918 65319 1.7 16 10 3 10 17% 3282 125967 2553 3%
c u 230.30 51 17 0 357 263710 2 4501918 62474 1.7 16 10 3 10 17% 3579 125967 2553 3%
c v 230.43 52 17 0 357 263710 2 4501918 61683 1.7 16 10 3 10 17% 3285 125967 2553 3%
c w 230.49 52 17 0 357 263710 2 4501918 61557 1.7 16 10 3 10 17% 3285 125967 2553 3%
c x 230.63 48 17 0 357 263710 2 4501918 61547 1.7 16 10 3 10 17% 3285 125676 2553 3%
c = 231.38 49 17 0 357 263710 2 4501918 61547 1.7 16 10 3 10 17% 3287 125671 2549 3%
c d 231.38 49 17 0 357 263710 2 4501918 61547 1.7 16 10 3 10 17% 3285 125661 2549 3%
c t 231.39 49 17 0 357 263710 2 4501918 61547 1.7 16 10 3 10 17% 3284 125661 2549 3%
c - 231.66 52 17 0 358 264420 2 4507186 53677 1.7 16 10 3 10 17% 3272 125661 2549 3%
c - 232.33 57 18 0 359 266268 2 4526106 55446 1.7 17 10 3 10 17% 3272 125661 2549 3%
c
c seconds   switched       rate           size/glue  tier1     binary        remaining
c         MB  reductions      conflicts         size   tier2      irredundant
c          level     restarts        redundant     glue    trail         variables
c
c - 232.99 64 19 0 360 267862 3 4545053 54920 1.7 17 10 3 10 18% 3272 125661 2549 3%
c - 233.72 66 20 0 361 269334 3 4564027 55798 1.7 17 10 3 10 18% 3274 125661 2549 3%
c - 234.41 57 20 0 362 270755 3 4583030 56447 1.7 18 11 3 10 18% 3275 125661 2549 3%
c - 234.91 59 19 0 363 271029 2 4602057 57821 1.7 17 10 3 10 18% 3275 125661 2549 3%
c - 235.55 51 19 0 364 272110 2 4621109 58870 1.7 17 10 3 10 17% 3277 125661 2549 3%
c - 236.09 53 18 0 365 272661 2 4640187 60105 1.7 17 10 3 10 17% 3278 125661 2549 3%
c - 236.65 53 18 0 366 273401 2 4659291 59230 1.7 17 10 3 10 17% 3279 125661 2549 3%
c - 237.23 55 17 0 367 274031 2 4678422 60157 1.7 16 10 3 10 17% 3280 125661 2549 3%
c - 237.86 53 18 0 368 275623 2 4697579 61218 1.7 16 10 3 10 17% 3282 125661 2549 3%
c u 238.42 56 17 0 368 275870 2 4713081 71615 1.7 16 10 3 10 17% 3359 125660 2549 3%
c v 238.55 56 17 0 368 275870 2 4713081 70828 1.7 16 10 3 10 17% 3284 125660 2549 3%
c w 238.60 56 17 0 368 275870 2 4713081 70535 1.7 16 10 3 10 17% 3284 125660 2549 3%
c x 238.73 59 17 0 368 275870 2 4713081 70516 1.7 16 10 3 10 17% 3285 125117 2549 3%
c = 239.47 52 17 0 368 275870 2 4713081 70516 1.7 16 10 3 10 17% 3287 125117 2548 3%
c d 239.48 52 17 0 368 275870 2 4713081 70512 1.7 16 10 3 10 17% 3284 125117 2548 3%
c t 239.48 52 17 0 368 275870 2 4713081 70512 1.7 16 10 3 10 17% 3282 125117 2548 3%
c f 239.49 52 17 0 368 275870 2 4713081 70512 1.7 16 10 3 10 17% 3285 125089 2549 3%
c - 239.68 63 18 0 369 276378 2 4716762 57567 1.7 16 10 3 10 17% 3285 125089 2549 3%
c - 240.33 67 18 0 370 278073 2 4735971 58433 1.6 16 10 3 10 17% 3286 125089 2549 3%
c o 240.45 67 18 0 370 278334 2 4740519 62586 1.6 16 10 3 10 17% 3286 125089 2549 3%
c
c seconds   switched       rate           size/glue  tier1     binary        remaining
c         MB  reductions      conflicts         size   tier2      irredundant
c          level     restarts        redundant     glue    trail         variables
c
c - 240.98 74 19 0 371 279508 3 4755208 58339 1.6 17 10 3 10 18% 3287 125089 2549 3%
c - 241.52 52 17 0 372 279519 2 4774469 59383 1.6 16 10 3 10 17% 3288 125089 2549 3%
c - 242.13 56 17 0 373 280524 2 4793756 61473 1.6 16 10 3 10 17% 3290 125089 2549 3%
c s 243.07 53 18 0 373 281962 3 4806627 73243 1.6 16 10 3 10 17% 3306 124302 2549 3%
c e 243.09 54 18 0 373 281962 3 4806627 73243 1.6 16 10 3 10 17% 3099 125805 2425 3%
c s 243.58 54 18 0 373 281962 3 4806627 73243 1.6 16 10 3 10 17% 3108 125390 2425 3%
c e 243.59 54 18 0 373 281962 3 4806627 73243 1.6 16 10 3 10 17% 3103 125447 2421 3%
c - 243.88 49 18 0 374 282582 3 4813069 60162 1.6 17 10 3 10 17% 3103 125447 2421 3%
c - 244.41 51 18 0 375 283070 2 4832411 59230 1.6 16 10 3 10 17% 3103 125447 2421 3%
c - 244.97 56 18 0 376 284353 2 4851775 59935 1.6 17 10 3 10 17% 3103 125447 2421 3%
c - 245.57 52 18 0 377 285000 2 4871165 60713 1.6 16 10 3 9 18% 3104 125447 2421 3%
c - 246.13 53 17 0 378 285473 2 4890582 62272 1.6 16 10 3 9 17% 3105 125447 2421 3%
c - 246.75 53 16 0 379 285949 2 4910026 63165 1.6 16 10 3 9 17% 3105 125447 2421 3%
c - 247.41 53 15 0 380 286316 2 4929494 62904 1.6 15 10 3 9 17% 3105 125447 2421 3%
c u 247.57 56 15 0 380 286316 2 4929540 57691 1.6 15 10 3 9 17% 3244 125447 2421 3%
c v 247.70 56 15 0 380 286316 2 4929540 55665 1.6 15 10 3 9 17% 3128 125447 2421 3%
c x 247.90 58 15 0 380 286316 2 4929540 55660 1.6 15 10 3 9 17% 3129 125146 2421 3%
c = 248.73 59 15 0 380 286316 2 4929540 55660 1.6 15 10 3 9 17% 3133 125146 2419 3%
c d 248.73 59 15 0 380 286316 2 4929540 55659 1.6 15 10 3 9 17% 3128 125146 2419 3%
c t 248.74 59 15 0 380 286316 2 4929540 55659 1.6 15 10 3 9 17% 3072 125146 2419 3%
c
c seconds   switched       rate           size/glue  tier1    binary        remaining
c         MB  reductions      conflicts         size   tier2     irredundant
c          level     restarts        redundant     glue   trail         variables
c
c f 248.76 59 15 0 380 286316 2 4929540 55659 1.6 15 10 3 9 17% 3103 124823 2435 3%
c u 248.95 68 15 0 380 286316 2 4929540 54282 1.6 15 10 3 9 17% 3104 124823 2435 3%
c v 249.10 68 15 0 380 286316 2 4929540 53322 1.6 15 10 3 9 17% 3104 124823 2435 3%
c x 249.32 69 15 0 380 286316 2 4929540 53320 1.6 15 10 3 9 17% 3106 124359 2435 3%
c - 250.92 53 17 0 381 288645 2 4948988 55841 1.6 16 10 3 9 17% 3110 124359 2435 3%
c - 251.65 61 18 0 382 290648 3 4968507 56106 1.6 17 10 3 9 17% 3110 124359 2435 3%
c - 252.36 60 19 0 383 292186 3 4988051 56491 1.7 17 10 3 9 18% 3111 124359 2435 3%
c - 253.01 60 19 0 384 292994 3 5007621 57135 1.7 17 10 3 9 17% 3112 124359 2435 3%
c - 253.63 65 19 0 385 294162 3 5027219 57481 1.7 17 10 3 9 17% 3113 124359 2435 3%
c - 254.36 58 20 0 386 295909 3 5046841 57356 1.7 18 11 3 9 18% 3113 124359 2435 3%
c o 254.47 58 19 0 386 296013 3 5050981 60859 1.7 18 11 3 9 18% 3113 124359 2435 3%
c - 254.97 54 19 0 387 297089 3 5066488 57545 1.7 18 11 3 9 18% 3115 124359 2435 3%
c - 255.55 57 19 0 388 297525 2 5086160 58232 1.7 18 10 3 9 17% 3116 124358 2435 3%
c - 256.09 61 18 0 389 297993 2 5105858 60008 1.7 17 10 3 9 17% 3116 124358 2435 3%
c - 256.75 66 18 0 390 298692 2 5125581 61457 1.7 17 10 3 9 17% 3117 124358 2435 3%
c - 257.34 57 18 0 391 299283 2 5145329 61110 1.7 17 10 3 9 17% 3117 124358 2435 3%
c u 257.68 60 17 0 391 299283 2 5151336 63692 1.7 17 10 3 9 17% 3290 124358 2435 3%
c v 257.83 60 17 0 391 299283 2 5151336 62023 1.7 17 10 3 9 17% 3135 124358 2435 3%
c w 257.87 60 17 0 391 299283 2 5151336 61466 1.7 17 10 3 9 17% 3135 124358 2435 3%
c x 258.01 62 17 0 391 299283 2 5151336 61461 1.7 17 10 3 9 17% 3135 124204 2435 3%
c
c seconds   switched       rate           size/glue  tier1    binary        remaining
c         MB  reductions      conflicts         size   tier2     irredundant
c          level     restarts        redundant     glue   trail         variables
c
c t 258.02 54 17 0 391 299283 2 5151336 61461 1.7 17 10 3 9 17% 3108 124204 2435 3%
c - 258.61 59 18 0 392 300847 2 5165103 58515 1.7 17 10 3 9 17% 3108 124204 2435 3%
c i 259.15 60 18 0 392 301483 2 5181873 72008 1.7 17 10 3 9 17% 3121 124204 2434 3%
c - 259.25 53 18 0 393 301654 2 5184902 50351 1.7 17 10 3 9 17% 3102 124204 2434 3%
c - 259.95 60 18 0 394 303164 2 5204727 52514 1.7 17 10 3 9 17% 3104 124204 2434 3%
c - 260.48 60 17 0 395 303189 2 5224578 56508 1.7 16 10 3 9 17% 3104 124204 2434 3%
c - 261.07 61 16 0 396 303221 2 5244452 61167 1.7 16 9 3 9 17% 3107 124204 2434 3%
c i 261.13 61 16 0 396 303221 2 5246352 62419 1.7 16 9 3 9 17% 3117 124204 2433 3%
c - 261.81 61 17 0 397 305153 2 5264351 46309 1.7 16 10 3 9 17% 3088 124204 2433 3%
c - 262.52 68 18 0 398 306955 2 5284276 50507 1.7 17 10 3 9 17% 3090 124204 2433 3%
c - 263.08 66 18 0 399 307951 2 5304225 51988 1.7 16 10 3 9 17% 3093 124203 2433 3%
c - 263.85 58 18 0 400 309917 3 5324199 53215 1.7 17 10 3 9 17% 3093 124203 2433 3%
c - 264.56 57 19 0 401 311021 3 5344200 54009 1.7 17 10 3 9 17% 3093 124203 2433 3%
c - 265.43 55 20 0 402 313329 3 5364224 55229 1.7 18 11 3 9 18% 3094 124203 2433 3%
c o 265.72 57 20 0 402 313691 3 5372800 62287 1.7 18 10 3 9 17% 3094 124203 2433 3%
c u 266.12 62 20 0 402 314268 3 5378487 66116 1.7 18 11 3 9 17% 3099 122174 2433 3%
c v 266.30 63 20 0 402 314268 3 5378487 65183 1.7 18 11 3 9 17% 3099 122174 2433 3%
c w 266.37 63 20 0 402 314268 3 5378487 64608 1.7 18 11 3 9 17% 3099 122174 2433 3%
c x 266.53 53 20 0 402 314268 3 5378487 64595 1.7 18 11 3 9 17% 3099 121720 2433 3%
c = 267.45 54 20 0 402 314268 3 5378487 64595 1.7 18 11 3 9 17% 3103 121528 2431 3%
c
c seconds   switched       rate           size/glue  tier1    binary        remaining
c         MB  reductions      conflicts         size   tier2     irredundant
c          level     restarts        redundant     glue   trail         variables
c
c d 267.46 54 20 0 402 314268 3 5378487 64261 1.7 18 11 3 9 17% 3095 121528 2431 3%
c t 267.47 54 20 0 402 314268 3 5378487 64261 1.7 18 11 3 9 17% 3085 121528 2431 3%
c u 267.66 63 20 0 402 314268 3 5378487 62797 1.7 18 11 3 9 17% 3098 121528 2431 3%
c v 267.86 63 20 0 402 314268 3 5378487 60577 1.7 18 11 3 9 17% 3098 121528 2431 3%
c w 267.93 63 20 0 402 314268 3 5378487 60544 1.7 18 11 3 9 17% 3098 121528 2431 3%
c x 268.11 63 20 0 402 314268 3 5378487 60524 1.7 18 11 3 9 17% 3098 121224 2431 3%
c t 268.58 63 20 0 402 314268 3 5378487 60524 1.7 18 11 3 9 17% 3092 121224 2431 3%
c s 269.27 72 20 0 402 314545 3 5380579 62533 1.7 18 11 3 9 17% 3095 120416 2431 3%
c e 269.28 74 20 0 402 314545 3 5380579 62533 1.7 18 11 3 9 17% 3072 120567 2422 3%
c s 269.86 66 20 0 402 314545 3 5380579 62533 1.7 18 11 3 9 17% 3073 119440 2422 3%
c - 270.02 68 21 0 403 314790 3 5384273 50471 1.7 18 11 3 9 18% 3073 119440 2422 3%
c - 270.59 56 20 0 404 315237 3 5404347 52285 1.7 18 10 3 9 18% 3073 119440 2422 3%
c - 271.25 62 20 0 405 316328 3 5424448 53688 1.7 18 10 3 9 18% 3073 119440 2422 3%
c - 271.96 52 20 0 406 317673 3 5444574 54433 1.7 18 11 3 9 18% 3074 119440 2422 3%
c - 272.61 53 20 0 407 318808 3 5464723 54021 1.7 18 11 3 9 18% 3074 119440 2422 3%
c - 273.32 45 21 0 408 319827 3 5484898 54922 1.7 18 11 3 9 18% 3076 119440 2422 3%
c - 273.88 44 21 0 409 320316 2 5505097 55952 1.7 18 11 3 9 18% 3076 119440 2422 3%
c - 274.57 45 21 0 410 321405 2 5525320 56692 1.7 18 10 3 9 18% 3077 119440 2422 3%
c - 275.13 42 19 0 411 321463 2 5545573 58687 1.7 17 10 3 9 18% 3077 119440 2422 3%
c - 275.90 46 19 0 412 323106 2 5565847 58718 1.7 18 10 3 9 18% 3078 119440 2422 3%
c
c seconds   switched       rate           size/glue  tier1    binary        remaining
c         MB  reductions      conflicts         size   tier2     irredundant
c          level     restarts        redundant     glue   trail         variables
c
c - 276.74 45 21 0 413 324849 3 5586144 59524 1.7 18 10 3 9 18% 3081 119440 2422 3%
c - 277.41 46 21 0 414 325950 3 5606467 59376 1.7 18 10 3 9 18% 3084 119439 2422 3%
c u 277.76 46 21 0 414 326317 3 5610936 62102 1.7 18 10 3 9 18% 3085 119439 2422 3%
c v 277.93 46 21 0 414 326317 3 5610936 61559 1.7 18 10 3 9 18% 3085 119439 2422 3%
c w 278.00 46 21 0 414 326317 3 5610936 61518 1.7 18 10 3 9 18% 3085 119439 2422 3%
c x 278.16 49 21 0 414 326317 3 5610936 61510 1.7 18 10 3 9 18% 3087 119290 2422 3%
c t 278.16 49 21 0 414 326317 3 5610936 61510 1.7 18 10 3 9 18% 3077 119290 2422 3%
c f 278.18 49 21 0 414 326317 3 5610936 61510 1.7 18 10 3 9 18% 3089 119181 2426 3%
c u 278.36 60 21 0 414 326317 3 5610936 60008 1.7 18 10 3 9 18% 3091 119181 2426 3%
c v 278.52 61 21 0 414 326317 3 5610936 59442 1.7 18 10 3 9 18% 3091 119181 2426 3%
c w 278.58 61 21 0 414 326317 3 5610936 59336 1.7 18 10 3 9 18% 3091 119181 2426 3%
c x 278.71 63 21 0 414 326317 3 5610936 59327 1.7 18 10 3 9 18% 3091 119101 2426 3%
c = 279.54 59 21 0 414 326317 3 5610936 59327 1.7 18 10 3 9 18% 3105 118878 2404 3%
c d 279.54 59 21 0 414 326317 3 5610936 59308 1.7 18 10 3 9 18% 3124 118832 2404 3%
c t 279.55 59 21 0 414 326317 3 5610936 59308 1.7 18 10 3 9 18% 3115 118832 2404 3%
c - 280.11 62 21 0 415 327287 3 5626813 56967 1.7 18 10 3 9 18% 3065 118832 2404 3%
c - 280.77 60 21 0 416 328221 3 5647184 57604 1.7 18 10 3 9 18% 3066 118832 2404 3%
c - 281.37 60 20 0 417 328633 2 5667580 58359 1.7 18 10 3 9 18% 3067 118832 2404 3%
c - 281.99 65 19 0 418 329122 2 5688000 59824 1.7 17 10 3 9 18% 3068 118832 2404 3%
c o 282.52 57 19 0 418 330198 2 5702875 72817 1.7 17 10 3 9 18% 3069 118832 2404 3%
c
c seconds   switched       rate           size/glue  tier1    binary        remaining
c         MB  reductions      conflicts         size   tier2     irredundant
c          level     restarts        redundant     glue   trail         variables
c
c - 282.73 59 19 0 419 330591 2 5708446 61375 1.7 17 10 3 9 18% 3069 118832 2404 3%
c - 283.30 53 18 0 420 330704 2 5728915 61104 1.7 16 10 3 9 18% 3070 118832 2404 3%
c - 283.96 54 17 0 421 331364 2 5749408 62627 1.7 16 10 3 9 17% 3070 118832 2404 3%
c - 284.71 58 16 0 422 331862 2 5769926 62773 1.7 16 10 3 9 17% 3071 118832 2404 3%
c - 285.53 57 18 0 423 333947 2 5790468 64367 1.7 16 10 3 9 17% 3071 118832 2404 3%
c - 286.14 59 17 0 424 334276 2 5811035 63595 1.7 16 10 3 9 17% 3071 118832 2404 3%
c - 286.78 60 16 0 425 334409 2 5831628 65319 1.7 16 9 3 9 17% 3071 118832 2404 3%
c u 287.59 54 15 0 425 334448 2 5848730 77497 1.7 15 9 3 9 17% 3090 118832 2404 3%
c v 287.75 55 15 0 425 334448 2 5848730 75314 1.7 15 9 3 9 17% 3090 118832 2404 3%
c w 287.80 55 15 0 425 334448 2 5848730 74315 1.7 15 9 3 9 17% 3090 118832 2404 3%
c x 287.95 56 15 0 425 334448 2 5848730 74301 1.7 15 9 3 9 17% 3092 118596 2404 3%
c = 289.23 63 15 0 425 334448 2 5848730 74301 1.7 15 9 3 9 17% 3096 118596 2402 3%
c d 289.24 63 15 0 425 334448 2 5848730 74297 1.7 15 9 3 9 17% 3091 118596 2402 3%
c t 289.25 63 15 0 425 334448 2 5848730 74297 1.7 15 9 3 9 17% 3077 118596 2402 3%
c u 289.44 65 15 0 425 334448 2 5848730 73486 1.7 15 9 3 9 17% 3077 118596 2402 3%
c v 289.60 65 15 0 425 334448 2 5848730 70686 1.7 15 9 3 9 17% 3077 118596 2402 3%
c w 289.68 65 15 0 425 334448 2 5848730 70200 1.7 15 9 3 9 17% 3077 118596 2402 3%
c x 289.82 66 15 0 425 334448 2 5848730 70192 1.7 15 9 3 9 17% 3079 118406 2402 3%
c = 290.67 68 15 0 425 334448 2 5848730 70192 1.7 15 9 3 9 17% 3081 118405 2401 3%
c d 290.67 68 15 0 425 334448 2 5848730 70188 1.7 15 9 3 9 17% 3079 118405 2401 3%
c
c seconds   switched       rate           size/glue tier1    binary        remaining
c         MB  reductions      conflicts         size  tier2     irredundant
c          level     restarts        redundant    glue   trail         variables
c
c t 290.68 68 15 0 425 334448 2 5848730 70188 1.7 15 9 3 9 17% 3077 118405 2401 3%
c - 290.82 54 15 0 426 334506 2 5852243 64156 1.7 15 9 3 9 17% 3077 118405 2401 3%
c - 291.63 56 16 0 427 336714 2 5872882 67112 1.7 16 9 3 9 17% 3079 118405 2401 3%
c - 292.45 63 17 0 428 339074 2 5893546 66561 1.7 16 10 3 9 17% 3081 118405 2401 3%
c i 292.61 63 17 0 428 339074 2 5898558 70271 1.7 16 10 3 9 17% 3089 118405 2400 3%
c - 293.23 59 18 0 429 340860 3 5914234 49826 1.7 17 10 3 9 17% 3067 118405 2400 3%
c - 294.02 76 19 0 430 343017 3 5934948 52301 1.7 17 10 3 9 17% 3068 118405 2400 3%
c - 294.59 78 18 0 431 343358 3 5955685 56224 1.7 17 10 3 9 17% 3069 118405 2400 3%
c - 295.37 86 19 0 432 345368 3 5976446 58280 1.7 17 10 3 9 17% 3070 118405 2400 3%
c s 296.49 77 19 0 432 346144 3 5993060 72313 1.7 17 10 3 9 17% 3076 116059 2400 3%
c e 296.51 79 19 0 432 346144 3 5993060 72313 1.7 17 10 3 9 17% 2987 116487 2366 3%
c s 297.05 63 19 0 432 346144 3 5993060 72313 1.7 17 10 3 9 17% 2988 116054 2366 3%
c e 297.05 63 19 0 432 346144 3 5993060 72313 1.7 17 10 3 9 17% 2964 116289 2345 3%
c - 297.25 65 19 0 433 346638 3 5997230 57327 1.7 17 10 3 9 17% 2965 116289 2345 3%
c - 297.95 58 19 0 434 347727 3 6018039 57643 1.7 17 10 3 9 16% 2965 116289 2345 3%
c - 298.62 62 18 0 435 348538 3 6038873 57683 1.7 17 10 3 9 16% 2965 116289 2345 3%
c o 298.81 62 18 0 435 348549 2 6046060 63279 1.7 17 10 3 9 16% 2965 116289 2345 3%
c - 299.30 69 18 0 436 349611 2 6059730 57431 1.7 17 10 3 9 16% 2965 116289 2345 3%
c - 299.95 62 19 0 437 350992 2 6080612 58271 1.7 17 10 3 9 16% 2965 116289 2345 3%
c u 300.49 66 19 0 437 351699 3 6091943 67027 1.7 17 10 3 9 17% 2967 116288 2345 3%
c
c seconds   switched       rate           size/glue  tier1    binary        remaining
c         MB  reductions      conflicts         size   tier2     irredundant
c          level     restarts        redundant     glue   trail         variables
c
c v 300.68 67 19 0 437 351699 3 6091943 66019 1.7 17 10 3 9 17% 2967 116288 2345 3%
c w 300.75 67 19 0 437 351699 3 6091943 66000 1.7 17 10 3 9 17% 2967 116288 2345 3%
c x 300.93 68 19 0 437 351699 3 6091943 65995 1.7 17 10 3 9 17% 2977 116006 2345 3%
c = 301.81 69 19 0 437 351699 3 6091943 65995 1.7 17 10 3 9 17% 2979 115946 2340 3%
c d 301.82 69 19 0 437 351699 3 6091943 65539 1.7 17 10 3 9 17% 2982 115936 2340 3%
c t 301.82 69 19 0 437 351699 3 6091943 65539 1.7 17 10 3 9 17% 2965 115936 2340 3%
c f 301.84 69 19 0 437 351699 3 6091943 65539 1.7 17 10 3 9 17% 2982 115774 2348 3%
c u 302.02 79 19 0 437 351699 3 6091943 64066 1.7 17 10 3 9 17% 2982 115774 2348 3%
c v 302.21 80 19 0 437 351699 3 6091943 63458 1.7 17 10 3 9 17% 2982 115774 2348 3%
c w 302.29 80 19 0 437 351699 3 6091943 63408 1.7 17 10 3 9 17% 2982 115774 2348 3%
c x 302.45 69 19 0 437 351699 3 6091943 63385 1.7 17 10 3 9 17% 2994 115348 2348 3%
c t 304.19 69 19 0 437 351699 3 6091943 63385 1.7 17 10 3 9 17% 2993 115348 2348 3%
c - 304.45 53 18 0 438 351750 2 6101516 54315 1.7 17 10 3 9 17% 2980 115348 2348 3%
c - 305.16 61 19 0 439 352881 2 6122445 55989 1.7 17 10 3 9 17% 2981 115347 2348 3%
c - 305.84 65 19 0 440 354091 2 6143397 58376 1.7 17 10 3 9 17% 2982 115345 2348 3%
c - 306.58 66 19 0 441 356018 3 6164374 58679 1.7 17 10 3 9 17% 2983 115343 2348 3%
c - 307.32 57 19 0 442 356893 3 6185374 57718 1.7 18 10 3 9 17% 2983 115343 2348 3%
c - 308.09 65 19 0 443 358005 3 6206399 58652 1.7 18 10 3 9 17% 2984 115341 2348 3%
c - 308.85 62 20 0 444 359588 3 6227446 58946 1.7 18 10 3 9 17% 2984 115340 2348 3%
c - 309.47 67 19 0 445 360302 3 6248517 59138 1.7 18 10 3 9 17% 2985 115338 2348 3%
c
c seconds   switched       rate           size/glue  tier1    binary        remaining
c         MB  reductions      conflicts         size   tier2     irredundant
c          level     restarts        redundant     glue   trail         variables
c
c - 310.18 73 19 0 446 361599 3 6269613 60328 1.7 18 10 3 9 17% 2987 115337 2348 3%
c - 310.87 66 19 0 447 362495 2 6290731 60086 1.7 18 10 3 9 17% 2987 115337 2348 3%
c - 311.52 58 18 0 448 363335 2 6311873 60007 1.7 17 10 3 9 17% 2987 115336 2348 3%
c - 312.13 53 17 0 449 363612 2 6333039 60944 1.7 17 10 3 9 17% 2987 115336 2348 3%
c u 312.50 58 17 0 449 363871 2 6340511 66179 1.7 17 10 3 9 17% 2992 115336 2348 3%
c v 312.66 58 17 0 449 363871 2 6340511 61869 1.7 17 10 3 9 17% 2992 115336 2348 3%
c w 312.74 58 17 0 449 363871 2 6340511 61848 1.7 17 10 3 9 17% 2992 115336 2348 3%
c x 312.89 59 17 0 449 363871 2 6340511 61831 1.7 17 10 3 9 17% 3002 115147 2346 3%
c t 312.90 59 17 0 449 363871 2 6340511 61831 1.7 17 10 3 9 17% 2997 115123 2346 3%
c u 313.10 64 17 0 449 363871 2 6340511 59398 1.7 17 10 3 9 17% 3025 115123 2346 3%
c v 313.28 64 17 0 449 363871 2 6340511 58355 1.7 17 10 3 9 17% 3025 115123 2346 3%
c w 313.36 65 17 0 449 363871 2 6340511 58266 1.7 17 10 3 9 17% 3025 115123 2346 3%
c x 313.54 66 17 0 449 363871 2 6340511 58235 1.7 17 10 3 9 17% 3097 114308 2346 3%
c = 314.44 66 17 0 449 363871 2 6340511 58235 1.7 17 10 3 9 17% 3097 114209 2336 3%
c t 314.45 66 17 0 449 363871 2 6340511 58235 1.7 17 10 3 9 17% 3083 114190 2336 3%
c i 314.46 66 17 0 449 363871 2 6340511 58235 1.7 17 10 3 9 17% 3083 114190 2336 3%
c - 314.95 69 18 0 450 365092 2 6354228 55727 1.7 17 10 3 9 17% 3049 114189 2336 3%
c - 315.67 64 17 0 451 366226 2 6375441 58850 1.7 17 10 3 9 17% 3051 114189 2336 3%
c - 316.58 65 18 0 452 367950 2 6396679 60884 1.7 17 10 3 9 17% 3053 114187 2336 3%
c o 316.61 65 18 0 452 367963 2 6397992 62027 1.7 17 10 3 9 17% 3053 114187 2336 3%
c
c seconds   switched       rate           size/glue  tier1    binary        remaining
c         MB  reductions      conflicts         size   tier2     irredundant
c          level     restarts        redundant     glue   trail         variables
c
c - 317.27 54 18 0 453 369028 2 6417939 60447 1.7 17 10 3 9 17% 3053 114187 2336 3%
c - 317.96 67 18 0 454 369713 2 6439222 60928 1.7 16 10 3 9 16% 3054 114186 2336 3%
c - 318.56 70 17 0 455 370118 2 6460529 62442 1.7 16 10 3 9 16% 3055 114186 2336 3%
c - 319.10 72 16 0 456 370403 2 6481859 64265 1.7 16 9 3 9 16% 3056 114186 2336 3%
c - 319.76 57 15 0 457 371058 2 6503216 65806 1.7 15 9 3 9 16% 3056 114186 2336 3%
c i 320.45 57 14 0 457 371111 2 6523564 80605 1.7 15 9 3 9 16% 3070 114186 2335 3%
c - 320.51 58 15 0 458 371274 2 6524594 48354 1.7 15 9 3 9 16% 3047 114186 2335 3%
c - 321.35 53 17 0 459 374323 2 6545995 52711 1.6 15 9 3 9 16% 3050 114186 2335 3%
c - 322.18 53 18 0 460 376991 3 6567420 56009 1.6 16 10 3 9 17% 3050 114186 2335 3%
c - 322.87 52 19 0 461 378433 3 6588868 59292 1.6 16 10 3 9 17% 3052 114184 2335 3%
c i 322.94 52 18 0 461 378433 3 6591942 61572 1.6 16 10 3 9 17% 3058 114184 2334 3%
c u 323.20 50 19 0 461 378816 3 6594531 55935 1.6 16 10 3 9 17% 3062 112284 2334 3%
c v 323.39 51 19 0 461 378816 3 6594531 55188 1.6 16 10 3 9 17% 3062 112284 2334 3%
c w 323.46 51 19 0 461 378816 3 6594531 55135 1.6 16 10 3 9 17% 3062 112284 2334 3%
c x 323.64 52 19 0 461 378816 3 6594531 55080 1.6 16 10 3 9 17% 3063 111693 2334 3%
c = 324.69 62 19 0 461 378816 3 6594531 55080 1.6 16 10 3 9 17% 3067 111507 2326 3%
c d 324.69 62 19 0 461 378816 3 6594531 54706 1.6 16 10 3 9 17% 3069 111477 2326 3%
c t 324.70 62 19 0 461 378816 3 6594531 54706 1.6 16 10 3 9 17% 3055 111477 2326 3%
c u 324.90 57 19 0 461 378816 3 6594531 53136 1.6 16 10 3 9 17% 3056 111477 2326 3%
c v 325.07 59 19 0 461 378816 3 6594531 52548 1.6 16 10 3 9 17% 3056 111477 2326 3%
c
c seconds   switched       rate           size/glue  tier1    binary        remaining
c         MB  reductions      conflicts         size   tier2     irredundant
c          level     restarts        redundant     glue   trail         variables
c
c w 325.13 59 19 0 461 378816 3 6594531 52526 1.6 16 10 3 9 17% 3056 111477 2326 3%
c x 325.33 61 19 0 461 378816 3 6594531 52486 1.6 16 10 3 9 17% 3056 110976 2326 3%
c t 327.22 78 19 0 461 378816 3 6594531 52486 1.6 16 10 3 9 17% 3055 110976 2326 3%
c - 327.78 90 19 0 462 380459 3 6610339 51140 1.6 17 10 3 9 17% 3018 110970 2326 3%
c - 328.42 70 19 0 463 381434 3 6631833 54209 1.7 17 10 3 9 17% 3018 110968 2326 3%
c s 329.50 61 19 0 463 382385 3 6645046 66295 1.7 17 10 3 9 17% 3031 110030 2326 3%
c e 329.52 62 19 0 463 382385 3 6645046 66295 1.7 17 10 3 9 17% 2820 111370 2219 3%
c 2 329.52 62 19 0 463 382385 3 6645046 66295 1.7 17 10 3 9 17% 2819 111370 2219 3%
c s 330.09 62 19 0 463 382385 3 6645046 66295 1.7 17 10 3 9 17% 2823 110129 2219 3%
c e 330.10 62 19 0 463 382385 3 6645046 66295 1.7 17 10 3 9 17% 2816 110205 2213 3%
c - 330.46 54 20 0 464 383228 3 6653351 54734 1.7 17 10 3 9 17% 2817 110205 2213 3%
c - 331.07 57 19 0 465 383783 3 6674892 55716 1.7 17 10 3 9 17% 2819 110205 2213 3%
c - 331.73 61 18 0 466 384684 2 6696456 57383 1.7 17 10 3 9 17% 2820 110205 2213 3%
c - 332.48 60 19 0 467 386956 3 6718043 57723 1.6 17 10 3 9 17% 2821 110205 2213 3%
c - 333.13 58 19 0 468 388058 3 6739653 57000 1.6 17 10 3 9 17% 2822 110205 2213 3%
c o 333.75 63 19 0 468 389079 3 6759515 74786 1.7 17 10 3 9 17% 2824 110205 2213 3%
c - 333.85 56 19 0 469 389136 3 6761286 58099 1.7 17 10 3 9 17% 2824 110205 2213 3%
c i 334.39 59 19 0 469 389589 2 6780674 74281 1.7 17 10 3 9 17% 2824 110205 2212 3%
c - 334.49 69 19 0 470 389825 2 6782944 56408 1.7 17 10 3 9 17% 2817 110205 2212 3%
c - 335.18 74 18 0 471 390702 2 6804625 58461 1.7 17 10 3 9 17% 2817 110205 2212 3%
c
c seconds   switched       rate           size/glue  tier1    binary        remaining
c         MB  reductions      conflicts         size   tier2     irredundant
c          level     restarts        redundant     glue   trail         variables
c
c - 335.75 63 17 0 472 390771 2 6826327 58971 1.7 17 10 3 9 16% 2817 110205 2212 3%
c - 336.37 66 17 0 473 391389 2 6848052 60190 1.7 16 10 3 9 16% 2818 110205 2212 3%
c u 336.69 57 16 0 473 391395 2 6853959 63609 1.7 16 10 3 9 16% 2818 110055 2212 3%
c v 336.85 57 16 0 473 391395 2 6853959 61167 1.7 16 10 3 9 16% 2818 110055 2212 3%
c w 336.88 57 16 0 473 391395 2 6853959 60571 1.7 16 10 3 9 16% 2818 110055 2212 3%
c x 337.08 59 16 0 473 391395 2 6853959 60538 1.7 16 10 3 9 16% 2819 109510 2212 3%
c d 337.08 59 16 0 473 391395 2 6853959 60283 1.7 16 10 3 9 16% 2817 109427 2211 3%
c t 337.09 59 16 0 473 391395 2 6853959 60283 1.7 16 10 3 9 16% 2784 109427 2211 3%
c f 337.11 59 16 0 473 391395 2 6853959 60283 1.7 16 10 3 9 16% 2817 109101 2227 3%
c u 337.29 68 16 0 473 391395 2 6853959 58935 1.7 16 10 3 9 16% 2817 109101 2227 3%
c v 337.44 69 16 0 473 391395 2 6853959 56977 1.7 16 10 3 9 16% 2817 109101 2227 3%
c w 337.46 69 16 0 473 391395 2 6853959 56968 1.7 16 10 3 9 16% 2817 109101 2227 3%
c x 337.66 70 16 0 473 391395 2 6853959 56941 1.7 16 10 3 9 16% 2818 108672 2227 3%
c = 338.71 57 16 0 473 391395 2 6853959 56941 1.7 16 10 3 9 16% 2818 108577 2221 3%
c - 339.32 62 17 0 474 392934 2 6869803 57635 1.7 16 10 3 9 16% 2810 108566 2221 3%
c - 339.99 66 17 0 475 393951 2 6891574 60379 1.7 16 10 3 9 16% 2812 108566 2221 3%
c - 340.74 66 17 0 476 394821 2 6913368 61516 1.6 16 10 3 9 16% 2812 108566 2221 3%
c - 341.36 70 16 0 477 395462 2 6935185 63446 1.6 16 10 3 9 16% 2813 108566 2221 3%
c - 342.02 57 16 0 478 396454 2 6957026 64211 1.6 16 10 3 9 16% 2813 108566 2221 3%
c - 342.67 62 16 0 479 397183 2 6978889 64892 1.6 15 9 3 9 16% 2814 108566 2221 3%
c
c seconds   switched       rate           size/glue  tier1    binary        remaining
c         MB  reductions      conflicts         size   tier2     irredundant
c          level     restarts        redundant     glue   trail         variables
c
c - 343.45 59 17 0 480 399010 2 7000778 66493 1.6 16 10 3 9 16% 2816 108566 2221 3%
c - 344.20 65 17 0 481 400720 2 7022687 65000 1.6 16 10 3 9 16% 2817 108566 2221 3%
c - 344.94 55 17 0 482 401790 2 7044618 64240 1.7 16 10 3 9 16% 2817 108566 2221 3%
c - 345.62 61 16 0 483 402310 2 7066573 66503 1.6 16 10 3 9 16% 2818 108566 2221 3%
c - 346.33 66 17 0 484 403752 2 7088550 67764 1.6 16 10 3 9 16% 2818 108566 2221 3%
c - 346.95 59 16 0 485 403927 2 7110550 68328 1.6 15 9 3 9 16% 2819 108566 2221 3%
c u 347.35 62 15 0 485 403998 2 7118839 73213 1.6 15 9 3 9 16% 2837 108566 2221 3%
c v 347.50 62 15 0 485 403998 2 7118839 65326 1.6 15 9 3 9 16% 2837 108566 2221 3%
c w 347.57 62 15 0 485 403998 2 7118839 64488 1.6 15 9 3 9 16% 2837 108566 2221 3%
c x 347.73 64 15 0 485 403998 2 7118839 64481 1.6 15 9 3 9 16% 2838 108410 2221 3%
c = 348.73 54 15 0 485 403998 2 7118839 64481 1.6 15 9 3 9 16% 2838 108310 2211 3%
c t 348.73 54 15 0 485 403998 2 7118839 64475 1.6 15 9 3 9 16% 2846 108283 2211 3%
c f 348.74 54 15 0 485 403998 2 7118839 64475 1.6 15 9 3 9 16% 2848 108264 2212 3%
c u 348.95 63 15 0 485 403998 2 7118839 62736 1.6 15 9 3 9 16% 2823 108264 2212 3%
c v 349.13 63 15 0 485 403998 2 7118839 61300 1.6 15 9 3 9 16% 2825 108264 2212 3%
c w 349.18 63 15 0 485 403998 2 7118839 61241 1.6 15 9 3 9 16% 2825 108264 2212 3%
c x 349.34 64 15 0 485 403998 2 7118839 61231 1.6 15 9 3 9 16% 2826 108022 2212 3%
c = 350.60 69 15 0 485 403998 2 7118839 61231 1.6 15 9 3 9 16% 2826 107980 2206 3%
c t 350.61 69 15 0 485 403998 2 7118839 61227 1.6 15 9 3 9 16% 2838 107943 2206 3%
c - 351.07 66 15 0 486 404250 2 7132572 60356 1.6 15 9 3 9 16% 2818 107943 2206 3%
c
c seconds   switched       rate           size/glue tier1    binary        remaining
c         MB  reductions      conflicts         size  tier2     irredundant
c          level     restarts        redundant    glue   trail         variables
c
c - 351.77 66 14 0 487 404294 2 7154618 66967 1.6 14 9 3 9 16% 2824 107943 2206 3%
c i 351.78 66 14 0 487 404294 2 7155138 67267 1.6 14 9 3 9 16% 2830 107943 2205 3%
c o 351.79 66 14 0 487 404294 2 7155138 67267 1.6 14 9 3 9 16% 2830 107943 2205 3%
c - 352.67 64 16 0 488 407434 2 7176687 51120 1.6 15 9 3 9 16% 2799 107943 2205 3%
c - 353.39 67 16 0 489 408539 2 7198777 58025 1.6 15 9 3 9 16% 2801 107943 2205 3%
c - 354.13 61 16 0 490 409809 2 7220890 62581 1.6 15 9 3 9 16% 2804 107943 2205 3%
c - 354.96 62 17 0 491 411710 2 7243025 64266 1.6 16 10 3 9 17% 2804 107943 2205 3%
c - 355.75 59 18 0 492 414104 3 7265185 64062 1.6 16 10 3 9 16% 2804 107943 2205 3%
c - 356.49 64 18 0 493 415420 3 7287367 64272 1.6 16 10 3 9 16% 2805 107943 2205 3%
c - 357.26 71 18 0 494 416970 3 7309570 65635 1.6 16 10 3 9 17% 2805 107943 2205 3%
c - 357.98 64 18 0 495 417863 2 7331797 65846 1.6 16 10 3 9 16% 2805 107943 2205 3%
c s 358.41 66 18 0 495 418261 2 7337149 70803 1.6 16 10 3 9 16% 2809 106745 2205 3%
c e 358.43 67 18 0 495 418261 2 7337149 70803 1.6 16 10 3 9 16% 2746 107193 2172 3%
c s 358.55 67 18 0 495 418261 2 7337149 70803 1.6 16 10 3 9 16% 2751 106987 2172 3%
c e 358.57 67 18 0 495 418261 2 7337149 70803 1.6 16 10 3 9 16% 2740 107091 2164 3%
c - 359.16 60 18 0 496 419982 3 7354045 66218 1.6 16 10 3 9 16% 2742 107091 2164 3%
c - 359.71 62 17 0 497 420285 2 7376316 67986 1.6 16 10 3 9 17% 2742 107091 2164 3%
c u 360.30 57 17 0 497 420723 2 7389212 76758 1.6 16 10 3 9 16% 2750 107090 2164 3%
c v 360.52 58 17 0 497 420723 2 7389212 68761 1.6 16 10 3 9 16% 2845 107090 2164 3%
c w 360.60 58 17 0 497 420723 2 7389212 68642 1.6 16 10 3 9 16% 2760 107090 2164 3%
c
c seconds   switched       rate           size/glue  tier1    binary        remaining
c         MB  reductions      conflicts         size   tier2     irredundant
c          level     restarts        redundant     glue   trail         variables
c
c x 360.76 61 17 0 497 420723 2 7389212 68636 1.6 16 10 3 9 16% 2762 106849 2164 3%
c d 362.74 71 17 0 497 420723 2 7389212 68379 1.6 16 10 3 9 16% 2760 106849 2163 3%
c t 362.75 71 17 0 497 420723 2 7389212 68379 1.6 16 10 3 9 16% 2744 106849 2161 3%
c f 362.77 71 17 0 497 420723 2 7389212 68379 1.6 16 10 3 9 16% 2763 106606 2172 3%
c u 362.97 81 17 0 497 420723 2 7389212 66710 1.6 16 10 3 9 16% 2766 106584 2172 3%
c v 363.16 81 17 0 497 420723 2 7389212 66168 1.6 16 10 3 9 16% 2766 106584 2172 3%
c w 363.23 81 17 0 497 420723 2 7389212 65600 1.6 16 10 3 9 16% 2767 106584 2172 3%
c x 363.40 84 17 0 497 420723 2 7389212 65589 1.6 16 10 3 9 16% 2769 106216 2172 3%
c t 363.41 84 17 0 497 420723 2 7389212 65589 1.6 16 10 3 9 16% 2765 106216 2172 3%
c - 363.67 83 17 0 498 420924 2 7398611 60984 1.6 16 10 3 9 16% 2759 106216 2172 3%
c - 364.32 87 17 0 499 421754 2 7420927 66170 1.6 15 9 3 9 16% 2762 106216 2172 3%
c - 364.96 69 16 0 500 422092 2 7443267 69474 1.7 15 9 3 9 16% 2764 106216 2172 3%
c - 365.70 76 17 0 501 424299 2 7465627 70599 1.7 16 9 3 9 16% 2766 106216 2172 3%
c - 366.35 67 17 0 502 425356 2 7488011 70984 1.7 16 9 3 9 16% 2769 106216 2172 3%
c - 367.12 56 17 0 503 427114 2 7510417 70625 1.7 16 9 3 9 16% 2769 106216 2172 3%
c - 367.87 59 16 0 504 427552 2 7532844 70107 1.7 15 9 3 9 16% 2770 106216 2172 3%
c o 367.97 59 16 0 504 427717 2 7536666 73455 1.7 15 9 3 9 16% 2770 106216 2172 3%
c - 368.74 75 17 0 505 429857 2 7555293 70390 1.6 16 10 3 9 16% 2773 106216 2172 3%
c - 369.37 69 16 0 506 429989 2 7577765 70204 1.6 15 9 3 9 16% 2774 106216 2172 3%
c i 369.80 69 15 0 506 430016 2 7593446 82352 1.6 15 9 3 9 16% 2788 106216 2171 3%
c
c seconds   switched       rate           size/glue tier1    binary        remaining
c         MB  reductions      conflicts         size  tier2     irredundant
c          level     restarts        redundant    glue   trail         variables
c
c - 370.06 73 16 0 507 430832 2 7600260 56453 1.6 15 9 3 9 16% 2770 106216 2171 3%
c - 370.81 63 17 0 508 433004 2 7622776 60737 1.6 15 9 3 9 16% 2770 106216 2171 3%
c - 371.51 59 16 0 509 434388 2 7645316 64979 1.6 15 9 3 9 16% 2771 106216 2171 3%
c u 372.30 63 15 0 509 434592 2 7665109 78717 1.6 14 9 3 9 16% 2785 105013 2170 3%
c v 372.51 63 15 0 509 434592 2 7665109 67972 1.6 14 9 3 9 16% 2785 105013 2170 3%
c w 372.58 63 15 0 509 434592 2 7665109 66765 1.6 14 9 3 9 16% 2785 105013 2170 3%
c x 372.74 65 15 0 509 434592 2 7665109 66761 1.6 14 9 3 9 16% 2792 104707 2170 3%
c = 373.82 63 15 0 509 434592 2 7665109 66761 1.6 14 9 3 9 16% 2799 104481 2161 3%
c d 373.83 63 15 0 509 434592 2 7665109 65300 1.6 14 9 3 9 16% 2800 104468 2161 3%
c t 373.83 64 15 0 509 434592 2 7665109 65300 1.6 14 9 3 9 16% 2780 104468 2161 3%
c u 374.07 68 15 0 509 434592 2 7665109 63508 1.6 14 9 3 9 16% 2789 104468 2161 3%
c v 374.29 69 15 0 509 434592 2 7665109 62354 1.6 14 9 3 9 16% 2789 104468 2161 3%
c w 374.35 69 15 0 509 434592 2 7665109 61667 1.6 14 9 3 9 16% 2789 104468 2161 3%
c x 374.56 70 15 0 509 434592 2 7665109 61597 1.6 14 9 3 9 16% 2846 103212 2161 3%
c = 375.83 68 15 0 509 434592 2 7665109 61597 1.6 14 9 3 9 16% 2846 103106 2153 3%
c t 375.83 68 15 0 509 434592 2 7665109 61592 1.6 14 9 3 9 16% 2847 103076 2153 3%
c f 375.85 68 15 0 509 434592 2 7665109 61592 1.6 14 9 3 9 16% 2850 103056 2154 3%
c i 375.86 72 15 0 509 434592 2 7665109 61592 1.6 14 9 3 9 16% 2850 103056 2154 3%
c - 375.94 75 16 0 510 434827 2 7667877 55395 1.6 15 9 3 9 16% 2801 103056 2154 3%
c - 376.54 75 17 0 511 435709 2 7690462 63092 1.6 14 9 3 9 16% 2801 103056 2154 3%
c
c seconds   switched       rate           size/glue tier1    binary        remaining
c         MB  reductions      conflicts         size  tier2     irredundant
c          level     restarts        redundant    glue   trail         variables
c
c - 377.16 75 16 0 512 436653 2 7713068 69282 1.6 14 9 3 9 16% 2803 103056 2154 3%
c i 377.24 75 16 0 512 436655 2 7716523 71661 1.6 14 9 3 9 16% 2812 103056 2153 3%
c i 377.72 75 15 0 512 437418 2 7734311 85725 1.6 14 9 3 9 15% 2826 103056 2149 3%
c - 377.77 67 15 0 513 437423 2 7735695 43812 1.6 14 9 3 9 15% 2794 103056 2149 3%
c - 378.44 69 16 0 514 439008 2 7758345 51663 1.6 14 9 3 9 16% 2799 103056 2149 3%
c - 379.01 58 15 0 515 439662 2 7781017 58952 1.6 14 9 3 9 16% 2800 103056 2149 3%
c - 379.65 59 14 0 516 440184 2 7803710 62949 1.6 14 8 3 9 15% 2805 103056 2149 3%
c i 379.69 58 14 0 516 440184 2 7804936 63729 1.6 13 8 3 9 15% 2809 103056 2147 3%
c i 379.76 61 14 0 516 440223 2 7807848 65912 1.6 13 8 3 9 15% 2817 103056 2146 3%
c - 380.32 55 14 0 517 440953 2 7826426 42723 1.6 13 8 3 9 15% 2925 103056 2146 3%
c i 380.44 54 14 0 517 440957 2 7831287 46224 1.6 13 8 3 9 15% 2934 103056 2145 3%
c i 380.65 55 13 0 517 440961 2 7839342 52132 1.6 13 8 3 9 15% 2947 103056 2133 3%
c i 380.75 56 13 0 517 440972 2 7844214 55898 1.6 13 8 3 9 15% 2956 103056 2112 3%
c - 380.90 57 14 0 518 441243 2 7849165 16481 1.6 13 8 3 9 15% 2716 103056 2112 3%
c - 381.51 71 14 0 519 442448 2 7871925 27610 1.6 13 8 3 9 15% 2718 103052 2112 3%
c - 382.40 68 14 0 520 443812 2 7894707 36268 1.6 13 8 3 9 15% 2724 103051 2112 3%
c i 382.64 69 14 0 520 443873 2 7901888 41826 1.6 13 8 3 9 15% 2740 103051 2110 3%
c i 382.76 69 14 0 520 443894 2 7904309 43719 1.7 13 8 3 9 15% 2747 103051 2109 3%
c i 382.85 69 14 0 520 443908 2 7906534 45252 1.7 13 8 3 9 15% 2755 103050 2106 3%
c i 382.93 69 14 0 520 443910 2 7908973 47346 1.7 13 8 3 9 15% 2760 103050 2100 3%
c
c seconds   switched       rate           size/glue tier1    binary        remaining
c         MB  reductions      conflicts         size  tier2     irredundant
c          level     restarts        redundant    glue   trail         variables
c
c i 383.03 69 15 0 520 443910 2 7911345 49457 1.7 13 8 3 9 15% 2767 103050 2065 3%
c i 383.05 69 15 0 520 443910 2 7911942 49951 1.7 13 8 3 9 15% 2778 103050 2064 3%
c i 383.05 69 15 0 520 443910 2 7911988 49967 1.7 13 8 3 9 15% 2790 103050 2063 3%
c i 383.06 69 15 0 520 443910 2 7912134 50074 1.7 13 8 3 9 15% 2794 103050 2058 3%
c i 383.06 69 15 0 520 443910 2 7912185 50093 1.7 13 8 3 9 15% 2804 103050 2053 3%
c } 383.06 69 15 0 520 443910 2 7912211 50098 1.7 13 8 3 9 15% 2809 103050 1715 2%
c 0 383.06 69 15 0 520 443910 2 7912211 50098 1.7 13 8 3 9 15% 2809 103050 1715 2%
c
c ---- [ result ] ------------------------------------------------------------
c
s UNSATISFIABLE
c
c ---- [ profiling ] ---------------------------------------------------------
c
c         273.11   71.30 %  search
c         273.11   71.30 %  focused
c         108.80   28.40 %  simplify
c          95.16   24.84 %  probe
c          52.41   13.68 %  sweep
c          36.23    9.46 %  vivify
c          14.54    3.80 %  eliminate
c          13.57    3.54 %  subsume
c           4.63    1.21 %  reduce
c           2.43    0.63 %  congruence
c           1.95    0.51 %  factor
c           1.88    0.49 %  substitute
c           0.98    0.26 %  preprocess
c           0.18    0.05 %  transitive
c           0.14    0.04 %  parse
c           0.08    0.02 %  backbone
c           0.04    0.01 %  lucky
c =============================================
c         383.06  100.00 %  total
c
c ---- [ statistics ] --------------------------------------------------------
c
c chronological:                         2572                0 %  conflicts
c conflicts:                          7912211            20654.88 per second
c congruent:                             8062               10 %  variables
c decisions:                         21081285                2.66 per conflict
c eliminated:                           32241               41 %  variables
c factored:                               968                1 %  variables
c iterations:                             132                0 %  variables
c propagations:                    1070512442          2794580    per second
c reductions:                             520            15216    interval
c reordered:                               39           202877    interval
c restarts:                            443910               18    interval
c strengthened:                         27525                0 %  checks
c substituted:                          10319               13 %  variables
c subsumed:                             55761                0 %  checks
c switched:                                 0                0    interval
c vivified:                            479130               46 %  checks
c
c ---- [ glue usage ] --------------------------------------------------------
c
c focused glue 3   used 7178352 clauses 15.66% accumulated 62.38% tier1
c focused glue 4   used 3457634 clauses  7.54% accumulated 69.92%
c focused glue 5-7 used 7196675 clauses 15.70% accumulated 85.62%
c focused glue 8   used 1535611 clauses  3.35% accumulated 88.97%
c focused glue 9   used 1235932 clauses  2.70% accumulated 91.66% tier2
c
c ---- [ resources ] ---------------------------------------------------------
c
c maximum-resident-set-size:     189465100288 bytes     180688 MB
c process-time:                         6m 23s             383.06 seconds
c
c ---- [ shutting down ] -----------------------------------------------------
c
c exit 20
real 551.47
kissat_exit=20
