c Solver source commit 8af8e56f174b778aef3aa45af9f739b2a5f492c2
c Solver SHA-256 c86c7ccc2f727e1ef4716fd2fcf69539fbe0e8b1da8d89341fb48d643a3aeb28
c ---- [ banner ] ------------------------------------------------------------
c
c Kissat SAT Solver
c 
c Copyright (c) 2021-2024 Armin Biere University of Freiburg
c Copyright (c) 2019-2021 Armin Biere Johannes Kepler University Linz
c 
c Version 4.0.4 8af8e56f174b778aef3aa45af9f739b2a5f492c2
c Apple clang version 21.0.0 (clang-2100.1.1.101) -W -Wall -O3 -DNDEBUG
c Mon Sep 7 04:00:02 PDT 2026 Darwin 842f5797331b 25.6.0 arm64
c
c ---- [ proving ] -----------------------------------------------------------
c
c opened and writing proof to compressed DRAT file:
c
c   build/orbit-p3-c8-final/p3-c8-t2-p0-z1.drat.xz
c
c ---- [ parsing ] -----------------------------------------------------------
c
c opened and reading DIMACS file:
c
c   build/orbit-p3-c8-final/p3-c8-t2-p0-z1.cnf
c
c parsed 'p cnf 76728 880702' header
c closing input after reading 31103399 bytes (30 MB)
c finished parsing after 0.13 seconds
c
c ---- [ options ] -----------------------------------------------------------
c
c --stable=0                       (different from default '1')
c
c ---- [ solving ] -----------------------------------------------------------
c
c seconds  switched rate     size/glue tier1   binary           remaining
c         MB reductions conflicts size  tier2      irredundant
c          level restarts redundant glue  trail            variables
c
c *  0.13 106 0 0 0  0 0   0   0 0.0 0 0 0 0 0% 118762 708944 51214 67%
c (  0.16 145 0 0 0  0 0   0   0 0.0 0 0 0 0 0% 118762 708944 51214 67%
c .  0.23 148 0 0 0  0 0   0   0 0.0 0 0 0 0 0% 102446 573462 51214 67%
c c  2.28 123 0 0 0  0 0   0   0 0.0 0 0 0 0 0% 103956 283479 47031 61%
c d  2.29 125 0 0 0  0 0   0   0 0.0 0 0 0 0 0% 95052 283479 47031 61%
c f  2.37 136 0 0 0  0 0   0   0 0.0 0 0 0 0 0% 93958 283443 47159 61%
c )  2.38 142 0 0 0  0 0   0   0 0.0 0 0 0 0 0% 93958 283443 47159 61%
c {  2.38 145 0 0 0  0 0   0   0 0.0 0 0 2 6 0% 93958 283443 47159 61%
c i  2.42 148 53 0 0 18 5 569 471 2.0 8 4 2 4 21% 93976 283443 47128 61%
c i  2.42 148 53 0 0 19 5 571 471 2.0 8 4 2 4 21% 93976 283443 47093 61%
c i  2.42 148 52 0 0 22 5 574 471 2.0 8 4 2 4 21% 93978 283443 47061 61%
c i  2.43 149 52 0 0 43 6 611 501 1.9 8 4 2 4 21% 93978 283443 47016 61%
c i  2.44 149 51 0 0 65 7 644 528 1.8 9 5 2 4 21% 93978 283443 46996 61%
c i  2.44 149 51 0 0 78 7 665 542 1.8 9 5 2 4 21% 93981 283443 46953 61%
c i  2.45 150 50 0 0 98 8 705 577 1.7 9 5 2 4 20% 93983 283443 46914 61%
c i  2.45 150 50 0 0 99 8 708 578 1.7 9 5 2 4 20% 93984 283443 46913 61%
c -  2.48 151 44 0 1 207 8 1001 665 1.5 11 8 2 13 19% 93258 283443 46913 61%
c i  2.50 152 45 0 1 219 9 1059 709 1.5 11 8 2 13 20% 93259 283443 46912 61%
c i  2.56 153 40 0 1 428 10 1757 1340 1.4 12 9 3 15 20% 93262 283443 46855 61%
c i  2.57 153 40 0 1 432 10 1767 1347 1.4 12 9 3 15 19% 93263 283443 46854 61%
c
c seconds   switched   rate       size/glue tier1     binary           remaining
c         MB reductions conflicts       size  tier2       irredundant
c          level restarts    redundant    glue    trail           variables
c
c i  2.58 153 40 0 1 455 10 1832 1397 1.4 13 9 3 15 19% 93269 283443 46852 61%
c i  2.61 153 40 0 1 516 10 1995 1546 1.4 13 9 3 15 19% 93273 283443 46821 61%
c -  2.61 154 39 0 2 519 10 2002 1151 1.4 13 9 3 15 19% 92997 283443 46821 61%
c i  2.62 154 39 0 2 539 10 2056 1199 1.4 13 9 3 15 19% 92997 283443 46810 61%
c i  2.63 154 39 0 2 574 10 2151 1275 1.4 13 10 3 15 19% 93002 283443 46782 61%
c i  2.63 154 39 0 2 575 10 2173 1291 1.4 13 9 3 15 19% 93007 283443 46781 61%
c i  2.63 154 39 0 2 575 10 2174 1291 1.4 13 9 3 15 19% 93007 283443 46691 61%
c i  2.65 154 40 0 2 600 11 2270 1371 1.4 13 10 3 15 19% 93016 283443 46678 61%
c c  3.91 120 41 0 2 727 11 2651 1683 1.3 15 11 4 17 19% 93809 282080 45842 60%
c d  3.92 121 41 0 2 727 11 2651 1678 1.3 15 11 4 17 19% 92310 281641 45838 60%
c b  3.93 121 41 0 2 727 11 2651 1678 1.3 15 11 4 17 19% 92310 281641 45548 59%
c u  3.95 121 41 0 2 727 11 2651 1631 1.3 15 11 4 17 19% 91390 281641 45548 59%
c v  3.96 121 41 0 2 727 11 2651 1617 1.3 15 11 4 17 19% 91390 281641 45548 59%
c w  3.97 121 41 0 2 727 11 2651 1609 1.3 15 11 4 17 19% 91390 281641 45548 59%
c x  3.98 121 41 0 2 727 11 2651 1609 1.3 15 11 4 17 19% 91834 280779 45318 59%
c d  3.99 121 41 0 2 727 11 2651 1609 1.3 15 11 4 17 19% 90241 280648 44502 58%
c t  4.00 121 41 0 2 727 11 2651 1609 1.3 15 11 4 17 19% 90215 280648 44502 58%
c b  4.00 121 41 0 2 727 11 2651 1609 1.3 15 11 4 17 19% 90215 280648 43627 57%
c f  4.01 121 41 0 2 727 11 2651 1609 1.3 15 11 4 17 19% 90045 280648 43645 57%
c c  5.30 122 41 0 2 727 11 2651 1609 1.3 15 11 4 17 19% 87409 279401 43227 56%
c
c seconds   switched   rate       size/glue  tier1     binary           remaining
c         MB reductions conflicts       size   tier2       irredundant
c          level restarts    redundant     glue    trail           variables
c
c d  5.32 123 41 0 2 727 11 2651 1609 1.3 15 11 4 17 19% 86718 279222 43227 56%
c b  5.32 123 41 0 2 727 11 2651 1609 1.3 15 11 4 17 19% 86718 279222 43224 56%
c u  5.34 123 41 0 2 727 11 2651 1573 1.3 15 11 4 17 19% 86175 279222 43224 56%
c v  5.36 123 41 0 2 727 11 2651 1567 1.3 15 11 4 17 19% 86175 279222 43224 56%
c w  5.38 123 41 0 2 727 11 2651 1525 1.3 15 11 4 17 19% 86175 279222 43224 56%
c x  5.40 123 41 0 2 727 11 2651 1525 1.3 15 11 4 17 19% 86354 278944 42913 56%
c =  5.46 143 41 0 2 727 11 2651 1525 1.3 15 11 4 17 19% 86370 278800 42906 56%
c d  5.47 143 41 0 2 727 11 2651 1520 1.3 15 11 4 17 19% 85818 278727 42607 56%
c b  5.48 143 41 0 2 727 11 2651 1520 1.3 15 11 4 17 19% 85818 278727 42594 56%
c f  5.49 143 41 0 2 727 11 2651 1520 1.3 15 11 4 17 19% 85728 278727 42617 56%
c i  5.49 143 41 0 2 727 11 2651 1520 1.3 15 11 4 17 19% 85728 278727 42617 56%
c i  5.53 143 43 0 2 799 13 2847 1710 1.3 15 12 4 17 20% 85729 278727 42613 56%
c i  5.53 143 43 0 2 805 12 2914 1758 1.3 15 12 4 17 19% 85735 278726 42373 55%
c -  5.64 144 44 0 3 967 13 3416 1448 1.3 16 13 5 25 20% 84472 278454 42373 55%
c i  5.64 144 44 0 3 968 13 3442 1462 1.3 16 12 5 25 20% 84479 278450 42363 55%
c i  5.64 144 44 0 3 968 13 3449 1463 1.3 16 12 5 25 20% 84484 278450 42351 55%
c i  5.64 144 44 0 3 968 13 3451 1464 1.3 16 12 5 25 20% 84484 278450 42350 55%
c i  5.64 144 44 0 3 968 13 3482 1489 1.3 16 12 5 25 20% 84488 278450 42313 55%
c i  5.65 144 43 0 3 968 12 3704 1680 1.3 15 12 5 25 19% 84506 278450 42312 55%
c i  5.65 144 43 0 3 968 12 3748 1719 1.3 15 12 5 25 19% 84507 278450 42309 55%
c
c seconds   switched   rate       size/glue  tier1     binary           remaining
c         MB reductions conflicts       size   tier2       irredundant
c          level restarts    redundant     glue    trail           variables
c
c i  5.66 144 42 0 3 968 11 4272 2131 1.3 14 11 5 25 18% 84520 278450 42308 55%
c i  5.73 144 53 0 3 1048 11 4966 2684 1.3 15 11 3 19 20% 84542 278448 42306 55%
c -  5.75 144 60 0 4 1048 10 5154 2026 1.3 14 11 3 19 20% 84339 278448 42295 55%
c i  5.81 142 61 0 4 1124 10 5758 2535 1.3 15 11 3 19 20% 84346 278448 42282 55%
c i  5.84 143 67 0 4 1134 10 6092 2813 1.4 15 11 3 19 21% 84351 278446 42254 55%
c i  5.85 143 67 0 4 1163 10 6202 2915 1.4 15 11 3 19 21% 84352 278446 42189 55%
c -  5.97 143 64 0 5 1374 10 7154 2687 1.3 15 12 5 23 21% 84085 278442 42189 55%
c i  5.99 143 61 0 5 1540 9 7765 3172 1.3 16 12 5 23 21% 84085 278442 42187 55%
c c  6.15 140 60 0 5 1618 9 8149 3486 1.3 16 12 5 23 21% 84542 278011 41900 55%
c d  6.16 141 60 0 5 1618 9 8149 3486 1.3 16 12 5 23 21% 84000 277893 41888 55%
c d  6.17 141 60 0 5 1618 9 8149 3485 1.3 16 12 5 23 21% 83828 277893 41802 54%
c b  6.17 141 60 0 5 1618 9 8149 3485 1.3 16 12 5 23 21% 83828 277893 41775 54%
c u  6.20 141 60 0 5 1618 9 8149 3450 1.3 16 12 5 23 21% 83427 277893 41775 54%
c v  6.22 141 60 0 5 1618 9 8149 3437 1.3 16 12 5 23 21% 83427 277893 41775 54%
c w  6.23 141 60 0 5 1618 9 8149 3435 1.3 16 12 5 23 21% 83427 277893 41775 54%
c x  6.25 141 60 0 5 1618 9 8149 3435 1.3 16 12 5 23 21% 83580 277588 41551 54%
c d  6.35 141 60 0 5 1618 9 8149 3431 1.3 16 12 5 23 21% 83343 277498 41412 54%
c d  6.36 141 60 0 5 1618 9 8149 3431 1.3 16 12 5 23 21% 83337 277498 41409 54%
c t  6.36 141 60 0 5 1618 9 8149 3431 1.3 16 12 5 23 21% 83302 277498 41409 54%
c b  6.37 141 60 0 5 1618 9 8149 3431 1.3 16 12 5 23 21% 83302 277498 41384 54%
c
c seconds   switched   rate       size/glue  tier1     binary           remaining
c         MB reductions conflicts       size   tier2       irredundant
c          level  restarts   redundant     glue    trail           variables
c
c f  6.37 141 60 0 5 1618 9 8149 3431 1.3 16 12 5 23 21% 83211 277498 41394 54%
c c  6.43 142 60 0 5 1618 9 8149 3431 1.3 16 12 5 23 21% 83058 277228 41131 54%
c d  6.44 143 60 0 5 1618 9 8149 3426 1.3 16 12 5 23 21% 82484 277207 41131 54%
c d  6.44 143 60 0 5 1618 9 8149 3426 1.3 16 12 5 23 21% 82464 277207 41121 54%
c b  6.45 143 60 0 5 1618 9 8149 3426 1.3 16 12 5 23 21% 82464 277207 41119 54%
c u  6.47 143 60 0 5 1618 9 8149 3388 1.3 16 12 5 23 21% 82038 277207 41119 54%
c v  6.49 143 60 0 5 1618 9 8149 3354 1.3 16 12 5 23 21% 82039 277207 41119 54%
c w  6.49 143 60 0 5 1618 9 8149 3352 1.3 16 12 5 23 21% 82039 277207 41119 54%
c x  6.51 143 60 0 5 1618 9 8149 3352 1.3 16 12 5 23 21% 82151 277036 41002 53%
c d  6.52 143 60 0 5 1618 9 8149 3348 1.3 16 12 5 23 21% 81974 276956 40892 53%
c d  6.52 143 60 0 5 1618 9 8149 3348 1.3 16 12 5 23 21% 81930 276956 40870 53%
c t  6.53 143 60 0 5 1618 9 8149 3348 1.3 16 12 5 23 21% 81929 276956 40870 53%
c b  6.54 143 60 0 5 1618 9 8149 3348 1.3 16 12 5 23 21% 81929 276956 40857 53%
c f  6.55 143 60 0 5 1618 9 8149 3348 1.3 16 12 5 23 21% 81811 276956 40864 53%
c i  6.55 143 60 0 5 1618 9 8149 3348 1.3 16 12 5 23 21% 81811 276956 40864 53%
c -  6.64 143 57 0 6 1787 9 9392 3274 1.3 16 12 7 22 20% 81521 276956 40864 53%
c o  6.68 143 56 0 6 1813 9 10006 3710 1.3 16 12 7 22 20% 81527 276954 40864 53%
c -  6.84 135 51 0 7 1942 8 11841 4228 1.3 16 12 9 20 19% 81533 276954 40864 53%
c i  6.89 136 52 0 7 2010 8 12681 4885 1.3 16 12 9 20 20% 81551 276954 40863 53%
c 2  6.96 136 53 0 7 2100 8 13248 5332 1.3 16 12 9 20 20% 81561 276954 40860 53%
c
c seconds   switched   rate        size/glue  tier1     binary           remaining
c         MB reductions  conflicts       size   tier2       irredundant
c          level  restarts    redundant     glue    trail           variables
c
c s  7.00 136 53 0 7 2100 8 13248 5332 1.3 16 12 9 20 20% 81652 276609 40859 53%
c e  7.10 160 53 0 7 2100 8 13248 5332 1.3 16 12 9 20 20% 15317 286010 13910 18%
c 2  7.10 160 53 0 7 2100 8 13248 5332 1.3 16 12 9 20 20% 15277 286010 13910 18%
c s  7.14 160 53 0 7 2100 8 13248 5332 1.3 16 12 9 20 20% 15711 283216 13910 18%
c e  7.16 160 53 0 7 2100 8 13248 5332 1.3 16 12 9 20 20% 15267 283547 13702 18%
c ^  7.16 160 53 0 7 2100 8 13248 5332 1.3 16 12 9 20 20% 15267 283547 13702 18%
c -  7.21 160 64 0 8 2127 7 14487 3068 1.3 16 12 9 19 21% 15276 283546 13702 18%
c c  7.31 158 65 0 8 2176 7 16672 4893 1.3 15 12 9 19 21% 15474 283410 13658 18%
c d  7.31 159 65 0 8 2176 7 16672 4892 1.3 15 12 9 19 21% 15379 283403 13655 18%
c b  7.32 159 65 0 8 2176 7 16672 4892 1.3 15 12 9 19 21% 15379 283403 13648 18%
c u  7.34 159 65 0 8 2176 7 16672 4850 1.3 15 12 9 19 21% 15299 283403 13648 18%
c v  7.36 159 65 0 8 2176 7 16672 4666 1.3 15 12 9 19 21% 15299 283403 13648 18%
c w  7.37 159 65 0 8 2176 7 16672 4664 1.3 15 12 9 19 21% 15299 283403 13648 18%
c x  7.38 159 65 0 8 2176 7 16672 4664 1.3 15 12 9 19 21% 15311 283359 13645 18%
c =  7.49 178 65 0 8 2176 7 16672 4664 1.3 15 12 9 19 21% 15315 283313 13620 18%
c d  7.49 178 65 0 8 2176 7 16672 4664 1.3 15 12 9 19 21% 15376 283205 13620 18%
c t  7.50 178 65 0 8 2176 7 16672 4664 1.3 15 12 9 19 21% 15133 283205 13619 18%
c f  7.53 178 65 0 8 2176 7 16672 4664 1.3 15 12 9 19 21% 15226 282566 13780 18%
c c  7.57 177 65 0 8 2176 7 16672 4664 1.3 15 12 9 19 21% 15143 282558 13779 18%
c d  7.57 178 65 0 8 2176 7 16672 4664 1.3 15 12 9 19 21% 15144 282555 13779 18%
c
c seconds   switched   rate        size/glue  tier1     binary           remaining
c         MB reductions  conflicts       size   tier2       irredundant
c          level  restarts    redundant     glue    trail           variables
c
c u  7.60 178 65 0 8 2176 7 16672 4628 1.3 15 12 9 19 21% 15143 282555 13779 18%
c v  7.63 178 65 0 8 2176 7 16672 4418 1.3 15 12 9 19 21% 15143 282555 13779 18%
c w  7.64 178 65 0 8 2176 7 16672 4418 1.3 15 12 9 19 21% 15143 282555 13779 18%
c t  7.74 178 65 0 8 2176 7 16672 4418 1.3 15 12 9 19 21% 15122 282555 13779 18%
c f  7.74 178 65 0 8 2176 7 16672 4418 1.3 15 12 9 19 21% 15122 282553 13780 18%
c i  7.75 174 65 0 8 2176 7 16672 4418 1.3 15 12 9 19 21% 15122 282553 13780 18%
c -  7.80 178 70 0 9 2249 7 17315 4228 1.3 15 12 9 18 22% 15129 282553 13780 18%
c o  7.90 178 63 0 9 2391 6 20247 6543 1.3 15 12 9 18 20% 15142 282552 13780 18%
c -  7.91 178 64 0 10 2395 6 20316 5451 1.3 15 12 9 17 20% 15145 282550 13780 18%
c -  8.07 178 69 0 11 2670 6 23478 6815 1.3 15 11 9 16 21% 15158 282550 13780 18%
c s  8.20 178 67 0 11 2953 6 26256 9196 1.3 15 12 9 16 20% 15177 281548 13780 18%
c e  8.25 180 67 0 11 2953 6 26256 9196 1.3 15 12 9 16 20% 12208 286710 11009 14%
c 2  8.25 180 67 0 11 2953 6 26256 9196 1.3 15 12 9 16 20% 12203 286710 11009 14%
c s  8.28 180 67 0 11 2953 6 26256 9196 1.3 15 12 9 16 20% 12345 285942 11009 14%
c e  8.29 180 67 0 11 2953 6 26256 9196 1.3 15 12 9 16 20% 12269 286044 10963 14%
c ^  8.29 180 67 0 11 2953 6 26256 9196 1.3 15 12 9 16 20% 12269 286044 10963 14%
c -  8.34 181 70 0 12 2956 6 26796 6300 1.3 15 12 9 16 21% 12274 286044 10963 14%
c i  8.36 181 68 0 12 2956 6 28187 7474 1.4 15 11 9 16 20% 12275 286044 10960 14%
c d  8.37 181 68 0 12 2956 6 28249 7525 1.4 15 11 9 16 20% 12278 286013 10955 14%
c u  8.39 181 68 0 12 2956 6 28249 7080 1.4 15 11 9 16 20% 12265 286013 10955 14%
c
c seconds   switched    rate        size/glue  tier1     binary           remaining
c         MB  reductions  conflicts       size   tier2       irredundant
c          level   restarts    redundant     glue    trail           variables
c
c v  8.41 181 68 0 12 2956 6 28249 7059 1.4 15 11 9 16 20% 12265 286013 10955 14%
c w  8.41 181 68 0 12 2956 6 28249 7059 1.4 15 11 9 16 20% 12265 286013 10955 14%
c t  8.44 181 68 0 12 2956 6 28249 7059 1.4 15 11 9 16 20% 12159 286013 10955 14%
c f  8.47 181 68 0 12 2956 6 28249 7059 1.4 15 11 9 16 20% 12218 285713 11024 14%
c c  8.51 181 68 0 12 2956 6 28249 7059 1.4 15 11 9 16 20% 12310 285707 11022 14%
c d  8.51 182 68 0 12 2956 6 28249 7059 1.4 15 11 9 16 20% 12307 285706 11022 14%
c u  8.54 182 68 0 12 2956 6 28249 7046 1.4 15 11 9 16 20% 12305 285706 11022 14%
c v  8.56 182 68 0 12 2956 6 28249 7007 1.4 15 11 9 16 20% 12306 285706 11022 14%
c t  8.65 200 68 0 12 2956 6 28249 7007 1.4 15 11 9 16 20% 12265 285706 11022 14%
c f  8.66 200 68 0 12 2956 6 28249 7007 1.4 15 11 9 16 20% 12268 285700 11023 14%
c i  8.74 200 68 0 12 3125 6 28980 7688 1.4 16 11 9 16 20% 12270 285700 11022 14%
c -  8.79 200 67 0 13 3324 6 30260 6612 1.4 16 12 8 16 20% 12263 285698 11020 14%
c -  8.96 199 67 0 14 3635 6 33867 8180 1.4 16 12 9 16 20% 12278 285695 11020 14%
c -  9.23 235 73 0 15 4015 6 37609 9710 1.4 16 12 9 16 21% 12298 285695 11020 14%
c o  9.28 236 69 0 15 4018 6 40817 12119 1.4 16 12 9 16 21% 12303 285695 11020 14%
c -  9.30 236 68 0 16 4029 6 41482 9923 1.4 16 12 8 15 20% 12303 285695 11020 14%
c i  9.31 236 69 0 16 4031 6 41948 10324 1.4 16 12 8 15 20% 12320 285693 11018 14%
c i  9.31 236 69 0 16 4031 6 42185 10532 1.4 16 11 8 15 20% 12329 285692 11012 14%
c i  9.32 236 69 0 16 4049 6 42349 10652 1.4 16 11 8 15 20% 12330 285692 11008 14%
c d  9.37 237 73 0 16 4098 6 43154 11297 1.4 16 11 8 15 21% 12369 285585 11002 14%
c
c seconds   switched    rate         size/glue  tier1     binary           remaining
c         MB  reductions  conflicts        size   tier2       irredundant
c          level   restarts     redundant     glue    trail           variables
c
c b  9.38 237 73 0 16 4098 6 43154 11297 1.4 16 11 8 15 21% 12369 285585 10998 14%
c u  9.40 237 73 0 16 4098 6 43154 11131 1.4 16 11 8 15 21% 12369 285585 10998 14%
c v  9.45 237 73 0 16 4098 6 43154 10984 1.4 16 11 8 15 21% 12369 285585 10998 14%
c w  9.46 237 73 0 16 4098 6 43154 10979 1.4 16 11 8 15 21% 12369 285585 10998 14%
c t  9.47 237 73 0 16 4098 6 43154 10979 1.4 16 11 8 15 21% 12354 285558 10998 14%
c u  9.51 237 73 0 16 4098 6 43154 10927 1.4 16 11 8 15 21% 12354 285558 10998 14%
c v  9.54 237 73 0 16 4098 6 43154 10875 1.4 16 11 8 15 21% 12354 285558 10998 14%
c w  9.55 237 73 0 16 4098 6 43154 10872 1.4 16 11 8 15 21% 12354 285558 10998 14%
c -  9.67 220 70 0 17 4114 6 45483 10935 1.4 16 11 8 15 20% 12301 285558 10998 14%
c -  9.85 237 71 0 18 4322 6 49608 12043 1.4 16 11 8 14 20% 12322 285555 10998 14%
c -  9.92 238 66 0 19 4439 5 53851 13031 1.4 15 11 8 14 19% 12323 285555 10998 14%
c s  9.98 239 65 0 19 4454 5 54455 13241 1.4 15 11 8 14 19% 12355 283120 10998 14%
c e 10.02 244 65 0 19 4454 5 54455 13241 1.4 15 11 8 14 19% 10765 287368 9508 12%
c 2 10.02 244 65 0 19 4454 5 54455 13241 1.4 15 11 8 14 19% 10759 287368 9508 12%
c s 10.06 244 65 0 19 4454 5 54455 13241 1.4 15 11 8 14 19% 10881 284663 9508 12%
c e 10.09 244 65 0 19 4454 5 54455 13241 1.4 15 11 8 14 19% 10772 284840 9458 12%
c ^ 10.09 244 65 0 19 4454 5 54455 13241 1.4 15 11 8 14 19% 10772 284840 9458 12%
c - 10.26 261 62 0 20 4664 5 58211 12298 1.4 15 11 8 14 18% 10774 284840 9458 12%
c c 10.46 262 62 0 20 5119 5 61495 14862 1.4 15 11 8 14 18% 10824 284824 9456 12%
c d 10.46 262 62 0 20 5119 5 61495 14862 1.4 15 11 8 14 18% 10820 284824 9456 12%
c
c seconds   switched    rate         size/glue  tier1     binary          remaining
c         MB  reductions  conflicts        size   tier2       irredundant
c          level   restarts     redundant     glue    trail          variables
c
c u 10.50 263 62 0 20 5119 5 61495 14818 1.4 15 11 8 14 18% 10816 284824 9456 12%
c v 10.53 263 62 0 20 5119 5 61495 14286 1.4 15 11 8 14 18% 10816 284824 9456 12%
c w 10.55 263 62 0 20 5119 5 61495 14276 1.4 15 11 8 14 18% 10816 284824 9456 12%
c = 10.65 281 62 0 20 5119 5 61495 14276 1.4 15 11 8 14 18% 10816 284793 9443 12%
c t 10.66 281 62 0 20 5119 5 61495 14276 1.4 15 11 8 14 18% 10741 284745 9443 12%
c b 10.66 281 62 0 20 5119 5 61495 14276 1.4 15 11 8 14 18% 10741 284745 9440 12%
c f 10.69 282 62 0 20 5119 5 61495 14276 1.4 15 11 8 14 18% 10974 282471 9655 13%
c u 10.74 283 62 0 20 5119 5 61495 14234 1.4 15 11 8 14 18% 10978 282451 9655 13%
c v 10.77 283 62 0 20 5119 5 61495 14089 1.4 15 11 8 14 18% 10978 282451 9655 13%
c w 10.78 283 62 0 20 5119 5 61495 14071 1.4 15 11 8 14 18% 10978 282451 9655 13%
c - 10.87 283 61 0 21 5265 5 62683 13319 1.4 15 11 8 14 18% 10930 282450 9655 13%
c - 10.99 283 58 0 22 5586 5 67265 15021 1.4 15 11 8 14 18% 10933 282450 9655 13%
c - 11.04 283 54 0 23 5586 5 71955 17037 1.4 15 11 8 14 18% 10933 282450 9655 13%
c o 11.07 283 53 0 23 5587 5 73084 17852 1.4 15 11 8 14 18% 10933 282450 9655 13%
c - 11.25 283 54 0 24 6022 5 76750 18625 1.4 15 11 8 14 18% 10943 282446 9655 13%
c - 11.43 227 53 0 25 6418 5 81648 19868 1.4 15 11 8 14 17% 10949 282446 9655 13%
c d 11.49 227 53 0 25 6477 5 83376 21135 1.4 15 11 8 14 17% 10949 282444 9654 13%
c u 11.52 228 53 0 25 6477 5 83376 21057 1.4 15 11 8 14 17% 10949 282444 9654 13%
c v 11.55 228 53 0 25 6477 5 83376 20456 1.4 15 11 8 14 17% 10949 282444 9654 13%
c w 11.57 228 53 0 25 6477 5 83376 20429 1.4 15 11 8 14 17% 10949 282444 9654 13%
c
c seconds   switched    rate         size/glue  tier1     binary          remaining
c         MB  reductions  conflicts        size   tier2       irredundant
c          level   restarts     redundant     glue    trail          variables
c
c t 11.69 234 53 0 25 6477 5 83376 20429 1.4 15 11 8 14 17% 10941 282444 9654 13%
c u 11.75 234 53 0 25 6477 5 83376 20392 1.4 15 11 8 14 17% 10941 282444 9654 13%
c v 11.77 234 53 0 25 6477 5 83376 20315 1.4 15 11 8 14 17% 10941 282444 9654 13%
c w 11.78 234 53 0 25 6477 5 83376 20311 1.4 15 11 8 14 17% 10941 282444 9654 13%
c - 12.00 237 53 0 26 6868 5 86648 21055 1.4 15 11 8 14 17% 10952 282443 9654 13%
c - 12.31 170 54 0 27 7811 5 91748 22666 1.4 15 11 8 15 17% 10964 282440 9654 13%
c - 12.47 192 52 0 28 8074 5 96948 23892 1.3 15 11 8 14 17% 10974 282438 9654 13%
c s 12.58 193 51 0 28 8278 5 99848 25745 1.3 15 11 8 14 17% 11010 282001 9654 13%
c e 12.62 198 51 0 28 8278 5 99848 25745 1.3 15 11 8 14 17% 9719 287203 8511 11%
c 2 12.62 198 51 0 28 8278 5 99848 25745 1.3 15 11 8 14 17% 9716 287203 8511 11%
c s 12.67 198 51 0 28 8278 5 99848 25745 1.3 15 11 8 14 17% 9806 285213 8511 11%
c e 12.68 198 51 0 28 8278 5 99848 25745 1.3 15 11 8 14 17% 9742 285448 8463 11%
c ^ 12.68 198 51 0 28 8278 5 99848 25745 1.3 15 11 8 14 17% 9742 285448 8463 11%
c - 12.83 199 52 0 29 8648 5 102239 23019 1.3 15 11 8 15 17% 9746 285448 8463 11%
c - 13.00 206 53 0 30 8842 5 107625 24515 1.3 15 11 8 15 17% 9750 285448 8463 11%
c c 13.21 175 52 0 30 9117 5 108944 25705 1.3 15 11 8 15 17% 9794 285439 8461 11%
c d 13.21 175 52 0 30 9117 5 108944 25705 1.3 15 11 8 15 17% 9787 285432 8459 11%
c b 13.23 175 52 0 30 9117 5 108944 25705 1.3 15 11 8 15 17% 9787 285432 8455 11%
c u 13.28 178 52 0 30 9117 5 108944 25639 1.3 15 11 8 15 17% 9785 285432 8455 11%
c v 13.32 179 52 0 30 9117 5 108944 25448 1.3 15 11 8 15 17% 9785 285432 8455 11%
c
c seconds   switched    rate          size/glue  tier1     binary         remaining
c         MB  reductions  conflicts         size   tier2      irredundant
c          level   restarts      redundant     glue    trail         variables
c
c w 13.35 180 52 0 30 9117 5 108944 25443 1.3 15 11 8 15 17% 9785 285432 8455 11%
c t 13.37 180 52 0 30 9117 5 108944 25443 1.3 15 11 8 15 17% 9693 285396 8455 11%
c f 13.40 180 52 0 30 9117 5 108944 25443 1.3 15 11 8 15 17% 9743 284894 8494 11%
c u 13.47 193 52 0 30 9117 5 108944 25390 1.3 15 11 8 15 17% 9743 284894 8494 11%
c v 13.52 194 52 0 30 9117 5 108944 24963 1.3 15 11 8 15 17% 9743 284894 8494 11%
c w 13.54 194 52 0 30 9117 5 108944 24958 1.3 15 11 8 15 17% 9743 284894 8494 11%
c i 13.76 215 52 0 30 9117 5 110085 25899 1.3 15 11 8 15 17% 9745 284894 8490 11%
c - 13.85 231 51 0 31 9222 5 113102 25713 1.3 15 11 8 14 17% 9720 284892 8490 11%
c o 13.87 231 50 0 31 9223 5 114644 26755 1.3 15 11 8 14 16% 9720 284892 8490 11%
c - 14.04 148 51 0 32 9575 5 118671 27400 1.3 15 11 8 15 17% 9727 284891 8490 11%
c i 14.18 150 53 0 32 9691 5 123683 31377 1.3 15 11 8 15 17% 9737 284889 8489 11%
c - 14.21 151 54 0 33 9731 5 124327 29543 1.3 15 11 8 14 17% 9716 284889 8485 11%
c - 14.43 162 54 0 34 10009 5 130071 31309 1.3 15 11 8 14 17% 9735 284888 8485 11%
c i 14.51 181 53 0 34 10154 5 132048 32670 1.3 15 11 8 14 17% 9738 284887 8484 11%
c - 14.70 190 54 0 35 10409 5 135901 33088 1.3 15 11 8 14 17% 9738 284885 8484 11%
c d 14.77 194 54 0 35 10526 5 138289 34937 1.3 15 11 8 14 17% 9762 284781 8479 11%
c b 14.78 194 54 0 35 10526 5 138289 34937 1.3 15 11 8 14 17% 9762 284781 8469 11%
c u 14.83 194 54 0 35 10526 5 138289 34827 1.3 15 11 8 14 17% 9762 284781 8469 11%
c v 14.87 195 54 0 35 10526 5 138289 33850 1.3 15 11 8 14 17% 9762 284781 8469 11%
c w 14.90 195 54 0 35 10526 5 138289 33814 1.3 15 11 8 14 17% 9762 284781 8469 11%
c
c seconds   switched     rate          size/glue  tier1     binary         remaining
c         MB  reductions   conflicts         size   tier2      irredundant
c          level   restarts       redundant     glue    trail         variables
c
c t 14.91 125 54 0 35 10526 5 138289 33814 1.3 15 11 8 14 17% 9758 284715 8464 11%
c u 15.00 126 54 0 35 10526 5 138289 33669 1.3 15 11 8 14 17% 9766 284692 8464 11%
c v 15.04 128 54 0 35 10526 5 138289 33382 1.3 15 11 8 14 17% 9765 284692 8464 11%
c w 15.06 128 54 0 35 10526 5 138289 33372 1.3 15 11 8 14 17% 9765 284692 8464 11%
c t 15.07 128 54 0 35 10526 5 138289 33372 1.3 15 11 8 14 17% 9764 284692 8464 11%
c - 15.18 131 53 0 36 10622 5 141818 33935 1.3 15 11 8 14 16% 9725 284692 8464 11%
c - 15.41 156 53 0 37 10983 5 147818 35745 1.3 15 11 8 14 16% 9735 284690 8464 11%
c i 15.46 158 51 0 37 10995 5 150882 37154 1.3 15 11 8 14 16% 9736 284690 8456 11%
c - 15.65 164 51 0 38 11524 5 153900 36980 1.3 15 11 8 14 16% 9720 284690 8456 11%
c - 15.88 129 51 0 39 11837 4 160066 38196 1.3 15 11 8 14 16% 9725 284689 8456 11%
c s 16.11 136 50 0 39 12056 4 164341 41493 1.3 15 11 8 14 16% 9758 283408 8456 11%
c e 16.17 143 50 0 39 12056 4 164341 41493 1.3 15 11 8 14 16% 8754 289381 7663 10%
c 2 16.17 143 50 0 39 12056 4 164341 41493 1.3 15 11 8 14 16% 8744 289381 7663 10%
c s 16.25 143 50 0 39 12056 4 164341 41493 1.3 15 11 8 14 16% 8841 286903 7663 10%
c e 16.27 143 50 0 39 12056 4 164341 41493 1.3 15 11 8 14 16% 8759 287404 7604 10%
c ^ 16.27 143 50 0 39 12056 4 164341 41493 1.3 15 11 8 14 16% 8759 287404 7604 10%
c o 16.31 143 51 0 39 12066 4 164650 35488 1.3 15 11 8 14 16% 8762 287401 7604 10%
c - 16.40 147 50 0 40 12190 4 166311 33568 1.3 15 11 8 14 16% 8772 287392 7604 10%
c b 16.55 149 48 0 40 12260 4 171505 37445 1.3 15 11 8 14 15% 8774 287392 7602 10%
c u 16.59 149 48 0 40 12260 4 171505 35749 1.3 15 11 8 14 15% 8762 287392 7602 10%
c
c seconds   switched     rate          size/glue  tier1     binary         remaining
c         MB  reductions   conflicts         size   tier2      irredundant
c          level   restarts       redundant     glue    trail         variables
c
c v 16.63 149 48 0 40 12260 4 171505 34220 1.3 15 11 8 14 15% 8762 287392 7602 10%
c w 16.64 149 48 0 40 12260 4 171505 34196 1.3 15 11 8 14 15% 8762 287392 7602 10%
c x 16.69 106 48 0 40 12260 4 171505 34195 1.3 15 11 8 14 15% 8766 287375 7602 10%
c t 16.71 106 48 0 40 12260 4 171505 34195 1.3 15 11 8 14 15% 8667 287375 7602 10%
c f 16.74 106 48 0 40 12260 4 171505 34195 1.3 15 11 8 14 15% 8674 287243 7609 10%
c c 16.78 139 48 0 40 12260 4 171505 34195 1.3 15 11 8 14 15% 8703 287240 7608 10%
c d 16.79 139 48 0 40 12260 4 171505 34195 1.3 15 11 8 14 15% 8702 287239 7608 10%
c u 16.85 142 48 0 40 12260 4 171505 33585 1.3 15 11 8 14 15% 8699 287239 7608 10%
c v 16.89 144 48 0 40 12260 4 171505 32410 1.3 15 11 8 14 15% 8699 287239 7608 10%
c w 16.92 144 48 0 40 12260 4 171505 32358 1.3 15 11 8 14 15% 8699 287239 7608 10%
c t 17.11 145 48 0 40 12260 4 171505 32358 1.3 15 11 8 14 15% 8686 287239 7608 10%
c f 17.12 145 48 0 40 12260 4 171505 32358 1.3 15 11 8 14 15% 8686 287222 7609 10%
c - 17.20 153 49 0 41 12342 4 172635 31736 1.3 15 11 8 14 15% 8689 287222 7609 10%
c - 17.44 153 48 0 42 12801 4 179039 33736 1.3 15 11 8 14 15% 8696 287221 7609 10%
c - 17.51 132 45 0 43 12823 4 185519 34598 1.3 15 11 8 13 15% 8696 287221 7609 10%
c - 17.80 149 46 0 44 13331 4 192077 35947 1.3 15 11 8 14 15% 8702 287219 7609 10%
c - 18.03 153 45 0 45 13819 4 198710 36922 1.3 15 11 8 14 15% 8706 287219 7609 10%
c - 18.44 211 47 0 46 14847 4 205419 37962 1.3 15 12 8 14 15% 8728 287215 7609 10%
c d 18.51 211 45 0 46 14862 4 208712 40262 1.3 15 12 8 14 15% 8726 287214 7608 10%
c u 18.60 213 45 0 46 14862 4 208712 38751 1.3 15 12 8 14 15% 8726 287214 7608 10%
c
c seconds   switched     rate          size/glue  tier1     binary         remaining
c         MB  reductions   conflicts         size   tier2      irredundant
c          level   restarts       redundant     glue    trail         variables
c
c v 18.61 213 45 0 46 14862 4 208712 37097 1.3 15 12 8 14 15% 8726 287214 7608 10%
c w 18.61 213 45 0 46 14862 4 208712 37048 1.3 15 12 8 14 15% 8726 287214 7608 10%
c t 18.63 213 45 0 46 14862 4 208712 37048 1.3 15 12 8 14 15% 8716 287214 7608 10%
c u 18.70 214 45 0 46 14862 4 208712 36838 1.3 15 12 8 14 15% 8716 287214 7608 10%
c v 18.70 214 45 0 46 14862 4 208712 36836 1.3 15 12 8 14 15% 8716 287214 7608 10%
c x 18.78 220 45 0 46 14862 4 208712 36835 1.3 15 12 8 14 15% 8716 287126 7608 10%
c - 18.93 238 46 0 47 14939 4 212202 36533 1.3 15 12 8 14 15% 8721 287125 7608 10%
c - 19.19 231 46 0 48 15343 4 219057 38141 1.3 15 12 8 14 15% 8724 287125 7608 10%
c o 19.53 254 46 0 48 15814 4 225553 43229 1.3 15 12 8 14 15% 8737 287123 7608 10%
c - 19.58 254 46 0 49 15844 4 225989 39482 1.3 15 12 8 14 15% 8741 287123 7608 10%
c i 19.74 273 45 0 49 15961 4 232354 43585 1.3 15 11 8 14 15% 8750 287123 7607 10%
c - 19.80 274 46 0 50 16045 4 232989 40058 1.3 15 11 8 14 15% 8742 287123 7607 10%
c - 20.00 245 44 0 51 16250 4 240063 41006 1.3 15 11 8 14 15% 8744 287122 7607 10%
c i 20.09 246 44 0 51 16351 4 241907 42617 1.3 15 11 8 14 15% 8745 287122 7606 10%
c - 20.26 265 44 0 52 16594 4 247204 42016 1.3 15 11 8 14 15% 8744 287122 7606 10%
c s 20.44 268 43 0 52 16731 4 249726 44021 1.3 15 11 8 14 15% 8766 285270 7606 10%
c e 20.50 289 43 0 52 16731 4 249726 44021 1.3 15 11 8 14 15% 7583 297379 6687 9%
c 2 20.50 289 43 0 52 16731 4 249726 44021 1.3 15 11 8 14 15% 7580 297379 6687 9%
c s 20.59 289 43 0 52 16731 4 249726 44021 1.3 15 11 8 14 15% 7652 292599 6687 9%
c e 20.61 289 43 0 52 16731 4 249726 44021 1.3 15 11 8 14 15% 7552 293521 6624 9%
c
c seconds   switched     rate          size/glue  tier1     binary        remaining
c         MB  reductions   conflicts         size   tier2      irredundant
c          level   restarts       redundant     glue    trail         variables
c
c ! 20.61 289 43 0 52 16731 4 249726 44021 1.3 15 11 8 14 15% 7552 293521 6624 9%
c b 20.65 290 43 0 52 16747 4 249946 36231 1.3 15 11 8 14 15% 7555 293518 6622 9%
c u 20.71 290 43 0 52 16747 4 249946 34999 1.3 15 11 8 14 15% 7547 293518 6622 9%
c v 20.77 290 43 0 52 16747 4 249946 34461 1.3 15 11 8 14 15% 7547 293518 6622 9%
c w 20.80 303 43 0 52 16747 4 249946 34425 1.3 15 11 8 14 15% 7547 293518 6622 9%
c t 20.82 305 43 0 52 16747 4 249946 34425 1.3 15 11 8 14 15% 7479 293478 6622 9%
c f 20.87 305 43 0 52 16747 4 249946 34425 1.3 15 11 8 14 15% 7627 290626 6749 9%
c u 20.94 313 43 0 52 16747 4 249946 33761 1.3 15 11 8 14 15% 7627 290626 6749 9%
c v 20.97 313 43 0 52 16747 4 249946 33719 1.3 15 11 8 14 15% 7627 290626 6749 9%
c w 21.00 313 43 0 52 16747 4 249946 33708 1.3 15 11 8 14 15% 7627 290626 6749 9%
c x 21.03 317 43 0 52 16747 4 249946 33701 1.3 15 11 8 14 15% 7627 290394 6749 9%
c - 21.20 318 43 0 53 16974 4 254415 33632 1.3 15 11 8 14 15% 7619 290394 6749 9%
c - 21.41 321 42 0 54 17197 4 261697 35180 1.3 15 11 8 14 14% 7626 290394 6749 9%
c - 21.68 262 41 0 55 17488 4 269046 37138 1.3 15 11 8 14 15% 7634 290392 6749 9%
c - 22.02 265 41 0 56 18323 4 276462 38382 1.3 15 12 8 14 15% 7640 290391 6749 9%
c i 22.16 283 42 0 56 18801 4 279138 40442 1.3 15 12 8 14 15% 7649 290389 6748 9%
c - 22.40 305 42 0 57 19044 4 283946 39375 1.3 15 12 8 14 15% 7648 290388 6748 9%
c - 22.70 211 42 0 58 19345 4 291495 40606 1.3 15 12 8 14 15% 7653 290388 6748 9%
c u 22.93 211 42 0 58 19613 4 295338 43476 1.3 15 12 8 14 15% 7660 290379 6748 9%
c v 22.98 211 42 0 58 19613 4 295338 42291 1.3 15 12 8 14 15% 7660 290379 6748 9%
c
c seconds   switched     rate          size/glue  tier1     binary        remaining
c         MB  reductions   conflicts         size   tier2      irredundant
c          level   restarts       redundant     glue    trail         variables
c
c w 23.00 211 42 0 58 19613 4 295338 42265 1.3 15 12 8 14 15% 7660 290379 6748 9%
c x 23.05 216 42 0 58 19613 4 295338 42259 1.3 15 12 8 14 15% 7660 290334 6748 9%
c = 23.30 220 42 0 58 19613 4 295338 42259 1.3 15 12 8 14 15% 7693 290276 6730 9%
c d 23.30 220 42 0 58 19613 4 295338 42253 1.3 15 12 8 14 15% 7652 290266 6730 9%
c t 23.31 220 42 0 58 19613 4 295338 42253 1.3 15 12 8 14 15% 7640 290266 6729 9%
c f 23.33 220 42 0 58 19613 4 295338 42253 1.3 15 12 8 14 15% 7641 290248 6730 9%
c c 23.37 239 42 0 58 19613 4 295338 42250 1.3 15 12 8 14 15% 7665 290228 6729 9%
c d 23.37 240 42 0 58 19613 4 295338 42250 1.3 15 12 8 14 15% 7667 290224 6729 9%
c b 23.39 240 42 0 58 19613 4 295338 42250 1.3 15 12 8 14 15% 7667 290224 6728 9%
c u 23.45 243 42 0 58 19613 4 295338 42110 1.3 15 12 8 14 15% 7667 290224 6728 9%
c v 23.50 244 42 0 58 19613 4 295338 42073 1.3 15 12 8 14 15% 7667 290224 6728 9%
c w 23.52 244 42 0 58 19613 4 295338 42065 1.3 15 12 8 14 15% 7667 290224 6728 9%
c x 23.57 245 42 0 58 19613 4 295338 42047 1.3 15 12 8 14 15% 7671 290189 6728 9%
c t 23.58 245 42 0 58 19613 4 295338 42047 1.3 15 12 8 14 15% 7661 290189 6728 9%
c o 23.61 245 42 0 58 19617 4 296199 42475 1.3 15 12 8 14 15% 7661 290189 6728 9%
c i 23.67 244 42 0 58 19694 4 296672 42902 1.3 15 12 8 14 15% 7663 290188 6726 9%
c i 23.81 245 42 0 58 20005 4 298715 44584 1.3 15 12 8 14 15% 7670 290188 6725 9%
c - 23.86 130 42 0 59 20042 4 299110 40970 1.3 15 12 8 14 15% 7661 290185 6725 9%
c i 23.97 132 42 0 59 20216 4 301420 42708 1.3 15 12 8 14 15% 7671 290182 6718 9%
c - 24.25 142 45 0 60 20767 4 306791 42393 1.3 15 12 8 14 15% 7658 290180 6718 9%
c
c seconds   switched     rate          size/glue  tier1     binary        remaining
c         MB  reductions   conflicts         size   tier2      irredundant
c          level   restarts       redundant     glue    trail         variables
c
c - 24.47 149 44 0 61 20881 4 314537 43804 1.3 15 12 8 14 15% 7660 290180 6718 9%
c - 24.75 155 43 0 62 21259 4 322350 45101 1.3 15 12 8 14 15% 7661 290180 6718 9%
c i 25.02 121 42 0 62 21781 4 329489 50476 1.3 15 12 8 14 15% 7662 290180 6717 9%
c - 25.09 126 42 0 63 21888 4 330225 46090 1.3 15 12 8 14 15% 7641 290180 6714 9%
c - 25.32 128 41 0 64 22166 4 338162 46975 1.3 15 12 8 14 14% 7645 290179 6714 9%
c b 25.56 128 41 0 64 22559 4 344916 51636 1.3 15 12 8 14 14% 7679 289941 6712 9%
c u 25.62 129 41 0 64 22559 4 344916 51370 1.3 15 12 8 14 14% 7679 289941 6712 9%
c v 25.67 129 41 0 64 22559 4 344916 49981 1.3 15 12 8 14 14% 7679 289941 6712 9%
c w 25.69 129 41 0 64 22559 4 344916 49816 1.3 15 12 8 14 14% 7679 289941 6712 9%
c x 25.74 133 41 0 64 22559 4 344916 49803 1.3 15 12 8 14 14% 7684 289878 6712 9%
c t 25.75 133 41 0 64 22559 4 344916 49803 1.3 15 12 8 14 14% 7670 289878 6712 9%
c u 25.84 134 41 0 64 22559 4 344916 49729 1.3 15 12 8 14 14% 7670 289878 6712 9%
c v 25.89 134 41 0 64 22559 4 344916 49660 1.3 15 12 8 14 14% 7670 289878 6712 9%
c w 25.91 134 41 0 64 22559 4 344916 49627 1.3 15 12 8 14 14% 7670 289878 6712 9%
c x 25.96 102 41 0 64 22559 4 344916 49627 1.3 15 12 8 14 14% 7670 289849 6712 9%
c = 26.25 105 41 0 64 22559 4 344916 49627 1.3 15 12 8 14 14% 7750 289730 6673 9%
c d 26.26 105 41 0 64 22559 4 344916 49618 1.3 15 12 8 14 14% 7657 289730 6673 9%
c t 26.28 105 41 0 64 22559 4 344916 49618 1.3 15 12 8 14 14% 7631 289730 6673 9%
c f 26.29 105 41 0 64 22559 4 344916 49618 1.3 15 12 8 14 14% 7633 289710 6674 9%
c - 26.37 121 43 0 65 22697 4 346162 46835 1.3 15 12 8 14 15% 7634 289710 6674 9%
c
c seconds   switched     rate          size/glue  tier1     binary        remaining
c         MB  reductions   conflicts         size   tier2      irredundant
c          level   restarts       redundant     glue    trail         variables
c
c - 26.72 124 42 0 66 23311 4 354225 48316 1.3 16 12 8 14 15% 7649 289710 6674 9%
c i 26.73 124 43 0 66 23313 4 354351 48400 1.3 16 12 8 14 15% 7649 289710 6673 9%
c i 26.79 125 42 0 66 23479 4 355732 49538 1.3 16 12 8 14 15% 7653 289710 6669 9%
c s 27.01 108 42 0 66 23701 4 357729 51042 1.3 16 12 8 14 15% 7681 287321 6669 9%
c e 27.05 114 42 0 66 23701 4 357729 51042 1.3 16 12 8 14 15% 7454 289191 6523 9%
c 2 27.05 114 42 0 66 23701 4 357729 51042 1.3 16 12 8 14 15% 7450 289191 6523 9%
c s 27.16 114 42 0 66 23701 4 357729 51042 1.3 16 12 8 14 15% 7479 288174 6523 9%
c e 27.18 114 42 0 66 23701 4 357729 51042 1.3 16 12 8 14 15% 7451 288464 6505 8%
c - 27.33 112 42 0 67 23806 4 362349 47847 1.3 16 12 8 14 15% 7449 288464 6505 8%
c - 27.61 109 41 0 68 24023 4 370534 49152 1.3 16 12 8 14 15% 7453 288463 6505 8%
c - 27.93 84 40 0 69 24568 4 378780 50145 1.3 16 12 8 14 14% 7457 288462 6505 8%
c o 27.95 84 40 0 69 24610 4 380011 51032 1.3 16 12 8 14 14% 7457 288462 6505 8%
c - 28.19 86 39 0 70 24794 4 387087 51288 1.3 15 12 8 14 14% 7461 288462 6505 8%
c - 28.31 88 37 0 71 24863 4 395454 52026 1.3 15 12 8 14 14% 7461 288462 6505 8%
c b 28.40 89 37 0 71 24918 4 398753 53848 1.3 15 12 8 14 14% 7470 288453 6499 8%
c u 28.46 90 37 0 71 24918 4 398753 53818 1.3 15 12 8 14 14% 7470 288453 6499 8%
c v 28.49 90 37 0 71 24918 4 398753 53212 1.3 15 12 8 14 14% 7470 288453 6499 8%
c w 28.53 90 37 0 71 24918 4 398753 53192 1.3 15 12 8 14 14% 7470 288453 6499 8%
c x 28.57 97 37 0 71 24918 4 398753 53190 1.3 15 12 8 14 14% 7477 288327 6499 8%
c t 28.59 97 37 0 71 24918 4 398753 53190 1.3 15 12 8 14 14% 7435 288327 6499 8%
c
c seconds  switched     rate          size/glue  tier1     binary        remaining
c        MB  reductions   conflicts         size   tier2      irredundant
c         level   restarts       redundant     glue    trail         variables
c
c f 28.62 97 37 0 71 24918 4 398753 53190 1.3 15 12 8 14 14% 7462 287817 6523 9%
c u 28.70 107 37 0 71 24918 4 398753 53150 1.3 15 12 8 14 14% 7463 287817 6523 9%
c v 28.72 108 37 0 71 24918 4 398753 53129 1.3 15 12 8 14 14% 7463 287817 6523 9%
c w 28.75 108 37 0 71 24918 4 398753 53109 1.3 15 12 8 14 14% 7463 287817 6523 9%
c x 28.81 112 37 0 71 24918 4 398753 53098 1.3 15 12 8 14 14% 7463 287688 6523 9%
c = 29.08 111 37 0 71 24918 4 398753 53098 1.3 15 12 8 14 14% 7514 287615 6499 8%
c d 29.08 111 37 0 71 24918 4 398753 53089 1.3 15 12 8 14 14% 7449 287606 6498 8%
c t 29.10 111 37 0 71 24918 4 398753 53089 1.3 15 12 8 14 14% 7439 287606 6498 8%
c f 29.12 111 37 0 71 24918 4 398753 53089 1.3 15 12 8 14 14% 7440 287588 6499 8%
c - 29.36 128 37 0 72 25101 4 403881 53797 1.3 15 12 8 14 14% 7425 287588 6499 8%
c i 29.36 128 37 0 72 25101 4 404363 54001 1.3 15 12 8 14 14% 7434 287588 6498 8%
c - 29.72 129 38 0 73 25777 4 412367 54623 1.3 15 12 8 14 14% 7427 287588 6498 8%
c - 30.01 132 38 0 74 26074 4 420912 55324 1.3 15 12 8 14 14% 7434 287587 6498 8%
c - 30.30 154 37 0 75 26627 4 429515 55950 1.3 15 12 8 14 14% 7435 287587 6498 8%
c - 30.65 197 37 0 76 27325 4 438175 56994 1.3 15 12 8 14 14% 7445 287584 6498 8%
c - 31.05 190 40 0 77 27881 4 446892 59131 1.3 15 12 8 14 14% 7454 287583 6498 8%
c - 31.23 199 39 0 78 27936 4 455666 60861 1.3 15 12 8 14 14% 7456 287583 6498 8%
c b 31.31 201 39 0 78 28120 4 456876 61797 1.3 15 12 8 14 14% 7456 287559 6488 8%
c u 31.36 203 39 0 78 28120 4 456876 61747 1.3 15 12 8 14 14% 7456 287559 6488 8%
c v 31.39 203 39 0 78 28120 4 456876 61706 1.3 15 12 8 14 14% 7456 287559 6488 8%
c
c seconds   switched     rate          size/glue  tier1     binary        remaining
c         MB  reductions   conflicts         size   tier2      irredundant
c          level   restarts       redundant     glue    trail         variables
c
c w 31.43 203 39 0 78 28120 4 456876 61454 1.3 15 12 8 14 14% 7456 287559 6488 8%
c x 31.50 207 39 0 78 28120 4 456876 61441 1.3 15 12 8 14 14% 7488 287060 6488 8%
c t 31.84 152 39 0 78 28120 4 456876 61441 1.3 15 12 8 14 14% 7482 287060 6488 8%
c u 31.94 151 39 0 78 28120 4 456876 61342 1.3 15 12 8 14 14% 7483 287060 6488 8%
c v 31.96 152 39 0 78 28120 4 456876 61327 1.3 15 12 8 14 14% 7483 287060 6488 8%
c w 31.99 152 39 0 78 28120 4 456876 61286 1.3 15 12 8 14 14% 7483 287060 6488 8%
c x 32.06 155 39 0 78 28120 4 456876 61276 1.3 15 12 8 14 14% 7483 286990 6488 8%
c t 32.07 155 39 0 78 28120 4 456876 61276 1.3 15 12 8 14 14% 7482 286990 6488 8%
c - 32.31 162 38 0 79 28459 4 464499 61949 1.3 15 12 8 14 14% 7435 286990 6488 8%
c o 32.58 169 38 0 79 28973 4 470165 66229 1.3 15 12 8 14 14% 7439 286990 6488 8%
c - 32.71 120 38 0 80 29236 4 473387 62647 1.3 15 12 8 14 14% 7439 286990 6488 8%
c - 33.12 138 38 0 81 29831 4 482332 63289 1.3 15 12 8 14 14% 7439 286990 6488 8%
c s 33.45 146 38 0 81 30011 3 489648 68229 1.3 15 12 8 14 14% 7480 286080 6488 8%
c e 33.48 154 38 0 81 30011 3 489648 68229 1.3 15 12 8 14 14% 7388 286931 6425 8%
c 2 33.48 154 38 0 81 30011 3 489648 68229 1.3 15 12 8 14 14% 7387 286931 6425 8%
c s 33.60 154 38 0 81 30011 3 489648 68229 1.3 15 12 8 14 14% 7401 286484 6425 8%
c e 33.61 155 38 0 81 30011 3 489648 68229 1.3 15 12 8 14 14% 7386 286623 6416 8%
c - 33.70 120 39 0 82 30064 3 491333 63464 1.3 15 12 8 14 14% 7390 286620 6416 8%
c - 34.04 129 38 0 83 30353 3 500390 64410 1.3 15 12 8 14 14% 7392 286618 6416 8%
c i 34.47 146 39 0 83 31320 4 507366 69957 1.3 15 12 8 14 14% 7402 286617 6414 8%
c
c seconds   switched     rate          size/glue  tier1     binary        remaining
c         MB  reductions   conflicts         size   tier2      irredundant
c          level   restarts       redundant     glue    trail         variables
c
c - 34.62 130 39 0 84 31591 4 509500 64876 1.3 16 12 8 14 14% 7391 286617 6414 8%
c - 35.07 164 38 0 85 32228 4 518665 65346 1.3 16 12 8 15 14% 7395 286617 6414 8%
c u 35.25 181 38 0 85 32310 4 519383 65907 1.3 16 12 8 15 14% 7413 286585 6414 8%
c v 35.28 182 38 0 85 32310 4 519383 65782 1.3 16 12 8 15 14% 7413 286585 6414 8%
c w 35.31 182 38 0 85 32310 4 519383 65753 1.3 16 12 8 15 14% 7413 286585 6414 8%
c x 35.40 183 38 0 85 32310 4 519383 65751 1.3 16 12 8 15 14% 7413 286530 6414 8%
c t 35.65 151 38 0 85 32310 4 519383 65751 1.3 16 12 8 15 14% 7385 286530 6414 8%
c f 35.68 151 38 0 85 32310 4 519383 65751 1.3 16 12 8 15 14% 7403 286296 6425 8%
c u 35.77 166 38 0 85 32310 4 519383 65644 1.3 16 12 8 15 14% 7403 286296 6422 8%
c v 35.80 167 38 0 85 32310 4 519383 65623 1.3 16 12 8 15 14% 7403 286296 6422 8%
c w 35.83 167 38 0 85 32310 4 519383 65589 1.3 16 12 8 15 14% 7403 286296 6422 8%
c x 35.92 168 38 0 85 32310 4 519383 65577 1.3 16 12 8 15 14% 7419 285924 6422 8%
c i 35.95 168 38 0 85 32310 4 519383 65577 1.3 16 12 8 15 14% 7419 285924 6422 8%
c - 36.23 173 37 0 86 32681 4 527885 64876 1.3 16 12 8 15 14% 7404 285922 6422 8%
c - 36.53 119 37 0 87 33032 4 537160 65476 1.3 15 12 8 15 13% 7409 285921 6422 8%
c - 36.94 140 36 0 88 33785 4 546487 65941 1.3 16 12 8 15 13% 7413 285921 6422 8%
c - 37.34 128 36 0 89 34227 4 555868 66213 1.3 16 12 8 15 13% 7417 285919 6422 8%
c - 37.84 154 37 0 90 35226 4 565301 66541 1.3 16 12 8 15 14% 7427 285917 6422 8%
c o 38.01 125 36 0 90 35469 4 571870 71500 1.3 16 12 8 15 13% 7430 285917 6422 8%
c - 38.22 136 37 0 91 35672 4 574788 67294 1.3 16 12 8 15 14% 7435 285914 6422 8%
c
c seconds   switched     rate          size/glue  tier1     binary        remaining
c         MB  reductions   conflicts         size   tier2      irredundant
c          level   restarts       redundant     glue    trail         variables
c
c - 38.46 144 36 0 92 35829 4 584327 66801 1.3 16 12 8 15 14% 7435 285914 6422 8%
c d 38.50 144 35 0 92 35829 3 586317 68227 1.3 16 12 8 15 14% 7433 285914 6421 8%
c b 38.51 144 35 0 92 35829 3 586317 68227 1.3 16 12 8 15 14% 7433 285914 6420 8%
c u 38.59 145 35 0 92 35829 3 586317 67967 1.3 16 12 8 15 14% 7434 285914 6420 8%
c v 38.60 145 35 0 92 35829 3 586317 67105 1.3 16 12 8 15 14% 7434 285914 6420 8%
c w 38.61 145 35 0 92 35829 3 586317 67099 1.3 16 12 8 15 14% 7434 285914 6420 8%
c x 38.73 146 35 0 92 35829 3 586317 67085 1.3 16 12 8 15 14% 7437 285697 6420 8%
c t 38.74 146 35 0 92 35829 3 586317 67085 1.3 16 12 8 15 14% 7423 285697 6420 8%
c u 38.85 107 35 0 92 35829 3 586317 66093 1.3 16 12 8 15 14% 7434 285697 6420 8%
c v 38.86 107 35 0 92 35829 3 586317 66093 1.3 16 12 8 15 14% 7434 285697 6420 8%
c x 39.01 110 35 0 92 35829 3 586317 66078 1.3 16 12 8 15 14% 7434 285318 6420 8%
c t 39.42 115 35 0 92 35829 3 586317 66078 1.3 16 12 8 15 14% 7431 285318 6420 8%
c - 39.78 107 37 0 93 36365 3 593920 66321 1.3 16 12 8 15 14% 7428 285318 6420 8%
c - 40.17 136 37 0 94 37353 3 603563 67250 1.3 16 12 8 15 14% 7431 285317 6420 8%
c - 40.51 148 36 0 95 38735 3 613260 67279 1.3 16 13 8 15 14% 7434 285317 6420 8%
c - 40.82 139 35 0 96 38944 3 623008 67297 1.3 16 12 8 15 14% 7437 285317 6420 8%
c - 41.19 145 36 0 97 39663 3 632806 67832 1.3 16 13 8 15 14% 7447 285315 6420 8%
c - 41.53 106 36 0 98 40027 3 642654 67824 1.3 16 13 8 15 14% 7449 285315 6420 8%
c s 41.80 109 35 0 98 40134 3 647026 70975 1.3 16 13 8 15 13% 7458 284586 6420 8%
c e 41.81 113 35 0 98 40134 3 647026 70975 1.3 16 13 8 15 13% 7418 284948 6394 8%
c
c seconds   switched     rate          size/glue  tier1     binary        remaining
c         MB  reductions   conflicts         size   tier2      irredundant
c          level   restarts       redundant     glue    trail         variables
c
c s 41.98 113 35 0 98 40134 3 647026 70975 1.3 16 13 8 15 13% 7434 284707 6394 8%
c e 41.99 113 35 0 98 40134 3 647026 70975 1.3 16 13 8 15 13% 7431 284726 6393 8%
c - 42.24 109 35 0 99 40334 3 652556 67394 1.3 16 13 8 15 13% 7431 284726 6393 8%
c b 42.46 86 35 0 99 40711 3 657737 71371 1.3 16 13 8 15 13% 7431 284726 6392 8%
c u 42.55 88 35 0 99 40711 3 657737 69191 1.3 16 13 8 15 13% 7431 284726 6392 8%
c v 42.64 88 35 0 99 40711 3 657737 67881 1.3 16 13 8 15 13% 7431 284726 6392 8%
c w 42.67 88 35 0 99 40711 3 657737 67816 1.3 16 13 8 15 13% 7431 284726 6392 8%
c x 42.74 95 35 0 99 40711 3 657737 67808 1.3 16 13 8 15 13% 7433 284471 6392 8%
c t 42.76 95 35 0 99 40711 3 657737 67808 1.3 16 13 8 15 13% 7409 284471 6392 8%
c f 42.79 95 35 0 99 40711 3 657737 67808 1.3 16 13 8 15 13% 7414 284392 6396 8%
c u 42.89 111 35 0 99 40711 3 657737 63882 1.3 16 13 8 15 13% 7414 284392 6396 8%
c v 42.97 114 35 0 99 40711 3 657737 63668 1.3 16 13 8 15 13% 7414 284392 6396 8%
c w 43.00 114 35 0 99 40711 3 657737 63473 1.3 16 13 8 15 13% 7414 284392 6396 8%
c x 43.07 114 35 0 99 40711 3 657737 63464 1.3 16 13 8 15 13% 7414 284001 6396 8%
c - 43.34 136 37 0 100 41062 3 662505 61870 1.3 16 13 8 15 14% 7414 284001 6396 8%
c - 43.78 181 37 0 101 41402 3 672507 63106 1.3 16 13 8 15 14% 7418 284001 6396 8%
c o 44.13 208 37 0 101 41807 3 681870 70242 1.3 16 12 8 15 14% 7426 283998 6396 8%
c - 44.17 227 37 0 102 41955 3 682559 64139 1.3 16 13 8 15 14% 7426 283998 6396 8%
c - 44.50 233 37 0 103 42343 3 692659 65157 1.3 16 12 8 15 14% 7431 283998 6396 8%
c i 44.66 254 37 0 103 42473 3 696282 67744 1.3 16 12 8 15 14% 7446 283998 6377 8%
c
c seconds   switched      rate          size/glue  tier1     binary        remaining
c         MB  reductions    conflicts         size   tier2      irredundant
c          level    restarts       redundant     glue    trail         variables
c
c i 44.89 277 37 0 103 42751 3 702398 72288 1.3 16 12 8 15 14% 7454 283998 6374 8%
c - 44.92 282 36 0 104 42772 3 702807 66477 1.3 16 12 8 15 14% 7398 283998 6374 8%
c i 45.15 317 36 0 104 43153 3 708212 70378 1.3 16 12 8 15 14% 7407 283996 6370 8%
c - 45.33 327 36 0 105 43424 3 713005 67536 1.3 16 12 8 15 14% 7401 283996 6370 8%
c - 45.79 262 36 0 106 44003 3 723251 68363 1.3 16 12 8 15 14% 7404 283996 6370 8%
c - 46.02 261 36 0 107 44540 3 733546 68580 1.3 16 12 8 15 14% 7407 283996 6370 8%
c b 46.04 262 36 0 107 44540 3 733678 68686 1.3 16 12 8 15 14% 7445 283682 6357 8%
c u 46.12 267 36 0 107 44540 3 733678 66136 1.3 16 12 8 15 14% 7447 283682 6357 8%
c v 46.13 267 36 0 107 44540 3 733678 66132 1.3 16 12 8 15 14% 7447 283682 6357 8%
c w 46.14 267 36 0 107 44540 3 733678 66131 1.3 16 12 8 15 14% 7447 283682 6357 8%
c x 46.27 270 36 0 107 44540 3 733678 66117 1.3 16 12 8 15 14% 7463 282937 6357 8%
c d 46.28 270 36 0 107 44540 3 733678 66117 1.3 16 12 8 15 14% 7459 282932 6355 8%
c t 46.29 270 36 0 107 44540 3 733678 66117 1.3 16 12 8 15 14% 7448 282932 6349 8%
c b 46.32 270 36 0 107 44540 3 733678 66100 1.3 16 12 8 15 14% 7460 282873 6330 8%
c u 46.40 178 36 0 107 44540 3 733678 63774 1.3 16 12 8 15 14% 7460 282873 6330 8%
c v 46.41 178 36 0 107 44540 3 733678 63774 1.3 16 12 8 15 14% 7460 282873 6330 8%
c w 46.42 178 36 0 107 44540 3 733678 63772 1.3 16 12 8 15 14% 7460 282873 6330 8%
c x 46.55 178 36 0 107 44540 3 733678 63770 1.3 16 12 8 15 14% 7469 282363 6330 8%
c t 46.98 181 36 0 107 44540 3 733678 63770 1.3 16 12 8 15 14% 7468 282363 6330 8%
c - 47.48 136 37 0 108 45871 3 743890 62980 1.3 16 13 8 15 14% 7379 282363 6330 8%
c
c seconds   switched      rate          size/glue  tier1     binary        remaining
c         MB  reductions    conflicts         size   tier2      irredundant
c          level    restarts       redundant     glue    trail         variables
c
c i 47.82 159 36 0 108 46662 3 753868 70288 1.3 16 13 8 15 14% 7384 282360 6328 8%
c - 47.87 153 37 0 109 46705 3 754282 61541 1.3 16 13 8 15 14% 7379 282360 6328 8%
c - 48.25 104 38 0 110 47278 3 764722 62012 1.3 16 13 8 15 14% 7383 282359 6328 8%
c - 48.67 118 38 0 111 48156 3 775213 62771 1.3 16 13 8 15 14% 7387 282359 6328 8%
c - 48.97 130 37 0 112 48545 3 785749 63001 1.3 16 13 8 15 14% 7389 282359 6328 8%
c - 49.14 105 35 0 113 48824 3 796332 62593 1.3 16 13 8 15 14% 7389 282359 6328 8%
c o 49.29 97 33 0 113 48825 3 805570 68619 1.3 16 12 8 15 13% 7389 282359 6328 8%
c - 49.36 103 34 0 114 49069 3 806962 63384 1.3 16 13 8 15 13% 7389 282359 6328 8%
c d 49.66 119 34 0 114 49845 3 814184 68637 1.3 16 13 8 15 13% 7410 282302 6327 8%
c b 49.67 119 34 0 114 49845 3 814184 68637 1.3 16 13 8 15 13% 7410 282302 6325 8%
c u 49.76 124 34 0 114 49845 3 814184 66981 1.3 16 13 8 15 13% 7410 282302 6325 8%
c v 49.84 125 34 0 114 49845 3 814184 66065 1.3 16 13 8 15 13% 7410 282302 6325 8%
c w 49.88 126 34 0 114 49845 3 814184 65730 1.3 16 13 8 15 13% 7410 282302 6325 8%
c x 49.95 127 34 0 114 49845 3 814184 65723 1.3 16 13 8 15 13% 7412 281872 6325 8%
c t 49.96 111 34 0 114 49845 3 814184 65723 1.3 16 13 8 15 13% 7402 281872 6325 8%
c u 50.07 112 34 0 114 49845 3 814184 65603 1.3 16 13 8 15 13% 7402 281872 6325 8%
c v 50.14 112 34 0 114 49845 3 814184 65281 1.3 16 13 8 15 13% 7402 281872 6325 8%
c w 50.16 112 34 0 114 49845 3 814184 65234 1.3 16 13 8 15 13% 7402 281872 6325 8%
c x 50.22 119 34 0 114 49845 3 814184 65234 1.3 16 13 8 15 13% 7402 281655 6325 8%
c i 50.26 119 34 0 114 49845 3 814219 65265 1.3 16 13 8 15 13% 7402 281655 6323 8%
c
c seconds   switched      rate          size/glue  tier1     binary        remaining
c         MB  reductions    conflicts         size   tier2      irredundant
c          level    restarts       redundant     glue    trail         variables
c
c i 50.26 119 34 0 114 49845 3 814223 65268 1.3 16 13 8 15 13% 7402 281655 6322 8%
c - 50.33 119 34 0 115 49856 3 817641 62793 1.3 16 13 8 15 13% 7387 281655 6322 8%
c - 50.80 108 35 0 116 50837 3 828364 64681 1.3 16 13 8 15 14% 7391 281655 6322 8%
c s 51.03 112 34 0 116 50855 3 831196 66583 1.3 16 13 8 15 14% 7397 281250 6322 8%
c e 51.04 118 34 0 116 50855 3 831196 66583 1.3 16 13 8 15 14% 7288 281779 6270 8%
c s 51.21 118 34 0 116 50855 3 831196 66583 1.3 16 13 8 15 14% 7292 281635 6270 8%
c e 51.22 118 34 0 116 50855 3 831196 66583 1.3 16 13 8 15 14% 7288 281678 6267 8%
c - 51.41 122 33 0 117 50938 3 839134 65475 1.3 16 12 8 15 14% 7288 281678 6267 8%
c - 51.89 119 34 0 118 51695 3 849951 66899 1.3 16 12 8 15 14% 7292 281678 6267 8%
c - 52.27 133 33 0 119 52409 3 860813 67442 1.3 16 13 8 15 14% 7295 281678 6267 8%
c - 52.73 153 33 0 120 53276 3 871721 68775 1.3 16 13 8 15 14% 7299 281677 6267 8%
c - 53.26 163 35 0 121 54491 3 882675 69871 1.3 17 13 8 16 14% 7305 281676 6267 8%
c - 53.65 166 35 0 122 55698 3 893675 70760 1.3 17 13 8 16 14% 7309 281676 6267 8%
c b 53.83 146 35 0 122 55736 3 899322 75709 1.3 17 13 8 16 14% 7311 281674 6249 8%
c u 53.92 148 35 0 122 55736 3 899322 74945 1.3 17 13 8 16 14% 7313 281674 6249 8%
c v 53.98 149 35 0 122 55736 3 899322 74646 1.3 17 13 8 16 14% 7313 281674 6249 8%
c w 54.02 149 35 0 122 55736 3 899322 74607 1.3 17 13 8 16 14% 7313 281674 6249 8%
c x 54.10 150 35 0 122 55736 3 899322 74605 1.3 17 13 8 16 14% 7342 281305 6249 8%
c t 54.13 150 35 0 122 55736 3 899322 74605 1.3 17 13 8 16 14% 7323 281305 6249 8%
c f 54.15 151 35 0 122 55736 3 899322 74605 1.3 17 13 8 16 14% 7335 281126 6258 8%
c
c seconds   switched      rate          size/glue  tier1     binary        remaining
c         MB  reductions    conflicts         size   tier2      irredundant
c          level    restarts       redundant     glue    trail         variables
c
c u 54.26 169 35 0 122 55736 3 899322 74462 1.3 17 13 8 16 14% 7335 281126 6258 8%
c v 54.34 170 35 0 122 55736 3 899322 74142 1.3 17 13 8 16 14% 7335 281126 6258 8%
c w 54.37 170 35 0 122 55736 3 899322 74126 1.3 17 13 8 16 14% 7335 281126 6258 8%
c x 54.43 169 35 0 122 55736 3 899322 74126 1.3 17 13 8 16 14% 7335 281103 6258 8%
c i 54.49 170 35 0 122 55746 3 900567 75050 1.3 17 13 8 16 14% 7337 281103 6255 8%
c - 54.64 176 35 0 123 55831 3 904720 72236 1.3 17 13 8 16 14% 7293 281103 6255 8%
c - 55.05 171 35 0 124 56244 3 915811 73372 1.3 17 13 8 16 14% 7296 281103 6255 8%
c - 55.61 136 36 0 125 57503 3 926946 74095 1.3 17 13 8 16 14% 7304 281102 6255 8%
c - 56.02 136 35 0 126 57893 3 938127 75707 1.3 17 13 8 16 14% 7307 281102 6255 8%
c o 56.03 136 35 0 126 57894 3 938153 75728 1.3 17 13 8 16 14% 7307 281102 6255 8%
c - 56.56 132 37 0 127 59071 3 949351 77083 1.3 17 13 8 16 15% 7317 281101 6255 8%
c - 56.98 96 37 0 128 60350 3 960621 77835 1.3 17 13 8 16 15% 7321 281101 6255 8%
c - 57.47 100 39 0 129 61562 3 971935 78956 1.3 17 13 8 16 15% 7328 281101 6255 8%
c - 57.85 69 38 0 130 62498 3 983293 80638 1.3 17 13 8 16 15% 7329 281101 6255 8%
c d 58.10 92 39 0 130 62869 3 989144 85514 1.3 17 13 8 16 15% 7336 281019 6254 8%
c b 58.12 92 39 0 130 62869 3 989144 85514 1.3 17 13 8 16 15% 7336 281019 6253 8%
c u 58.25 94 39 0 130 62869 3 989144 85447 1.3 17 13 8 16 15% 7337 281019 6251 8%
c v 58.34 95 39 0 130 62869 3 989144 84687 1.3 17 13 8 16 15% 7337 281019 6251 8%
c w 58.37 95 39 0 130 62869 3 989144 84638 1.3 17 13 8 16 15% 7337 281019 6251 8%
c x 58.44 95 39 0 130 62869 3 989144 84632 1.3 17 13 8 16 15% 7352 280856 6251 8%
c
c seconds  switched      rate          size/glue  tier1     binary        remaining
c        MB  reductions    conflicts         size   tier2      irredundant
c         level    restarts       redundant     glue    trail         variables
c
c t 58.98 98 39 0 130 62869 3 989144 84624 1.3 17 13 8 16 15% 7342 280856 6251 8%
c u 59.11 98 39 0 130 62869 3 989144 84566 1.3 17 13 8 16 15% 7342 280856 6251 8%
c v 59.21 98 39 0 130 62869 3 989144 84423 1.3 17 13 8 16 15% 7342 280856 6251 8%
c w 59.25 99 39 0 130 62869 3 989144 84390 1.3 17 13 8 16 15% 7342 280856 6251 8%
c x 59.31 102 39 0 130 62869 3 989144 84389 1.3 17 13 8 16 15% 7342 280714 6251 8%
c i 59.34 102 39 0 130 62869 3 989144 84389 1.3 17 13 8 16 15% 7342 280714 6251 8%
c i 59.60 132 39 0 130 63228 4 992911 86988 1.3 17 13 8 16 15% 7354 280714 6249 8%
c - 59.72 110 40 0 131 63400 4 994694 80432 1.3 17 13 8 16 15% 7322 280714 6249 8%
c - 60.10 121 39 0 132 64148 4 1006139 80916 1.3 17 13 8 16 15% 7328 280713 6249 8%
c - 60.51 130 38 0 133 64760 3 1017629 80797 1.3 17 13 8 16 15% 7329 280713 6249 8%
c - 60.86 102 37 0 134 65222 3 1029161 80349 1.3 17 13 8 16 15% 7334 280713 6249 8%
c - 61.34 133 37 0 135 65984 3 1040738 79990 1.3 17 13 8 16 15% 7336 280713 6249 8%
c s 61.61 133 36 0 135 65984 3 1043410 82219 1.3 17 13 8 16 15% 7347 279857 6249 8%
c e 61.63 136 36 0 135 65984 3 1043410 82219 1.3 17 13 8 16 15% 7262 280300 6195 8%
c s 61.85 96 36 0 135 65984 3 1043410 82219 1.3 17 13 8 16 15% 7270 280125 6195 8%
c e 61.87 96 36 0 135 65984 3 1043410 82219 1.3 17 13 8 16 15% 7256 280212 6184 8%
c - 62.23 105 36 0 136 66471 3 1052356 78727 1.3 17 13 8 16 15% 7257 280211 6184 8%
c - 62.60 115 35 0 137 66775 3 1064019 78599 1.3 17 13 8 16 14% 7259 280210 6184 8%
c - 63.00 95 33 0 138 67135 3 1075724 79237 1.3 17 13 8 16 14% 7261 280210 6184 8%
c u 63.35 103 33 0 138 67245 3 1083707 85033 1.3 17 13 8 16 14% 7263 280209 6184 8%
c
c seconds   switched      rate           size/glue  tier1     binary        remaining
c         MB  reductions     conflicts         size   tier2      irredundant
c          level    restarts        redundant     glue    trail         variables
c
c v 63.43 104 33 0 138 67245 3 1083707 81356 1.3 17 13 8 16 14% 7263 280209 6184 8%
c w 63.47 104 33 0 138 67245 3 1083707 81335 1.3 17 13 8 16 14% 7263 280209 6184 8%
c x 63.53 111 33 0 138 67245 3 1083707 81333 1.3 17 13 8 16 14% 7263 280203 6184 8%
c t 63.55 111 33 0 138 67245 3 1083707 81333 1.3 17 13 8 16 14% 7250 280203 6184 8%
c f 63.57 111 33 0 138 67245 3 1083707 81333 1.3 17 13 8 16 14% 7262 279969 6195 8%
c u 63.71 132 33 0 138 67245 3 1083707 81210 1.3 17 13 8 16 14% 7263 279969 6195 8%
c v 63.80 133 33 0 138 67245 3 1083707 81066 1.3 17 13 8 16 14% 7263 279969 6195 8%
c w 63.87 134 33 0 138 67245 3 1083707 80963 1.3 17 13 8 16 14% 7263 279969 6195 8%
c o 63.90 94 33 0 138 67245 3 1083707 80963 1.3 17 13 8 16 14% 7263 279969 6195 8%
c - 64.04 96 33 0 139 67265 3 1087471 79109 1.3 17 13 8 16 14% 7265 279969 6195 8%
c - 64.47 104 34 0 140 68027 3 1099261 81179 1.3 17 13 8 16 14% 7270 279968 6195 8%
c - 65.06 86 35 0 141 69569 3 1111094 81348 1.3 17 13 8 16 15% 7277 279968 6195 8%
c - 65.42 95 34 0 142 70753 3 1122968 81695 1.3 17 13 8 16 14% 7287 279968 6195 8%
c - 65.83 87 34 0 143 71643 3 1134885 82386 1.3 17 13 8 16 14% 7287 279968 6195 8%
c i 66.02 94 34 0 143 71857 3 1139774 86130 1.3 17 13 8 16 14% 7294 279968 6192 8%
c - 66.42 126 35 0 144 72195 3 1146844 84006 1.3 17 13 8 16 15% 7285 279968 6192 8%
c - 66.91 119 36 0 145 72981 3 1158846 84248 1.3 17 13 8 16 15% 7290 279968 6192 8%
c - 67.42 99 38 0 146 74398 3 1170887 84951 1.3 17 13 8 16 15% 7296 279967 6192 8%
c - 67.85 115 37 0 147 75324 3 1182970 84265 1.3 17 13 8 16 15% 7298 279967 6192 8%
c d 67.86 115 37 0 147 75336 3 1183025 84304 1.3 17 13 8 16 15% 7302 279919 6190 8%
c
c seconds   switched      rate           size/glue  tier1     binary        remaining
c         MB  reductions     conflicts         size   tier2      irredundant
c          level    restarts        redundant     glue    trail         variables
c
c b 67.88 115 37 0 147 75336 3 1183025 84304 1.3 17 13 8 16 15% 7302 279919 6187 8%
c u 67.99 118 37 0 147 75336 3 1183025 84244 1.3 17 13 8 16 15% 7303 279919 6187 8%
c v 68.00 118 37 0 147 75336 3 1183025 84241 1.3 17 13 8 16 15% 7303 279919 6187 8%
c w 68.01 118 37 0 147 75336 3 1183025 84237 1.3 17 13 8 16 15% 7303 279919 6187 8%
c x 68.16 126 37 0 147 75336 3 1183025 84233 1.3 17 13 8 16 15% 7315 279345 6187 8%
c t 68.18 126 37 0 147 75336 3 1183025 84233 1.3 17 13 8 16 15% 7306 279345 6187 8%
c c 68.23 114 37 0 147 75336 3 1183025 84232 1.3 17 13 8 16 15% 7308 279319 6185 8%
c d 68.24 114 37 0 147 75336 3 1183025 84227 1.3 17 13 8 16 15% 7313 279312 6185 8%
c u 68.34 119 37 0 147 75336 3 1183025 84163 1.3 17 13 8 16 15% 7312 279312 6185 8%
c v 68.35 119 37 0 147 75336 3 1183025 84160 1.3 17 13 8 16 15% 7312 279312 6185 8%
c w 68.36 119 37 0 147 75336 3 1183025 84158 1.3 17 13 8 16 15% 7312 279312 6185 8%
c x 68.53 121 37 0 147 75336 3 1183025 84157 1.3 17 13 8 16 15% 7312 278725 6185 8%
c t 68.54 121 37 0 147 75336 3 1183025 84157 1.3 17 13 8 16 15% 7305 278725 6185 8%
c - 69.02 135 37 0 148 76598 3 1195094 84254 1.3 17 13 8 16 15% 7315 278725 6185 8%
c - 69.45 99 37 0 149 76837 3 1207259 86199 1.3 17 13 8 16 15% 7317 278725 6185 8%
c - 69.95 90 38 0 150 77838 3 1219468 87048 1.3 17 13 8 16 15% 7321 278725 6185 8%
c - 70.36 105 38 0 151 78294 3 1231716 87730 1.3 17 13 8 16 15% 7328 278723 6185 8%
c o 70.51 105 37 0 151 78319 3 1238464 92599 1.3 17 13 8 16 15% 7328 278723 6185 8%
c - 70.81 106 38 0 152 78710 3 1244004 88703 1.3 17 13 8 16 15% 7333 278723 6185 8%
c - 71.43 131 39 0 153 80410 3 1256332 89215 1.3 17 13 8 16 15% 7340 278721 6185 8%
c
c seconds   switched      rate           size/glue  tier1     binary        remaining
c         MB  reductions     conflicts         size   tier2      irredundant
c          level    restarts        redundant     glue    trail         variables
c
c - 72.06 119 41 0 154 82279 3 1268701 88138 1.3 17 13 8 16 16% 7345 278721 6185 8%
c - 72.64 97 40 0 155 82628 3 1281111 89043 1.3 17 13 8 16 16% 7349 278721 6185 8%
c s 73.07 105 40 0 155 82749 3 1284945 91895 1.3 17 13 8 16 16% 7354 277903 6185 8%
c e 73.09 108 40 0 155 82749 3 1284945 91895 1.3 17 13 8 16 16% 7309 278139 6164 8%
c s 73.31 108 40 0 155 82749 3 1284945 91895 1.3 17 13 8 16 16% 7314 277985 6164 8%
c e 73.33 108 40 0 155 82749 3 1284945 91895 1.3 17 13 8 16 16% 7298 278075 6159 8%
c u 73.54 109 39 0 155 82779 3 1287138 92870 1.3 17 13 8 16 16% 7297 278075 6159 8%
c v 73.62 110 39 0 155 82779 3 1287138 89849 1.3 17 13 8 16 16% 7297 278075 6159 8%
c w 73.69 111 39 0 155 82779 3 1287138 89717 1.3 17 13 8 16 16% 7297 278075 6159 8%
c x 73.76 86 39 0 155 82779 3 1287138 89717 1.3 17 13 8 16 16% 7297 277808 6159 8%
c = 74.40 90 39 0 155 82779 3 1287138 89717 1.3 17 13 8 16 16% 7313 277753 6148 8%
c d 74.40 90 39 0 155 82779 3 1287138 89714 1.3 17 13 8 16 16% 7306 277721 6148 8%
c t 74.41 90 39 0 155 82779 3 1287138 89714 1.3 17 13 8 16 16% 7293 277721 6148 8%
c f 74.43 90 39 0 155 82779 3 1287138 89714 1.3 17 13 8 16 16% 7300 277615 6153 8%
c u 74.57 110 39 0 155 82779 3 1287138 89641 1.3 17 13 8 16 16% 7301 277615 6153 8%
c v 74.63 112 39 0 155 82779 3 1287138 89608 1.3 17 13 8 16 16% 7301 277615 6153 8%
c w 74.70 112 39 0 155 82779 3 1287138 89576 1.3 17 13 8 16 16% 7301 277615 6153 8%
c x 74.80 97 39 0 155 82779 3 1287138 89576 1.3 17 13 8 16 16% 7301 277049 6153 8%
c - 75.11 101 39 0 156 83323 3 1293561 87993 1.3 17 13 8 16 16% 7281 277049 6153 8%
c - 75.59 115 39 0 157 84371 3 1306050 88808 1.3 17 13 8 16 16% 7283 277049 6153 8%
c
c seconds  switched      rate           size/glue  tier1     binary        remaining
c        MB  reductions     conflicts         size   tier2      irredundant
c         level    restarts        redundant     glue    trail         variables
c
c - 76.03 96 40 0 158 84857 3 1318579 89576 1.3 17 13 8 16 16% 7289 277048 6153 8%
c - 76.64 105 40 0 159 86053 3 1331148 90198 1.3 17 13 8 16 16% 7302 277046 6153 8%
c i 77.20 129 41 0 159 87289 3 1342186 98460 1.3 17 13 8 16 16% 7313 277045 6152 8%
c - 77.34 136 41 0 160 87363 3 1343758 91027 1.3 17 13 8 16 16% 7316 277045 6152 8%
c - 77.90 111 43 0 161 88396 3 1356407 91027 1.3 17 13 8 16 16% 7317 277045 6152 8%
c - 78.21 110 41 0 162 88816 3 1369095 91985 1.3 17 13 8 16 16% 7319 277045 6152 8%
c - 78.55 113 38 0 163 88860 3 1381823 93523 1.3 17 13 8 16 16% 7319 277045 6152 8%
c i 78.97 68 37 0 163 89089 3 1394475 102446 1.3 16 13 8 16 16% 7322 277045 6147 8%
c - 79.00 69 37 0 164 89111 3 1394590 95275 1.3 16 13 8 16 16% 7309 277045 6147 8%
c d 79.06 72 36 0 164 89152 3 1396085 96496 1.3 16 13 8 16 15% 7314 276984 6146 8%
c b 79.06 72 36 0 164 89152 3 1396085 96496 1.3 16 13 8 16 15% 7314 276984 6140 8%
c u 79.20 65 36 0 164 89152 3 1396085 96365 1.3 16 13 8 16 15% 7315 276984 6140 8%
c v 79.25 69 36 0 164 89152 3 1396085 96114 1.3 16 13 8 16 15% 7315 276984 6140 8%
c w 79.27 69 36 0 164 89152 3 1396085 96097 1.3 16 13 8 16 15% 7315 276984 6140 8%
c x 79.41 79 36 0 164 89152 3 1396085 96094 1.3 16 13 8 16 15% 7339 275848 6140 8%
c t 79.43 79 36 0 164 89152 3 1396085 96094 1.3 16 13 8 16 15% 7331 275848 6140 8%
c u 79.59 80 36 0 164 89152 3 1396085 95791 1.3 16 13 8 16 15% 7333 275848 6134 8%
c v 79.65 81 36 0 164 89152 3 1396085 95738 1.3 16 13 8 16 15% 7333 275848 6134 8%
c w 79.67 81 36 0 164 89152 3 1396085 95731 1.3 16 13 8 16 15% 7333 275848 6134 8%
c x 79.84 81 36 0 164 89152 3 1396085 95724 1.3 16 13 8 16 15% 7347 274961 6134 8%
c
c seconds  switched      rate           size/glue  tier1     binary        remaining
c        MB  reductions     conflicts         size   tier2      irredundant
c         level    restarts        redundant     glue    trail         variables
c
c = 80.45 84 36 0 164 89152 3 1396085 95724 1.3 16 13 8 16 15% 7351 274958 6132 8%
c d 80.46 84 36 0 164 89152 3 1396085 95704 1.3 16 13 8 16 15% 7347 274958 6132 8%
c t 80.47 84 36 0 164 89152 3 1396085 95704 1.3 16 13 8 16 15% 7344 274958 6132 8%
c i 80.48 84 36 0 164 89152 3 1396085 95704 1.3 16 13 8 16 15% 7344 274958 6132 8%
c o 80.65 72 36 0 164 89271 3 1399342 98043 1.3 16 13 8 16 15% 7345 274958 6132 8%
c i 80.97 65 37 0 164 89770 3 1404439 102080 1.3 16 13 8 16 16% 7346 274958 6131 8%
c - 81.15 78 37 0 165 90290 3 1407396 95712 1.3 16 13 8 16 16% 7283 274937 6130 8%
c - 81.56 92 36 0 166 91237 3 1420241 96527 1.3 16 13 8 16 15% 7284 274937 6130 8%
c - 82.11 107 35 0 167 92308 3 1433128 96699 1.3 17 13 8 16 15% 7286 274937 6130 8%
c - 82.65 114 35 0 168 93332 3 1446050 97128 1.3 17 13 8 16 15% 7291 274937 6130 8%
c - 83.36 136 36 0 169 95563 3 1459011 96770 1.3 17 13 8 16 16% 7294 274937 6130 8%
c - 83.86 122 37 0 170 96514 3 1472012 96400 1.3 17 14 8 16 16% 7299 274937 6130 8%
c - 84.40 139 38 0 171 98054 3 1485050 95178 1.3 17 14 8 16 16% 7303 274936 6130 8%
c - 84.86 126 37 0 172 98204 3 1498127 95672 1.3 17 13 8 16 16% 7305 274935 6130 8%
c d 85.37 141 39 0 172 98718 3 1509851 104510 1.3 17 13 8 16 16% 7306 274924 6128 8%
c u 85.53 146 39 0 172 98718 3 1509851 104010 1.3 17 13 8 16 16% 7312 274924 6128 8%
c v 85.66 148 39 0 172 98718 3 1509851 101954 1.3 17 13 8 16 16% 7312 274924 6128 8%
c w 85.72 149 39 0 172 98718 3 1509851 101660 1.3 17 13 8 16 16% 7312 274924 6128 8%
c x 85.81 116 39 0 172 98718 3 1509851 101660 1.3 17 13 8 16 16% 7312 274533 6128 8%
c t 85.83 116 39 0 172 98718 3 1509851 101660 1.3 17 13 8 16 16% 7305 274533 6128 8%
c
c seconds   switched      rate           size/glue  tier1     binary        remaining
c         MB  reductions     conflicts         size   tier2      irredundant
c          level    restarts        redundant     glue    trail         variables
c
c u 85.99 118 39 0 172 98718 3 1509851 99578 1.3 17 13 8 16 16% 7356 274533 6128 8%
c v 86.16 120 39 0 172 98718 3 1509851 99357 1.3 17 13 8 16 16% 7355 274533 6128 8%
c w 86.23 120 39 0 172 98718 3 1509851 99347 1.3 17 13 8 16 16% 7355 274533 6128 8%
c x 86.32 120 39 0 172 98718 3 1509851 99347 1.3 17 13 8 16 16% 7355 273998 6128 8%
c = 87.01 83 39 0 172 98718 3 1509851 99347 1.3 17 13 8 16 16% 7377 273978 6117 8%
c d 87.02 83 39 0 172 98718 3 1509851 99329 1.3 17 13 8 16 16% 7348 273978 6117 8%
c t 87.03 83 39 0 172 98718 3 1509851 99329 1.3 17 13 8 16 16% 7324 273978 6117 8%
c - 87.11 85 39 0 173 98730 3 1511241 93516 1.3 17 13 8 16 16% 7324 273978 6117 8%
c - 87.82 107 41 0 174 100014 3 1524393 94740 1.3 17 13 8 16 16% 7328 273978 6117 8%
c i 87.89 110 41 0 174 100157 3 1526905 96671 1.3 17 13 8 16 17% 7340 273978 6105 8%
c - 88.37 123 41 0 175 100997 3 1537583 95658 1.3 17 13 8 16 17% 7333 273978 6105 8%
c - 89.06 115 43 0 176 101920 4 1550811 96099 1.3 17 14 8 16 17% 7338 273977 6105 8%
c s 89.62 124 43 0 176 102520 4 1556961 101035 1.3 18 14 8 16 17% 7357 272636 6105 8%
c e 89.64 131 43 0 176 102520 4 1556961 101035 1.3 18 14 8 16 17% 7288 273249 6054 8%
c 2 89.64 131 43 0 176 102520 4 1556961 101035 1.3 18 14 8 16 17% 7286 273249 6054 8%
c s 89.92 131 43 0 176 102520 4 1556961 101035 1.3 18 14 8 16 17% 7299 272859 6054 8%
c e 89.93 131 43 0 176 102520 4 1556961 101035 1.3 18 14 8 16 17% 7286 272992 6046 8%
c - 90.45 146 44 0 177 103458 4 1564077 94945 1.3 18 14 8 16 18% 7291 272991 6046 8%
c o 90.84 162 44 0 177 103784 4 1571834 100421 1.3 18 14 8 16 18% 7292 272991 6046 8%
c - 91.21 154 44 0 178 104119 4 1577381 95838 1.3 18 14 8 16 18% 7297 272991 6046 8%
c
c seconds   switched       rate           size/glue  tier1     binary        remaining
c         MB  reductions      conflicts         size   tier2      irredundant
c          level     restarts        redundant     glue    trail         variables
c
c - 91.86 146 45 0 179 104734 4 1590723 97550 1.3 18 14 8 16 19% 7303 272991 6046 8%
c - 92.37 161 43 0 180 105164 4 1604102 96628 1.3 18 13 8 16 18% 7308 272991 6046 8%
c - 92.95 128 43 0 181 105926 3 1617518 96756 1.3 18 13 8 16 18% 7309 272991 6046 8%
c i 93.32 136 42 0 181 106839 3 1627315 104085 1.3 18 14 8 16 18% 7316 272991 6044 8%
c b 93.44 143 42 0 181 106937 3 1628539 105186 1.3 18 14 8 16 18% 7334 272951 6040 8%
c u 93.61 147 42 0 181 106937 3 1628539 103947 1.3 18 14 8 16 18% 7335 272951 6040 8%
c v 93.75 148 42 0 181 106937 3 1628539 103210 1.3 18 14 8 16 18% 7335 272951 6040 8%
c w 93.80 149 42 0 181 106937 3 1628539 102651 1.3 18 14 8 16 18% 7335 272951 6040 8%
c x 93.89 155 42 0 181 106937 3 1628539 102651 1.3 18 14 8 16 18% 7343 272560 6040 8%
c = 94.65 110 42 0 181 106937 3 1628539 102651 1.3 18 14 8 16 18% 7355 272544 6034 8%
c d 94.65 110 42 0 181 106937 3 1628539 102649 1.3 18 14 8 16 18% 7340 272544 6034 8%
c t 94.67 110 42 0 181 106937 3 1628539 102649 1.3 18 14 8 16 18% 7308 272544 6034 8%
c f 94.69 110 42 0 181 106937 3 1628539 102649 1.3 18 14 8 16 18% 7321 272368 6042 8%
c u 94.88 129 42 0 181 106937 3 1628539 98564 1.3 18 14 8 16 18% 7321 272368 6042 8%
c v 95.06 129 42 0 181 106937 3 1628539 97690 1.3 18 14 8 16 18% 7321 272368 6042 8%
c w 95.11 129 42 0 181 106937 3 1628539 97658 1.3 18 14 8 16 18% 7321 272368 6042 8%
c x 95.23 132 42 0 181 106937 3 1628539 97656 1.3 18 14 8 16 18% 7321 271554 6042 8%
c = 96.00 89 42 0 181 106937 3 1628539 97656 1.3 18 14 8 16 18% 7333 271545 6036 8%
c d 96.00 89 42 0 181 106937 3 1628539 97651 1.3 18 14 8 16 18% 7318 271545 6036 8%
c t 96.02 89 42 0 181 106937 3 1628539 97651 1.3 18 14 8 16 18% 7314 271545 6036 8%
c
c seconds  switched       rate           size/glue  tier1     binary        remaining
c        MB  reductions      conflicts         size   tier2      irredundant
c         level     restarts        redundant     glue    trail         variables
c
c - 96.28 97 43 0 182 107167 4 1630972 90844 1.3 18 14 8 16 18% 7295 271545 6036 8%
c - 96.65 79 40 0 183 107494 3 1644462 90106 1.3 18 14 8 16 18% 7296 271545 6036 8%
c - 97.10 90 38 0 184 108056 3 1657989 90524 1.3 18 13 8 16 17% 7297 271545 6036 8%
c - 97.87 115 39 0 185 109744 4 1671554 91087 1.3 18 14 8 16 18% 7302 271545 6036 8%
c - 98.19 91 39 0 186 110204 3 1685155 90982 1.3 18 14 8 16 18% 7307 271545 6036 8%
c - 98.68 103 37 0 187 110753 3 1698795 90955 1.3 18 14 8 16 17% 7309 271545 6036 8%
c - 99.43 106 37 0 188 111538 3 1712471 91392 1.3 18 14 8 16 18% 7311 271545 6036 8%
c - 99.82 112 35 0 189 111720 3 1726182 91178 1.3 18 13 8 16 17% 7311 271545 6036 8%
c - 100.13 81 32 0 190 111734 3 1739930 91266 1.3 17 13 8 16 17% 7311 271545 6036 8%
c o 100.50 83 31 0 190 111936 3 1751960 99871 1.3 17 13 8 16 17% 7311 271545 6036 8%
c u 100.70 91 31 0 190 111958 3 1752125 96298 1.3 17 13 8 16 17% 7312 271545 6036 8%
c v 100.81 92 31 0 190 111958 3 1752125 90407 1.3 17 13 8 16 17% 7312 271545 6036 8%
c w 100.87 92 31 0 190 111958 3 1752125 90327 1.3 17 13 8 16 17% 7312 271545 6036 8%
c x 100.98 99 31 0 190 111958 3 1752125 90327 1.3 17 13 8 16 17% 7312 271029 6036 8%
c = 101.65 85 31 0 190 111958 3 1752125 90327 1.3 17 13 8 16 17% 7338 270964 6020 8%
c d 101.66 85 31 0 190 111958 3 1752125 90316 1.3 17 13 8 16 17% 7322 270943 6020 8%
c t 101.67 85 31 0 190 111958 3 1752125 90316 1.3 17 13 8 16 17% 7301 270943 6020 8%
c f 101.69 85 31 0 190 111958 3 1752125 90316 1.3 17 13 8 16 17% 7303 270922 6021 8%
c u 101.84 119 31 0 190 111958 3 1752125 87082 1.3 17 13 8 16 17% 7299 270922 6021 8%
c v 101.94 120 31 0 190 111958 3 1752125 87035 1.3 17 13 8 16 17% 7299 270922 6021 8%
c
c seconds    switched       rate           size/glue  tier1     binary        remaining
c          MB  reductions      conflicts         size   tier2      irredundant
c           level     restarts        redundant     glue    trail         variables
c
c w 102.05 121 31 0 190 111958 3 1752125 86992 1.3 17 13 8 16 17% 7299 270922 6021 8%
c x 102.16 121 31 0 190 111958 3 1752125 86992 1.3 17 13 8 16 17% 7299 270279 6021 8%
c = 102.86 115 31 0 190 111958 3 1752125 86992 1.3 17 13 8 16 17% 7348 270210 5998 8%
c d 102.86 115 31 0 190 111958 3 1752125 86955 1.3 17 13 8 16 17% 7295 270208 5998 8%
c t 102.88 115 31 0 190 111958 3 1752125 86955 1.3 17 13 8 16 17% 7266 270208 5998 8%
c - 102.96 118 31 0 191 111964 3 1753716 82797 1.3 17 13 8 16 17% 7260 270208 5998 8%
c - 103.86 116 33 0 192 113498 3 1767538 85006 1.3 17 13 8 16 17% 7270 270208 5998 8%
c - 104.59 87 33 0 193 114326 3 1781394 86355 1.3 17 13 8 16 18% 7275 270208 5998 8%
c - 105.06 66 34 0 194 115219 3 1795287 87349 1.3 17 13 8 16 17% 7277 270208 5998 8%
c - 105.20 67 31 0 195 115325 3 1809216 86157 1.3 17 13 8 16 17% 7277 270208 5998 8%
c - 105.88 79 33 0 196 116101 3 1823182 87521 1.3 17 13 8 16 17% 7277 270208 5998 8%
c - 106.71 107 34 0 197 117075 3 1837182 88482 1.3 17 13 8 16 18% 7284 270206 5998 8%
c - 107.32 119 34 0 198 118759 3 1851217 89347 1.3 17 14 8 16 18% 7287 270206 5998 8%
c i 107.45 126 34 0 198 118801 3 1856442 92963 1.3 17 13 8 16 17% 7292 270206 5995 8%
c s 108.21 143 35 0 198 119165 3 1860348 96514 1.3 17 13 8 16 18% 7316 269341 5995 8%
c e 108.23 149 35 0 198 119165 3 1860348 96514 1.3 17 13 8 16 18% 7220 269996 5945 8%
c 2 108.23 149 35 0 198 119165 3 1860348 96514 1.3 17 13 8 16 18% 7219 269996 5945 8%
c s 108.55 129 35 0 198 119165 3 1860348 96514 1.3 17 13 8 16 18% 7226 269530 5945 8%
c e 108.56 129 35 0 198 119165 3 1860348 96514 1.3 17 13 8 16 18% 7220 269644 5938 8%
c - 108.77 134 35 0 199 119262 3 1865288 89779 1.3 17 13 8 16 17% 7220 269644 5938 8%
c
c seconds    switched       rate           size/glue  tier1     binary        remaining
c          MB  reductions      conflicts         size   tier2      irredundant
c           level     restarts        redundant     glue    trail         variables
c
c - 109.44 154 36 0 200 120398 3 1879396 91393 1.3 17 13 8 16 18% 7229 269643 5938 8%
c b 109.49 154 36 0 200 120398 3 1880667 92232 1.3 17 13 8 16 18% 7234 269638 5936 8%
c u 109.66 161 36 0 200 120398 3 1880667 91991 1.3 17 13 8 16 18% 7232 269638 5936 8%
c v 109.68 161 36 0 200 120398 3 1880667 91493 1.3 17 13 8 16 18% 7232 269638 5936 8%
c x 109.92 169 36 0 200 120398 3 1880667 91491 1.3 17 13 8 16 18% 7234 267837 5936 8%
c = 110.67 147 36 0 200 120398 3 1880667 91491 1.3 17 13 8 16 18% 7238 267835 5934 8%
c d 110.68 147 36 0 200 120398 3 1880667 91491 1.3 17 13 8 16 18% 7232 267835 5934 8%
c t 110.69 147 36 0 200 120398 3 1880667 91491 1.3 17 13 8 16 18% 7199 267835 5934 8%
c f 110.72 148 36 0 200 120398 3 1880667 91491 1.3 17 13 8 16 18% 7215 267641 5944 8%
c u 110.90 171 36 0 200 120398 3 1880667 91082 1.3 17 13 8 16 18% 7215 267641 5944 8%
c v 110.91 172 36 0 200 120398 3 1880667 91034 1.3 17 13 8 16 18% 7215 267641 5944 8%
c x 111.13 172 36 0 200 120398 3 1880667 91033 1.3 17 13 8 16 18% 7215 266620 5944 8%
c = 111.85 135 36 0 200 120398 3 1880667 91033 1.3 17 13 8 16 18% 7225 266605 5939 8%
c d 111.86 135 36 0 200 120398 3 1880667 91033 1.3 17 13 8 16 18% 7212 266605 5939 8%
c t 111.87 135 36 0 200 120398 3 1880667 91033 1.3 17 13 8 16 18% 7210 266605 5939 8%
c - 112.48 109 37 0 201 121187 4 1893538 91442 1.3 18 13 8 16 18% 7206 266605 5939 8%
c - 113.23 139 37 0 202 121792 4 1907717 93147 1.3 18 13 8 16 18% 7209 266603 5939 8%
c - 114.18 123 38 0 203 123484 4 1921929 94369 1.3 18 14 8 16 18% 7213 266603 5939 8%
c - 115.42 114 42 0 204 124955 4 1936178 96017 1.3 18 14 8 16 20% 7220 266603 5939 8%
c - 116.20 100 41 0 205 125601 4 1950461 95949 1.3 18 14 8 16 20% 7221 266603 5939 8%
c
c seconds    switched       rate           size/glue  tier1     binary        remaining
c          MB  reductions      conflicts         size   tier2      irredundant
c           level     restarts        redundant     glue    trail         variables
c
c - 116.51 101 38 0 206 125606 4 1964778 95043 1.3 18 14 8 16 19% 7221 266603 5939 8%
c o 116.78 101 35 0 206 125616 4 1975524 102598 1.3 17 13 8 16 19% 7221 266603 5939 8%
c - 117.17 103 36 0 207 126092 4 1979131 95416 1.3 17 13 8 16 19% 7223 266602 5939 8%
c i 117.52 114 37 0 207 126567 4 1984532 100087 1.3 17 13 8 16 19% 7225 266601 5938 8%
c - 117.98 130 36 0 208 126957 4 1993518 96430 1.3 18 13 8 16 19% 7222 266601 5938 8%
c - 118.64 152 36 0 209 127724 4 2007940 96107 1.3 17 13 8 16 19% 7234 266600 5938 8%
c d 118.77 113 35 0 209 127846 4 2014113 100335 1.3 17 13 8 16 18% 7235 266584 5937 8%
c u 118.97 118 35 0 209 127846 4 2014113 99669 1.3 17 13 8 16 18% 7235 266584 5937 8%
c v 119.01 118 35 0 209 127846 4 2014113 96379 1.3 17 13 8 16 18% 7235 266584 5937 8%
c w 119.02 118 35 0 209 127846 4 2014113 96226 1.3 17 13 8 16 18% 7235 266584 5937 8%
c x 119.24 125 35 0 209 127846 4 2014113 96221 1.3 17 13 8 16 18% 7235 266550 5937 8%
c = 120.08 78 35 0 209 127846 4 2014113 96221 1.3 17 13 8 16 18% 7239 266525 5933 8%
c d 120.09 78 35 0 209 127846 4 2014113 96221 1.3 17 13 8 16 18% 7239 266511 5933 8%
c t 120.10 78 35 0 209 127846 4 2014113 96221 1.3 17 13 8 16 18% 7229 266511 5933 8%
c u 120.41 96 35 0 209 127846 4 2014113 94912 1.3 17 13 8 16 18% 7230 266511 5933 8%
c v 120.44 97 35 0 209 127846 4 2014113 94843 1.3 17 13 8 16 18% 7230 266511 5933 8%
c w 120.44 97 35 0 209 127846 4 2014113 94842 1.3 17 13 8 16 18% 7230 266511 5933 8%
c = 121.25 101 35 0 209 127846 4 2014113 94842 1.3 17 13 8 16 18% 7252 266473 5922 8%
c d 121.26 101 35 0 209 127846 4 2014113 94839 1.3 17 13 8 16 18% 7224 266473 5922 8%
c t 121.27 101 35 0 209 127846 4 2014113 94839 1.3 17 13 8 16 18% 7220 266473 5920 8%
c
c seconds   switched       rate           size/glue  tier1     binary        remaining
c         MB  reductions      conflicts         size   tier2      irredundant
c          level     restarts        redundant     glue    trail         variables
c
c - 121.77 80 36 0 210 128130 4 2022396 92252 1.3 17 13 8 16 19% 7206 266473 5920 8%
c i 121.77 80 36 0 210 128132 4 2022425 92268 1.3 17 13 8 16 19% 7207 266472 5915 8%
c i 121.77 80 36 0 210 128132 4 2022427 92267 1.3 17 13 8 16 19% 7208 266472 5913 8%
c i 121.77 80 36 0 210 128132 4 2022429 92267 1.3 17 13 8 16 19% 7209 266472 5912 8%
c - 122.51 100 36 0 211 128981 4 2036889 92811 1.3 17 13 8 16 19% 7175 266472 5912 8%
c - 123.37 131 38 0 212 129608 4 2051414 94353 1.3 17 13 8 16 19% 7182 266471 5912 8%
c - 124.63 98 40 0 213 130982 4 2065974 96599 1.4 18 13 8 16 20% 7187 266470 5912 8%
c - 125.58 90 40 0 214 132409 4 2080569 97154 1.3 18 14 8 16 20% 7192 266470 5912 8%
c - 125.75 90 37 0 215 132419 4 2095197 97693 1.3 18 13 8 16 19% 7192 266470 5912 8%
c - 125.91 91 34 0 216 132425 4 2109859 97970 1.3 17 13 8 16 18% 7192 266470 5912 8%
c - 126.10 91 32 0 217 132431 4 2124555 99322 1.3 17 13 8 16 18% 7192 266470 5912 8%
c - 126.25 91 30 0 218 132432 3 2139286 100989 1.3 16 12 8 16 17% 7193 266470 5912 8%
c d 126.40 91 28 0 218 132433 3 2152622 111871 1.3 16 12 8 16 16% 7213 266349 5910 8%
c u 126.54 85 28 0 218 132433 3 2152622 111634 1.3 16 12 8 16 16% 7215 266349 5910 8%
c v 126.64 88 28 0 218 132433 3 2152622 106702 1.3 16 12 8 16 16% 7215 266349 5910 8%
c w 126.65 88 28 0 218 132433 3 2152622 106663 1.3 16 12 8 16 16% 7215 266349 5910 8%
c x 126.76 97 28 0 218 132433 3 2152622 106663 1.3 16 12 8 16 16% 7215 266346 5910 8%
c = 127.33 99 28 0 218 132433 3 2152622 106663 1.3 16 12 8 16 16% 7217 266285 5905 8%
c d 127.34 99 28 0 218 132433 3 2152622 106663 1.3 16 12 8 16 16% 7219 266274 5905 8%
c t 127.35 99 28 0 218 132433 3 2152622 106663 1.3 16 12 8 16 16% 7210 266274 5905 8%
c
c seconds    switched       rate            size/glue  tier1     binary        remaining
c          MB  reductions      conflicts          size   tier2      irredundant
c           level     restarts        redundant      glue    trail         variables
c
c u 127.54 116 28 0 218 132433 3 2152622 106480 1.3 16 12 8 16 16% 7211 266274 5905 8%
c v 127.63 119 28 0 218 132433 3 2152622 106283 1.3 16 12 8 16 16% 7211 266274 5905 8%
c w 127.65 119 28 0 218 132433 3 2152622 106279 1.3 16 12 8 16 16% 7211 266274 5905 8%
c = 128.22 123 28 0 218 132433 3 2152622 106279 1.3 16 12 8 16 16% 7216 266266 5903 8%
c d 128.23 123 28 0 218 132433 3 2152622 106278 1.3 16 12 8 16 16% 7211 266266 5903 8%
c t 128.24 123 28 0 218 132433 3 2152622 106278 1.3 16 12 8 16 16% 7208 266266 5903 8%
c - 128.40 121 28 0 219 132664 3 2154050 101484 1.3 16 12 8 16 17% 7204 266266 5903 8%
c - 129.55 89 31 0 220 134016 4 2168850 104037 1.3 17 12 8 16 18% 7211 266266 5903 8%
c o 129.75 67 29 0 220 134019 3 2179025 110926 1.3 16 12 8 16 17% 7211 266266 5903 8%
c - 130.23 60 31 0 221 134663 4 2183682 106568 1.3 17 12 8 16 18% 7212 266266 5903 8%
c s 131.64 68 34 0 221 136397 4 2196273 116970 1.3 17 13 8 16 19% 7245 265798 5903 8%
c e 131.65 72 34 0 221 136397 4 2196273 116970 1.3 17 13 8 16 19% 7151 266215 5860 8%
c 2 131.65 72 34 0 221 136397 4 2196273 116970 1.3 17 13 8 16 19% 7150 266215 5860 8%
c s 131.98 72 34 0 221 136397 4 2196273 116970 1.3 17 13 8 16 19% 7157 265901 5860 8%
c e 131.99 72 34 0 221 136397 4 2196273 116970 1.3 17 13 8 16 19% 7139 266048 5850 8%
c - 132.26 71 35 0 222 136694 4 2198548 107563 1.3 17 13 8 16 19% 7142 266048 5850 8%
c - 133.07 89 35 0 223 137748 4 2213448 108442 1.3 17 13 8 16 20% 7143 266048 5850 8%
c - 133.50 98 33 0 224 137989 4 2228381 108648 1.3 17 13 8 16 19% 7143 266048 5850 8%
c - 134.70 113 35 0 225 139110 4 2243348 110668 1.4 18 13 8 16 20% 7145 266048 5850 8%
c - 134.93 116 33 0 226 139157 4 2258348 112089 1.3 17 13 8 16 19% 7146 266048 5850 8%
c
c seconds   switched       rate            size/glue  tier1     binary        remaining
c         MB  reductions      conflicts          size   tier2      irredundant
c          level     restarts        redundant      glue    trail         variables
c
c - 135.15 92 31 0 227 139163 4 2273382 111925 1.3 17 13 8 16 18% 7147 266048 5850 8%
c - 135.38 93 29 0 228 139169 3 2288450 112174 1.3 16 12 8 16 18% 7147 266048 5850 8%
c b 135.49 93 28 0 228 139178 3 2296219 117973 1.3 16 12 8 16 17% 7149 266046 5848 8%
c u 135.68 99 28 0 228 139178 3 2296219 117790 1.3 16 12 8 16 17% 7149 266046 5848 8%
c v 135.75 100 28 0 228 139178 3 2296219 114365 1.3 16 12 8 16 17% 7149 266046 5848 8%
c w 135.76 100 28 0 228 139178 3 2296219 114342 1.3 16 12 8 16 17% 7149 266046 5848 8%
c = 136.57 79 28 0 228 139178 3 2296219 114342 1.3 16 12 8 16 17% 7153 266023 5846 8%
c d 136.58 79 28 0 228 139178 3 2296219 114342 1.3 16 12 8 16 17% 7154 266018 5846 8%
c t 136.59 79 28 0 228 139178 3 2296219 114342 1.3 16 12 8 16 17% 7123 266018 5846 8%
c f 136.61 79 28 0 228 139178 3 2296219 114342 1.3 16 12 8 16 17% 7130 265940 5850 8%
c - 137.16 101 29 0 229 140309 3 2303553 111402 1.3 16 12 8 16 18% 7119 265939 5850 8%
c - 138.28 106 31 0 230 141999 4 2318685 111359 1.3 17 13 8 16 18% 7125 265939 5850 8%
c - 139.43 137 35 0 231 143176 4 2333850 112034 1.3 17 13 8 16 19% 7128 265939 5850 8%
c i 140.08 121 37 0 231 143920 4 2338615 116489 1.3 18 13 8 16 20% 7134 265937 5846 8%
c i 140.50 140 37 0 231 144299 4 2342941 120378 1.3 18 13 8 16 20% 7139 265936 5844 8%
c - 141.16 129 39 0 232 144924 5 2349049 112992 1.3 18 13 8 16 20% 7133 265936 5844 8%
c - 142.64 146 42 0 233 146273 5 2364280 114250 1.4 18 13 8 16 22% 7145 265934 5844 8%
c - 143.65 123 41 0 234 147739 5 2379544 114377 1.3 18 14 8 16 21% 7148 265933 5844 8%
c o 144.83 117 44 0 234 149102 5 2389031 123296 1.3 19 14 8 16 23% 7153 265933 5844 8%
c - 144.99 118 43 0 235 149147 5 2394841 114980 1.3 19 14 8 16 22% 7153 265933 5844 8%
c
c seconds   switched       rate            size/glue  tier1     binary        remaining
c         MB  reductions      conflicts          size   tier2      irredundant
c          level     restarts        redundant      glue    trail         variables
c
c i 145.40 95 41 0 235 149485 5 2408249 126286 1.4 18 13 8 16 21% 7160 265930 5842 8%
c - 145.49 99 40 0 236 149507 5 2410170 117093 1.4 18 13 8 16 21% 7157 265930 5842 8%
c - 146.44 103 40 0 237 150262 5 2425532 118287 1.4 18 13 8 16 21% 7159 265930 5842 8%
c - 147.61 116 43 0 238 151484 5 2440928 118582 1.4 19 14 8 16 22% 7163 265927 5842 8%
c d 147.68 116 42 0 238 151484 5 2444946 122156 1.4 19 13 8 16 22% 7176 265825 5840 8%
c b 147.69 116 42 0 238 151484 5 2444946 122156 1.4 19 13 8 16 22% 7176 265825 5832 8%
c u 147.94 119 42 0 238 151484 5 2444946 121971 1.4 19 13 8 16 22% 7176 265825 5832 8%
c v 148.10 120 42 0 238 151484 5 2444946 121521 1.4 19 13 8 16 22% 7176 265825 5832 8%
c w 148.11 120 42 0 238 151484 5 2444946 121517 1.4 19 13 8 16 22% 7176 265825 5832 8%
c x 148.37 131 42 0 238 151484 5 2444946 121517 1.4 19 13 8 16 22% 7186 265706 5832 8%
c = 149.63 72 42 0 238 151484 5 2444946 121517 1.4 19 13 8 16 22% 7198 265562 5818 8%
c d 149.63 72 42 0 238 151484 5 2444946 121513 1.4 19 13 8 16 22% 7198 265540 5818 8%
c t 149.65 72 42 0 238 151484 5 2444946 121513 1.4 19 13 8 16 22% 7170 265540 5817 8%
c u 149.99 72 42 0 238 151484 5 2444946 121315 1.4 19 13 8 16 22% 7172 265532 5817 8%
c v 150.14 73 42 0 238 151484 5 2444946 121080 1.4 19 13 8 16 22% 7172 265532 5817 8%
c w 150.15 73 42 0 238 151484 5 2444946 121077 1.4 19 13 8 16 22% 7172 265532 5817 8%
c = 151.46 69 42 0 238 151484 5 2444946 121077 1.4 19 13 8 16 22% 7210 265474 5799 8%
c d 151.47 69 42 0 238 151484 5 2444946 121062 1.4 19 13 8 16 22% 7169 265474 5799 8%
c t 151.49 69 42 0 238 151484 5 2444946 121062 1.4 19 13 8 16 22% 7150 265474 5799 8%
c i 151.53 70 42 0 238 151486 5 2445110 121214 1.4 19 13 8 16 23% 7150 265474 5798 8%
c
c seconds   switched       rate            size/glue  tier1     binary        remaining
c         MB  reductions      conflicts          size   tier2      irredundant
c          level     restarts        redundant      glue    trail         variables
c
c - 152.48 92 44 0 239 152486 5 2456356 119213 1.4 19 14 8 16 23% 7092 265474 5798 8%
c - 153.84 113 44 0 240 154215 5 2471817 119703 1.4 19 14 8 16 23% 7096 265474 5798 8%
c - 154.90 124 44 0 241 155866 5 2487308 120159 1.4 20 14 8 16 23% 7102 265474 5798 8%
c - 155.78 103 43 0 242 156590 5 2502833 120578 1.4 20 14 8 16 22% 7104 265474 5798 8%
c - 157.47 71 47 0 243 158291 6 2518389 120736 1.4 20 14 8 16 24% 7107 265474 5798 8%
c - 158.90 67 48 0 244 159538 6 2533978 120289 1.4 20 15 8 16 24% 7116 265472 5798 8%
c - 159.48 77 46 0 245 160603 5 2549599 120576 1.4 20 15 8 16 23% 7122 265468 5798 8%
c - 159.71 78 42 0 246 160606 5 2565251 123029 1.4 20 14 8 16 22% 7122 265468 5798 8%
c s 160.16 78 42 0 246 160606 5 2565696 123429 1.4 20 14 8 16 22% 7151 264543 5798 8%
c e 160.17 80 42 0 246 160606 5 2565696 123429 1.4 20 14 8 16 22% 7081 264987 5764 8%
c 2 160.17 80 42 0 246 160606 5 2565696 123429 1.4 20 14 8 16 22% 7079 264987 5764 8%
c s 160.56 80 42 0 246 160606 5 2565696 123429 1.4 20 14 8 16 22% 7095 262014 5764 8%
c e 160.58 80 42 0 246 160606 5 2565696 123429 1.4 20 14 8 16 22% 7088 262079 5760 8%
c - 161.72 134 43 0 247 161580 5 2580935 123845 1.4 20 14 8 16 22% 7093 262079 5760 8%
c - 161.96 140 39 0 248 161724 4 2596651 124954 1.4 19 14 8 16 20% 7093 262079 5760 8%
c u 162.26 144 38 0 248 161724 4 2598803 126096 1.4 19 13 8 16 20% 7101 262076 5760 8%
c v 162.28 144 38 0 248 161724 4 2598803 125581 1.4 19 13 8 16 20% 7101 262076 5760 8%
c w 162.29 144 38 0 248 161724 4 2598803 125576 1.4 19 13 8 16 20% 7101 262076 5760 8%
c = 163.43 94 38 0 248 161724 4 2598803 125576 1.4 19 13 8 16 20% 7128 262033 5747 7%
c d 163.44 94 38 0 248 161724 4 2598803 125563 1.4 19 13 8 16 20% 7099 262033 5747 7%
c
c seconds   switched       rate            size/glue  tier1     binary        remaining
c         MB  reductions      conflicts          size   tier2      irredundant
c          level     restarts        redundant      glue    trail         variables
c
c t 163.46 94 38 0 248 161724 4 2598803 125563 1.4 19 13 8 16 20% 7053 262033 5747 7%
c f 163.48 94 38 0 248 161724 4 2598803 125563 1.4 19 13 8 16 20% 7074 261791 5759 8%
c u 163.88 116 38 0 248 161724 4 2598803 123021 1.4 19 13 8 16 20% 7171 261791 5757 8%
c v 163.89 116 38 0 248 161724 4 2598803 122987 1.4 19 13 8 16 20% 7171 261791 5757 8%
c d 164.20 118 38 0 248 161724 4 2598803 122983 1.4 19 13 8 16 20% 7166 261755 5754 7%
c t 164.21 118 38 0 248 161724 4 2598803 122983 1.4 19 13 8 16 20% 7128 261755 5745 7%
c i 164.22 118 38 0 248 161724 4 2598803 122983 1.4 19 13 8 16 20% 7128 261755 5745 7%
c o 165.71 157 42 0 248 163114 5 2609047 132953 1.4 20 14 8 16 22% 7134 261754 5745 7%
c - 166.27 175 43 0 249 163587 5 2612399 124032 1.4 20 14 8 16 22% 7108 261754 5745 7%
c - 167.77 176 46 0 250 164868 5 2628180 123682 1.4 20 14 8 16 23% 7117 261753 5745 7%
c - 169.03 94 45 0 251 165941 5 2643991 123424 1.4 20 14 8 16 23% 7120 261753 5745 7%
c i 169.39 102 46 0 251 166215 5 2649132 128186 1.4 20 14 8 16 24% 7152 261751 5742 7%
c - 170.44 104 49 0 252 167354 5 2659833 123610 1.4 20 14 8 16 24% 7146 261750 5742 7%
c - 172.17 151 51 0 253 168873 6 2675707 125092 1.4 20 14 8 16 26% 7156 261750 5742 7%
c - 173.36 134 55 0 254 170275 6 2691612 126814 1.4 21 15 8 16 27% 7160 261750 5742 7%
c i 173.99 111 54 0 254 171554 5 2702886 135948 1.4 21 15 8 16 27% 7167 261750 5741 7%
c i 173.99 111 54 0 254 171554 5 2702888 135948 1.4 21 15 8 16 27% 7168 261750 5736 7%
c - 174.64 128 55 0 255 172059 6 2707551 126296 1.4 21 15 8 16 27% 7159 261748 5736 7%
c i 174.92 136 52 0 255 172173 5 2718273 135086 1.4 21 15 8 16 26% 7166 261748 5706 7%
c - 175.74 127 54 0 256 172868 5 2723520 126787 1.4 21 15 8 16 27% 7109 261748 5706 7%
c
c seconds    switched       rate            size/glue  tier1     binary        remaining
c          MB  reductions      conflicts          size   tier2      irredundant
c           level     restarts        redundant      glue    trail         variables
c
c - 176.49 101 52 0 257 173411 5 2739522 128616 1.4 21 15 8 16 27% 7112 261748 5706 7%
c - 176.70 102 47 0 258 173454 5 2755553 128096 1.4 20 15 8 16 25% 7112 261748 5706 7%
c d 176.74 102 47 0 258 173502 5 2757714 129764 1.4 20 15 8 16 24% 7158 261281 5703 7%
c d 176.74 102 47 0 258 173502 5 2757714 129764 1.4 20 15 8 16 24% 7152 261269 5700 7%
c b 176.75 102 47 0 258 173502 5 2757714 129764 1.4 20 15 8 16 24% 7152 261269 5651 7%
c u 177.04 108 47 0 258 173502 5 2757714 128650 1.4 20 15 8 16 24% 7153 261269 5651 7%
c v 177.09 108 47 0 258 173502 5 2757714 127761 1.4 20 15 8 16 24% 7152 261269 5651 7%
c w 177.10 108 47 0 258 173502 5 2757714 127575 1.4 20 15 8 16 24% 7152 261269 5651 7%
c x 177.42 83 47 0 258 173502 5 2757714 127571 1.4 20 15 8 16 24% 7193 260776 5651 7%
c d 177.43 83 47 0 258 173502 5 2757714 127571 1.4 20 15 8 16 24% 7191 260771 5650 7%
c t 177.45 83 47 0 258 173502 5 2757714 127571 1.4 20 15 8 16 24% 7159 260771 5642 7%
c b 177.48 83 47 0 258 173502 5 2757714 127566 1.4 20 15 8 16 24% 7182 260687 5637 7%
c u 177.90 75 47 0 258 173502 5 2757714 125472 1.4 20 15 8 16 24% 7182 260687 5637 7%
c v 177.93 75 47 0 258 173502 5 2757714 125429 1.4 20 15 8 16 24% 7182 260687 5637 7%
c w 177.94 75 47 0 258 173502 5 2757714 125422 1.4 20 15 8 16 24% 7182 260687 5637 7%
c = 179.28 79 47 0 258 173502 5 2757714 125422 1.4 20 15 8 16 24% 7190 260506 5616 7%
c d 179.28 79 47 0 258 173502 5 2757714 125411 1.4 20 15 8 16 24% 7211 260470 5616 7%
c t 179.30 79 47 0 258 173502 5 2757714 125411 1.4 20 15 8 16 24% 7203 260470 5613 7%
c - 180.60 76 49 0 259 174537 5 2771615 124922 1.4 21 15 8 16 25% 6982 260470 5613 7%
c - 182.10 128 51 0 260 175959 5 2787708 126229 1.4 21 15 8 16 26% 6992 260469 5613 7%
c
c seconds    switched       rate            size/glue  tier1     binary        remaining
c          MB  reductions      conflicts          size   tier2      irredundant
c           level     restarts        redundant      glue    trail         variables
c
c - 182.88 117 50 0 261 177000 5 2803832 126013 1.4 21 15 8 16 25% 7000 260467 5613 7%
c i 183.24 126 50 0 261 177373 5 2806282 128421 1.4 21 15 8 16 26% 7001 260467 5577 7%
c - 184.41 125 52 0 262 178350 5 2819987 126155 1.4 21 15 8 16 26% 6951 260467 5577 7%
c - 186.12 105 55 0 263 179483 5 2836173 126744 1.4 22 15 8 16 28% 6958 260467 5577 7%
c o 186.56 135 56 0 263 179838 5 2839070 129586 1.4 22 15 8 16 28% 6958 260467 5577 7%
c - 187.69 143 59 0 264 180666 5 2852390 126350 1.5 22 15 8 16 29% 6959 260467 5577 7%
c - 189.07 102 58 0 265 181809 5 2868638 127258 1.4 22 15 8 16 29% 6959 260467 5577 7%
c - 189.28 102 52 0 266 181818 5 2884916 125278 1.4 21 15 8 16 26% 6959 260467 5577 7%
c - 189.75 111 49 0 267 182081 4 2901225 122541 1.4 21 15 8 16 25% 6963 260467 5577 7%
c - 190.54 107 50 0 268 182500 4 2917566 122044 1.4 21 15 8 16 24% 6965 260467 5577 7%
c d 191.07 105 51 0 268 182920 4 2921768 126146 1.4 21 15 8 16 25% 6994 260187 5576 7%
c d 191.07 105 51 0 268 182920 4 2921768 126146 1.4 21 15 8 16 25% 6992 260184 5575 7%
c b 191.08 105 51 0 268 182920 4 2921768 126146 1.4 21 15 8 16 25% 6992 260184 5567 7%
c u 191.49 115 51 0 268 182920 4 2921768 125366 1.4 21 15 8 16 25% 6996 260184 5567 7%
c v 191.85 121 51 0 268 182920 4 2921768 124885 1.4 21 15 8 16 25% 6996 260184 5567 7%
c w 192.04 122 51 0 268 182920 4 2921768 124866 1.4 21 15 8 16 25% 6996 260184 5567 7%
c = 193.25 75 51 0 268 182920 4 2921768 124866 1.4 21 15 8 16 25% 7006 260108 5559 7%
c d 193.26 75 51 0 268 182920 4 2921768 124859 1.4 21 15 8 16 25% 7009 260091 5559 7%
c t 193.27 75 51 0 268 182920 4 2921768 124859 1.4 21 15 8 16 25% 6992 260091 5552 7%
c b 193.31 75 51 0 268 182920 4 2921768 124859 1.4 21 15 8 16 25% 7010 260042 5546 7%
c
c seconds   switched       rate            size/glue  tier1     binary        remaining
c         MB  reductions      conflicts          size   tier2      irredundant
c          level     restarts        redundant      glue    trail         variables
c
c u 193.72 77 51 0 268 182920 4 2921768 123574 1.4 21 15 8 16 25% 7010 260042 5546 7%
c v 193.96 77 51 0 268 182920 4 2921768 123380 1.4 21 15 8 16 25% 7010 260042 5546 7%
c w 194.27 77 51 0 268 182920 4 2921768 123349 1.4 21 15 8 16 25% 7010 260042 5546 7%
c = 195.45 77 51 0 268 182920 4 2921768 123349 1.4 21 15 8 16 25% 7024 259984 5538 7%
c d 195.46 77 51 0 268 182920 4 2921768 123344 1.4 21 15 8 16 25% 7017 259972 5538 7%
c t 195.47 77 51 0 268 182920 4 2921768 123344 1.4 21 15 8 16 25% 7011 259972 5538 7%
c - 196.30 112 55 0 269 183390 4 2933938 122582 1.4 21 15 8 16 25% 6930 259972 5538 7%
c - 197.69 114 54 0 270 184659 5 2950339 122169 1.4 21 15 8 16 26% 6933 259972 5538 7%
c - 198.57 120 52 0 271 185563 5 2966770 123843 1.5 21 15 8 16 25% 6940 259971 5538 7%
c s 199.14 120 51 0 271 185563 4 2969531 125859 1.4 21 15 8 16 24% 6966 256607 5538 7%
c e 199.16 123 51 0 271 185563 4 2969531 125859 1.4 21 15 8 16 24% 6838 257459 5467 7%
c 2 199.16 123 51 0 271 185563 4 2969531 125859 1.4 21 15 8 16 24% 6833 257459 5467 7%
c s 199.74 91 51 0 271 185563 4 2969531 125859 1.4 21 15 8 16 24% 6847 251434 5467 7%
c e 199.75 91 51 0 271 185563 4 2969531 125859 1.4 21 15 8 16 24% 6830 251557 5460 7%
c - 200.83 76 52 0 272 186456 5 2983233 122226 1.4 21 15 8 16 25% 6838 251557 5460 7%
c i 200.98 81 50 0 272 186553 4 2990309 128154 1.4 21 15 8 16 24% 6845 251555 5458 7%
c - 201.58 101 50 0 273 186981 4 2999725 124096 1.5 21 14 8 16 25% 6840 251554 5458 7%
c - 203.50 139 54 0 274 188637 5 3016247 125575 1.5 21 15 8 16 26% 6845 251554 5458 7%
c - 203.72 140 48 0 275 188681 4 3032800 124117 1.4 21 14 8 16 24% 6846 251553 5458 7%
c - 203.89 140 44 0 276 188686 4 3049384 122736 1.4 20 14 8 16 23% 6846 251553 5458 7%
c
c seconds    switched       rate            size/glue  tier1     binary        remaining
c          MB  reductions      conflicts          size   tier2      irredundant
c           level     restarts        redundant      glue    trail         variables
c
c - 204.07 108 40 0 277 188740 4 3065997 120015 1.4 19 14 8 16 21% 6846 251553 5458 7%
c - 204.26 108 36 0 278 188747 3 3082641 116936 1.4 19 14 8 16 20% 6846 251553 5458 7%
c d 204.34 108 34 0 278 188755 3 3091035 122671 1.4 18 14 8 16 20% 6847 251506 5457 7%
c u 204.58 114 34 0 278 188755 3 3091035 121740 1.4 18 14 8 16 20% 6845 251506 5457 7%
c v 204.61 115 34 0 278 188755 3 3091035 116714 1.4 18 14 8 16 20% 6845 251506 5457 7%
c w 204.62 115 34 0 278 188755 3 3091035 116683 1.4 18 14 8 16 20% 6845 251506 5457 7%
c = 205.46 77 34 0 278 188755 3 3091035 116683 1.4 18 14 8 16 20% 6859 251481 5450 7%
c d 205.47 77 34 0 278 188755 3 3091035 116677 1.4 18 14 8 16 20% 6843 251481 5450 7%
c t 205.48 77 34 0 278 188755 3 3091035 116677 1.4 18 14 8 16 20% 6800 251481 5450 7%
c f 205.50 77 34 0 278 188755 3 3091035 116677 1.4 18 14 8 16 20% 6806 251333 5457 7%
c u 205.70 96 34 0 278 188755 3 3091035 116072 1.4 18 14 8 16 20% 6806 251333 5457 7%
c v 205.73 96 34 0 278 188755 3 3091035 115984 1.4 18 14 8 16 20% 6806 251333 5457 7%
c x 205.95 103 34 0 278 188755 3 3091035 115979 1.4 18 14 8 16 20% 6806 251293 5457 7%
c = 206.79 105 34 0 278 188755 3 3091035 115979 1.4 18 14 8 16 20% 6814 251284 5453 7%
c d 206.80 105 34 0 278 188755 3 3091035 115977 1.4 18 14 8 16 20% 6803 251284 5453 7%
c t 206.81 105 34 0 278 188755 3 3091035 115977 1.4 18 14 8 16 20% 6801 251284 5453 7%
c o 206.83 105 34 0 278 188755 3 3091035 115977 1.4 18 14 8 16 20% 6801 251284 5453 7%
c - 207.50 112 35 0 279 189276 3 3099314 113967 1.4 18 14 8 16 20% 6802 251284 5453 7%
c - 207.72 112 32 0 280 189337 3 3116019 113082 1.3 18 14 8 16 19% 6802 251284 5453 7%
c - 207.89 113 30 0 281 189392 3 3132754 110906 1.3 18 13 8 16 18% 6802 251284 5453 7%
c
c seconds    switched       rate            size/glue  tier1     binary        remaining
c          MB  reductions      conflicts          size   tier2      irredundant
c           level     restarts        redundant      glue    trail         variables
c
c - 208.07 113 28 0 282 189528 3 3149517 108555 1.3 17 13 8 16 17% 6802 251284 5453 7%
c - 208.23 80 26 0 283 189573 2 3166309 105945 1.3 17 13 8 16 17% 6802 251284 5453 7%
c - 208.42 80 24 0 284 189666 2 3183132 103210 1.3 17 13 8 16 16% 6802 251284 5453 7%
c - 209.38 105 26 0 285 190626 3 3199985 101383 1.3 17 13 8 16 17% 6805 251284 5453 7%
c - 209.95 118 27 0 286 191059 3 3216866 105407 1.4 17 13 8 16 17% 6812 251284 5453 7%
c - 211.43 156 32 0 287 192938 3 3233777 106198 1.4 18 13 8 16 18% 6819 251282 5453 7%
c - 211.81 167 30 0 288 193197 3 3250718 107611 1.4 18 13 8 16 18% 6827 251281 5453 7%
c b 211.96 168 28 0 288 193282 3 3265195 117891 1.5 18 12 8 16 17% 6827 251281 5451 7%
c u 212.17 139 28 0 288 193282 3 3265195 117270 1.5 18 12 8 16 17% 6832 251281 5451 7%
c v 212.28 142 28 0 288 193282 3 3265195 114246 1.5 18 12 8 16 17% 6832 251281 5451 7%
c w 212.31 142 28 0 288 193282 3 3265195 114197 1.5 18 12 8 16 17% 6832 251281 5451 7%
c = 212.91 145 28 0 288 193282 3 3265195 114197 1.5 18 12 8 16 17% 6840 251244 5446 7%
c d 212.92 145 28 0 288 193282 3 3265195 114195 1.5 18 12 8 16 17% 6845 251229 5446 7%
c t 212.93 145 28 0 288 193282 3 3265195 114195 1.5 18 12 8 16 17% 6832 251229 5446 7%
c u 213.15 148 28 0 288 193282 3 3265195 113795 1.5 18 12 8 16 17% 6833 251229 5446 7%
c v 213.23 150 28 0 288 193282 3 3265195 113236 1.5 18 12 8 16 17% 6833 251229 5446 7%
c w 213.24 150 28 0 288 193282 3 3265195 113218 1.5 18 12 8 16 17% 6833 251229 5446 7%
c = 213.84 112 28 0 288 193282 3 3265195 113218 1.5 18 12 8 16 17% 6843 251213 5441 7%
c d 213.85 112 28 0 288 193282 3 3265195 113217 1.5 18 12 8 16 17% 6832 251213 5441 7%
c t 213.86 112 28 0 288 193282 3 3265195 113217 1.5 18 12 8 16 17% 6828 251213 5441 7%
c
c seconds    switched       rate            size/glue  tier1     binary        remaining
c          MB  reductions      conflicts          size   tier2      irredundant
c           level     restarts        redundant      glue    trail         variables
c
c - 214.19 119 29 0 289 193633 3 3267688 109419 1.5 18 12 8 16 18% 6811 251213 5441 7%
c - 215.51 109 31 0 290 195976 4 3284689 110837 1.4 19 13 8 16 19% 6818 251213 5441 7%
c - 216.70 137 33 0 291 197671 4 3301719 110462 1.4 19 13 8 16 19% 6820 251213 5441 7%
c i 217.58 154 35 0 291 199084 4 3311777 119284 1.4 19 14 8 16 20% 6824 251213 5434 7%
c i 217.61 156 35 0 291 199101 4 3312128 119621 1.4 19 14 8 16 20% 6824 251213 5432 7%
c i 217.61 156 35 0 291 199101 4 3312129 119621 1.4 19 14 8 16 20% 6824 251213 5392 7%
c - 218.16 184 36 0 292 199660 4 3318777 110855 1.4 19 14 8 16 20% 6746 251213 5392 7%
c - 218.38 183 33 0 293 199730 4 3335865 108097 1.4 19 14 8 16 19% 6746 251213 5392 7%
c - 218.59 183 31 0 294 199902 4 3352982 104641 1.4 18 14 8 16 19% 6746 251213 5392 7%
c - 218.79 159 28 0 295 199978 3 3370129 101316 1.3 18 13 8 16 18% 6746 251213 5392 7%
c o 218.81 159 28 0 295 199990 3 3373227 103803 1.3 18 13 8 16 18% 6747 251213 5392 7%
c - 219.86 126 31 0 296 202100 4 3387305 98187 1.3 18 14 8 16 19% 6750 251213 5392 7%
c - 221.28 79 35 0 297 203803 4 3404511 100883 1.4 19 14 8 16 21% 6757 251212 5392 7%
c s 221.91 78 36 0 297 204304 4 3407998 104011 1.4 19 14 8 16 21% 6772 250310 5391 7%
c e 221.93 82 36 0 297 204304 4 3407998 104011 1.4 19 14 8 16 21% 6691 250787 5348 7%
c 2 221.93 82 36 0 297 204304 4 3407998 104011 1.4 19 14 8 16 21% 6689 250787 5348 7%
c s 222.25 82 36 0 297 204304 4 3407998 104011 1.4 19 14 8 16 21% 6704 250482 5348 7%
c e 222.26 82 36 0 297 204304 4 3407998 104011 1.4 19 14 8 16 21% 6693 250598 5341 7%
c - 223.51 72 39 0 298 205784 5 3421745 102054 1.4 20 14 8 16 22% 6694 250596 5341 7%
c - 223.86 81 37 0 299 205967 4 3439007 101946 1.4 19 14 8 16 21% 6694 250596 5341 7%
c
c seconds   switched       rate            size/glue  tier1     binary        remaining
c         MB  reductions      conflicts          size   tier2      irredundant
c          level     restarts        redundant      glue    trail         variables
c
c b 223.94 81 36 0 299 206001 4 3444634 106125 1.4 19 14 8 16 21% 6720 250570 5322 7%
c u 224.21 83 36 0 299 206001 4 3444634 105183 1.4 19 14 8 16 21% 6722 250570 5304 7%
c v 224.29 85 36 0 299 206001 4 3444634 103052 1.4 19 14 8 16 21% 6721 250570 5304 7%
c w 224.30 85 36 0 299 206001 4 3444634 102792 1.4 19 14 8 16 21% 6721 250570 5304 7%
c = 225.37 91 36 0 299 206001 4 3444634 102792 1.4 19 14 8 16 21% 6731 250149 5297 7%
c d 225.38 91 36 0 299 206001 4 3444634 102736 1.4 19 14 8 16 21% 6743 250125 5296 7%
c t 225.39 91 36 0 299 206001 4 3444634 102736 1.4 19 14 8 16 21% 6704 250125 5296 7%
c f 225.41 91 36 0 299 206001 4 3444634 102736 1.4 19 14 8 16 21% 6711 250047 5300 7%
c u 225.73 98 36 0 299 206001 4 3444634 101128 1.4 19 14 8 16 21% 6729 250047 5290 7%
c v 225.78 99 36 0 299 206001 4 3444634 101022 1.4 19 14 8 16 21% 6729 250047 5290 7%
c w 225.79 99 36 0 299 206001 4 3444634 101016 1.4 19 14 8 16 21% 6729 250047 5290 7%
c = 226.85 84 36 0 299 206001 4 3444634 101016 1.4 19 14 8 16 21% 6737 249959 5285 7%
c d 226.87 84 36 0 299 206001 4 3444634 100940 1.4 19 14 8 16 21% 6749 249936 5285 7%
c t 226.88 84 36 0 299 206001 4 3444634 100940 1.4 19 14 8 16 21% 6733 249936 5284 7%
c i 226.89 68 36 0 299 206001 4 3444634 100940 1.4 19 14 8 16 21% 6733 249936 5284 7%
c - 227.75 92 37 0 300 207120 4 3456298 97061 1.4 20 14 8 16 21% 6616 249935 5284 7%
c - 228.45 110 37 0 301 208397 4 3473618 98786 1.4 20 14 8 16 21% 6620 249935 5284 7%
c - 229.44 120 38 0 302 210468 4 3490972 97839 1.4 20 14 8 16 21% 6623 249934 5284 7%
c - 230.35 128 40 0 303 211482 4 3508350 97813 1.4 20 14 8 16 21% 6630 249934 5284 7%
c - 231.39 137 41 0 304 213143 4 3525756 96279 1.4 20 15 8 16 21% 6633 249934 5284 7%
c
c seconds    switched       rate           size/glue  tier1     binary        remaining
c          MB  reductions      conflicts         size   tier2      irredundant
c           level     restarts        redundant     glue    trail         variables
c
c - 231.76 146 38 0 305 213805 4 3543192 94036 1.3 20 15 8 16 20% 6636 249934 5284 7%
c - 232.13 121 35 0 306 213992 4 3560656 93970 1.3 19 15 8 16 19% 6636 249934 5284 7%
c - 232.34 121 33 0 307 214020 3 3578148 94315 1.3 19 14 8 16 18% 6636 249934 5284 7%
c - 232.57 122 30 0 308 214039 3 3595669 94543 1.3 18 14 8 16 17% 6636 249934 5284 7%
c - 232.82 122 28 0 309 214108 3 3613220 94425 1.3 18 14 8 16 16% 6636 249934 5284 7%
c d 233.09 82 26 0 309 214186 3 3629320 107031 1.3 18 14 8 16 15% 6634 249926 5283 7%
c b 233.10 82 26 0 309 214186 3 3629320 107031 1.3 18 14 8 16 15% 6634 249926 5282 7%
c u 233.30 87 26 0 309 214186 3 3629320 104290 1.3 18 14 8 16 15% 6715 249926 5245 7%
c v 233.42 88 26 0 309 214186 3 3629320 95761 1.3 18 14 8 16 15% 6714 249926 5245 7%
c w 233.44 88 26 0 309 214186 3 3629320 95514 1.3 18 14 8 16 15% 6714 249926 5245 7%
c = 234.16 75 26 0 309 214186 3 3629320 95514 1.3 18 14 8 16 15% 6728 249557 5234 7%
c d 234.18 75 26 0 309 214186 3 3629320 95426 1.3 18 14 8 16 15% 6742 249518 5233 7%
c t 234.19 75 26 0 309 214186 3 3629320 95426 1.3 18 14 8 16 15% 6690 249518 5231 7%
c u 234.40 91 26 0 309 214186 3 3629320 90866 1.3 18 14 8 16 15% 6624 249495 5231 7%
c v 234.49 93 26 0 309 214186 3 3629320 89786 1.3 18 14 8 16 15% 6624 249495 5231 7%
c w 234.50 93 26 0 309 214186 3 3629320 89777 1.3 18 14 8 16 15% 6624 249495 5231 7%
c = 235.38 104 26 0 309 214186 3 3629320 89777 1.3 18 14 8 16 15% 6637 249481 5225 7%
c d 235.39 104 26 0 309 214186 3 3629320 89775 1.3 18 14 8 16 15% 6621 249481 5225 7%
c t 235.40 104 26 0 309 214186 3 3629320 89775 1.3 18 14 8 16 15% 6612 249481 5225 7%
c i 235.41 104 26 0 309 214186 3 3629320 89775 1.3 18 14 8 16 15% 6612 249481 5225 7%
c
c seconds   switched       rate           size/glue  tier1     binary        remaining
c         MB  reductions      conflicts         size   tier2      irredundant
c          level     restarts        redundant     glue    trail         variables
c
c - 235.51 98 26 0 310 214267 3 3630799 83339 1.3 18 14 8 16 15% 6613 249481 5225 7%
c - 235.72 98 25 0 311 214312 2 3648408 85482 1.3 18 14 8 15 15% 6613 249481 5225 7%
c - 235.99 83 24 0 312 214494 2 3666043 86313 1.3 17 14 8 15 14% 6613 249481 5225 7%
c - 236.26 83 22 0 313 214754 2 3683707 86568 1.3 17 14 8 15 14% 6613 249481 5225 7%
c - 236.53 84 21 0 314 214871 2 3701399 86924 1.3 17 13 8 15 13% 6613 249481 5225 7%
c - 236.79 84 21 0 315 215008 2 3719120 86761 1.3 17 13 8 15 13% 6613 249481 5225 7%
c - 237.01 70 20 0 316 215008 2 3736869 85283 1.3 17 13 8 15 13% 6613 249481 5225 7%
c - 237.27 71 19 0 317 215618 2 3754645 80867 1.3 16 13 8 15 13% 6613 249481 5225 7%
c - 237.54 71 19 0 318 216117 2 3772449 76936 1.2 16 13 8 15 12% 6613 249481 5225 7%
c - 237.82 71 18 0 319 216635 2 3790282 73840 1.2 16 13 8 15 12% 6613 249481 5225 7%
c - 238.06 72 18 0 320 217043 2 3808142 70362 1.2 16 13 8 15 12% 6613 249481 5225 7%
c u 238.33 75 18 0 320 217191 2 3819310 77757 1.2 16 13 8 15 12% 6613 249481 5225 7%
c v 238.36 76 18 0 320 217191 2 3819310 71099 1.2 16 13 8 15 12% 6613 249481 5225 7%
c w 238.37 76 18 0 320 217191 2 3819310 70705 1.2 16 13 8 15 12% 6613 249481 5225 7%
c = 238.76 79 18 0 320 217191 2 3819310 70705 1.2 16 13 8 15 12% 6619 249473 5222 7%
c d 238.77 79 18 0 320 217191 2 3819310 70703 1.2 16 13 8 15 12% 6613 249473 5222 7%
c t 238.78 79 18 0 320 217191 2 3819310 70703 1.2 16 13 8 15 12% 6608 249473 5222 7%
c u 238.89 79 18 0 320 217191 2 3819310 70263 1.2 16 13 8 15 12% 6608 249473 5222 7%
c v 238.92 79 18 0 320 217191 2 3819310 70181 1.2 16 13 8 15 12% 6608 249473 5222 7%
c w 238.93 79 18 0 320 217191 2 3819310 70178 1.2 16 13 8 15 12% 6608 249473 5222 7%
c
c seconds   switched       rate           size/glue  tier1     binary        remaining
c         MB  reductions      conflicts         size   tier2      irredundant
c          level     restarts        redundant     glue    trail         variables
c
c = 239.30 79 18 0 320 217191 2 3819310 70178 1.2 16 13 8 15 12% 6614 249462 5219 7%
c d 239.31 79 18 0 320 217191 2 3819310 70176 1.2 16 13 8 15 12% 6606 249462 5219 7%
c t 239.32 79 18 0 320 217191 2 3819310 70176 1.2 16 13 8 15 12% 6602 249462 5219 7%
c o 239.33 79 18 0 320 217191 2 3819310 70176 1.2 16 13 8 15 12% 6602 249462 5219 7%
c i 239.76 95 20 0 320 217665 2 3823196 73897 1.2 16 13 8 15 13% 6602 249462 5218 7%
c - 239.86 98 20 0 321 217743 2 3826031 66271 1.2 16 13 8 15 13% 6602 249460 5218 7%
c - 240.42 116 21 0 322 218258 2 3843948 68343 1.2 16 13 8 15 14% 6607 249459 5218 7%
c - 240.66 117 21 0 323 218952 2 3861892 66517 1.2 16 13 8 15 14% 6607 249459 5218 7%
c - 240.89 117 20 0 324 219193 2 3879866 66467 1.2 16 13 8 15 14% 6607 249459 5218 7%
c s 241.22 101 20 0 324 219193 2 3882951 69067 1.2 16 13 8 15 14% 6614 248907 5218 7%
c e 241.24 105 20 0 324 219193 2 3882951 69067 1.2 16 13 8 15 14% 6505 249535 5162 7%
c s 241.52 105 20 0 324 219193 2 3882951 69067 1.2 16 13 8 15 14% 6514 249136 5162 7%
c e 241.53 105 20 0 324 219193 2 3882951 69067 1.2 16 13 8 15 14% 6499 249239 5156 7%
c - 242.20 95 22 0 325 219978 2 3897868 66033 1.2 17 13 8 15 14% 6506 249237 5156 7%
c - 242.81 105 24 0 326 220996 2 3915897 67074 1.2 17 13 8 15 15% 6506 249237 5156 7%
c - 243.08 82 22 0 327 221118 2 3933952 66791 1.3 17 13 8 15 14% 6506 249237 5156 7%
c - 243.32 82 21 0 328 221165 2 3952035 63372 1.2 16 13 8 15 14% 6506 249237 5156 7%
c - 244.18 106 23 0 329 222036 3 3970145 61550 1.3 17 13 8 15 15% 6508 249237 5156 7%
c i 244.35 112 24 0 329 222211 3 3973486 64702 1.3 17 13 8 15 15% 6514 249237 5155 7%
c i 244.35 112 24 0 329 222211 3 3973513 64705 1.3 17 13 8 15 15% 6519 249237 5150 7%
c
c seconds    switched       rate           size/glue  tier1     binary        remaining
c          MB  reductions      conflicts         size   tier2      irredundant
c           level     restarts        redundant     glue    trail         variables
c
c - 244.88 125 25 0 330 223624 3 3988283 61054 1.3 17 14 8 15 16% 6499 249237 5150 7%
c - 245.17 126 24 0 331 223878 3 4006449 59368 1.2 17 14 8 15 15% 6499 249237 5150 7%
c b 245.37 131 24 0 331 224086 3 4014653 66138 1.2 17 14 8 15 15% 6510 249160 5149 7%
c u 245.51 133 24 0 331 224086 3 4014653 65624 1.2 17 14 8 15 15% 6510 249160 5149 7%
c v 245.62 133 24 0 331 224086 3 4014653 61921 1.2 17 14 8 15 15% 6510 249160 5149 7%
c w 245.69 133 24 0 331 224086 3 4014653 61550 1.2 17 14 8 15 15% 6510 249160 5149 7%
c = 246.34 90 24 0 331 224086 3 4014653 61550 1.2 17 14 8 15 15% 6569 249064 5120 7%
c d 246.35 90 24 0 331 224086 3 4014653 61537 1.2 17 14 8 15 15% 6502 249063 5120 7%
c t 246.36 90 24 0 331 224086 3 4014653 61537 1.2 17 14 8 15 15% 6456 249063 5119 7%
c f 246.38 90 24 0 331 224086 3 4014653 61537 1.2 17 14 8 15 15% 6469 248921 5125 7%
c b 246.40 102 24 0 331 224086 3 4014653 61535 1.2 17 14 8 15 15% 6473 248911 5121 7%
c u 246.56 107 24 0 331 224086 3 4014653 60842 1.2 17 14 8 15 15% 6474 248911 5121 7%
c v 246.64 107 24 0 331 224086 3 4014653 60473 1.2 17 14 8 15 15% 6474 248911 5121 7%
c w 246.73 108 24 0 331 224086 3 4014653 60415 1.2 17 14 8 15 15% 6474 248911 5121 7%
c = 247.42 93 24 0 331 224086 3 4014653 60415 1.2 17 14 8 15 15% 6486 248864 5115 7%
c d 247.43 93 24 0 331 224086 3 4014653 60412 1.2 17 14 8 15 15% 6487 248849 5115 7%
c t 247.44 93 24 0 331 224086 3 4014653 60412 1.2 17 14 8 15 15% 6481 248849 5115 7%
c - 247.85 72 25 0 332 225197 3 4024644 54744 1.2 17 14 8 15 16% 6455 248849 5115 7%
c i 248.20 88 27 0 332 226106 3 4031961 61050 1.2 17 14 8 15 16% 6457 248849 5112 7%
c - 248.64 103 28 0 333 227747 3 4042864 55267 1.2 18 14 8 15 16% 6447 248849 5112 7%
c
c seconds    switched       rate           size/glue  tier1     binary        remaining
c          MB  reductions      conflicts         size   tier2      irredundant
c           level     restarts        redundant     glue    trail         variables
c
c - 249.72 142 33 0 334 229436 4 4061112 54335 1.3 18 14 8 15 18% 6454 248848 5112 7%
c - 250.40 148 33 0 335 230595 4 4079388 53258 1.3 19 15 8 15 18% 6458 248847 5112 7%
c - 250.63 148 31 0 336 231281 3 4097693 51443 1.2 18 15 8 15 17% 6458 248847 5112 7%
c - 250.83 148 29 0 337 231692 3 4116023 50762 1.2 18 15 8 15 16% 6458 248847 5112 7%
c - 251.04 109 27 0 338 231992 3 4134381 50679 1.2 18 15 8 15 15% 6458 248847 5112 7%
c - 251.24 109 26 0 339 232242 2 4152765 50750 1.2 18 15 8 15 14% 6458 248847 5112 7%
c o 251.34 109 25 0 339 232452 2 4158984 55631 1.2 18 15 8 15 14% 6458 248847 5112 7%
c - 251.69 117 25 0 340 232949 2 4171177 52126 1.2 18 15 8 15 14% 6458 248847 5112 7%
c - 251.97 85 24 0 341 232949 2 4189616 54215 1.2 18 14 8 15 14% 6458 248847 5112 7%
c - 252.22 85 23 0 342 232950 2 4208082 56682 1.3 18 14 8 15 14% 6458 248847 5112 7%
c u 252.51 94 22 0 342 232950 2 4215342 62373 1.3 17 14 8 15 14% 6462 248796 5112 7%
c v 252.65 95 22 0 342 232950 2 4215342 60510 1.3 17 14 8 15 14% 6462 248796 5112 7%
c w 252.67 95 22 0 342 232950 2 4215342 60419 1.3 17 14 8 15 14% 6462 248796 5112 7%
c = 253.35 74 22 0 342 232950 2 4215342 60419 1.3 17 14 8 15 14% 6476 248765 5105 7%
c d 253.36 74 22 0 342 232950 2 4215342 60416 1.3 17 14 8 15 14% 6460 248765 5105 7%
c t 253.38 74 22 0 342 232950 2 4215342 60416 1.3 17 14 8 15 14% 6455 248765 5105 7%
c u 253.55 74 22 0 342 232950 2 4215342 59907 1.3 17 14 8 15 14% 6457 248765 5105 7%
c v 253.68 74 22 0 342 232950 2 4215342 59358 1.3 17 14 8 15 14% 6457 248765 5105 7%
c w 253.69 74 22 0 342 232950 2 4215342 59347 1.3 17 14 8 15 14% 6457 248765 5105 7%
c = 254.37 80 22 0 342 232950 2 4215342 59347 1.3 17 14 8 15 14% 6465 248754 5101 7%
c
c seconds   switched       rate           size/glue  tier1     binary        remaining
c         MB  reductions      conflicts         size   tier2      irredundant
c          level     restarts        redundant     glue    trail         variables
c
c d 254.38 80 22 0 342 232950 2 4215342 59347 1.3 17 14 8 15 14% 6457 248754 5101 7%
c t 254.39 80 22 0 342 232950 2 4215342 59347 1.3 17 14 8 15 14% 6451 248754 5101 7%
c - 254.86 93 24 0 343 233435 2 4226576 58206 1.3 17 14 8 15 15% 6454 248754 5101 7%
c - 255.21 94 22 0 344 233436 2 4245096 61784 1.3 17 13 8 15 15% 6454 248754 5101 7%
c - 255.70 103 22 0 345 234153 2 4263644 66857 1.3 16 13 8 15 15% 6454 248754 5101 7%
c - 256.37 118 23 0 346 235498 3 4282219 69006 1.3 16 13 8 15 15% 6458 248754 5101 7%
c - 256.91 110 24 0 347 236905 3 4300820 69978 1.3 16 13 8 15 15% 6465 248753 5101 7%
c - 257.69 119 28 0 348 238849 3 4319447 72892 1.3 17 13 8 15 17% 6467 248753 5101 7%
c - 258.16 86 28 0 349 240366 3 4338101 73883 1.3 17 14 8 15 16% 6468 248753 5101 7%
c - 258.43 87 26 0 350 240469 3 4356783 74397 1.3 17 13 8 15 15% 6468 248753 5101 7%
c - 258.67 76 24 0 351 240650 3 4375492 74495 1.3 17 13 8 15 15% 6468 248753 5101 7%
c - 258.92 77 23 0 352 240805 2 4394226 73192 1.2 16 13 8 15 14% 6468 248753 5101 7%
c s 259.23 61 23 0 352 240805 2 4395216 73974 1.2 16 13 8 15 14% 6487 248136 5101 7%
c e 259.24 70 23 0 352 240805 2 4395216 73974 1.2 16 13 8 15 14% 6437 248579 5068 7%
c 2 259.24 70 23 0 352 240805 2 4395216 73974 1.2 16 13 8 15 14% 6433 248579 5068 7%
c s 259.55 70 23 0 352 240805 2 4395216 73974 1.2 16 13 8 15 14% 6443 248337 5068 7%
c e 259.56 70 23 0 352 240805 2 4395216 73974 1.2 16 13 8 15 14% 6433 248384 5065 7%
c - 259.93 72 22 0 353 242802 2 4412989 72000 1.2 16 13 8 15 14% 6433 248384 5065 7%
c u 260.38 82 23 0 353 243328 3 4421433 78819 1.2 17 13 8 15 15% 6443 248383 5065 7%
c v 260.49 84 23 0 353 243328 3 4421433 76335 1.2 17 13 8 15 15% 6443 248383 5065 7%
c
c seconds   switched       rate           size/glue  tier1     binary        remaining
c         MB  reductions      conflicts         size   tier2      irredundant
c          level     restarts        redundant     glue    trail         variables
c
c w 260.54 84 23 0 353 243328 3 4421433 76115 1.2 17 13 8 15 15% 6443 248383 5065 7%
c t 261.12 91 23 0 353 243328 3 4421433 76115 1.2 17 13 8 15 15% 6414 248383 5065 7%
c f 261.14 91 23 0 353 243328 3 4421433 76115 1.2 17 13 8 15 15% 6419 248283 5069 7%
c u 261.34 112 23 0 353 243328 3 4421433 73955 1.2 17 13 8 15 15% 6482 248283 5069 7%
c v 261.49 113 23 0 353 243328 3 4421433 73552 1.2 17 13 8 15 15% 6482 248283 5069 7%
c w 261.56 113 23 0 353 243328 3 4421433 73401 1.2 17 13 8 15 15% 6482 248283 5069 7%
c t 261.58 113 23 0 353 243328 3 4421433 73401 1.2 17 13 8 15 15% 6455 248283 5069 7%
c - 262.00 133 25 0 354 244159 3 4431779 70847 1.2 17 13 8 15 15% 6456 248283 5069 7%
c o 262.65 122 27 0 354 245217 3 4438984 77547 1.3 17 14 8 15 16% 6457 248282 5069 7%
c - 263.15 114 28 0 355 245895 3 4450593 73420 1.3 17 14 8 15 17% 6458 248282 5069 7%
c - 263.42 114 26 0 356 246175 3 4469437 72851 1.3 17 14 8 15 16% 6458 248282 5069 7%
c - 263.66 114 24 0 357 246269 3 4488304 72238 1.3 17 14 8 15 16% 6458 248282 5069 7%
c - 263.91 114 23 0 358 246433 2 4507198 72109 1.2 17 14 8 15 15% 6458 248282 5069 7%
c - 264.15 86 22 0 359 246546 2 4526118 71011 1.2 17 13 8 15 15% 6458 248282 5069 7%
c - 264.40 86 21 0 360 246607 2 4545066 69250 1.2 16 13 8 15 14% 6458 248282 5069 7%
c - 265.92 126 26 0 361 248631 3 4564047 71119 1.3 17 14 8 15 17% 6464 248281 5069 7%
c - 266.70 120 29 0 362 250294 3 4583047 73574 1.3 18 14 8 15 18% 6467 248281 5069 7%
c - 267.42 135 30 0 363 251474 3 4602073 74212 1.3 18 14 8 15 18% 6469 248280 5069 7%
c - 267.66 134 28 0 364 251541 3 4621125 73024 1.3 18 14 8 15 17% 6469 248280 5069 7%
c u 267.99 139 26 0 364 251588 3 4632931 77932 1.3 17 14 8 15 17% 6469 248280 5069 7%
c
c seconds    switched       rate           size/glue  tier1     binary        remaining
c          MB  reductions      conflicts         size   tier2      irredundant
c           level     restarts        redundant     glue    trail         variables
c
c v 268.10 115 26 0 364 251588 3 4632931 72046 1.3 17 14 8 15 17% 6469 248280 5069 7%
c w 268.12 115 26 0 364 251588 3 4632931 71557 1.3 17 14 8 15 17% 6469 248280 5069 7%
c = 268.79 124 26 0 364 251588 3 4632931 71557 1.3 17 14 8 15 17% 6477 248216 5058 7%
c d 268.80 124 26 0 364 251588 3 4632931 71555 1.3 17 14 8 15 17% 6475 248192 5058 7%
c t 268.81 124 26 0 364 251588 3 4632931 71555 1.3 17 14 8 15 17% 6464 248192 5058 7%
c u 269.02 100 26 0 364 251588 3 4632931 63859 1.3 17 14 8 15 17% 6464 248192 5058 7%
c v 269.09 100 26 0 364 251588 3 4632931 63275 1.3 17 14 8 15 17% 6464 248192 5058 7%
c w 269.10 100 26 0 364 251588 3 4632931 63257 1.3 17 14 8 15 17% 6464 248192 5058 7%
c = 269.80 100 26 0 364 251588 3 4632931 63257 1.3 17 14 8 15 17% 6473 248051 5036 7%
c d 269.81 100 26 0 364 251588 3 4632931 63251 1.3 17 14 8 15 17% 6491 247929 5036 7%
c t 269.82 100 26 0 364 251588 3 4632931 63251 1.3 17 14 8 15 17% 6484 247929 5034 7%
c - 270.41 87 29 0 365 252516 3 4640203 58699 1.3 18 14 8 15 18% 6420 247929 5034 7%
c - 270.65 79 27 0 366 252641 3 4659307 59561 1.3 17 14 8 15 17% 6420 247929 5034 7%
c - 270.91 79 25 0 367 252853 3 4678438 60024 1.3 17 14 8 15 16% 6420 247929 5034 7%
c - 271.17 80 23 0 368 253089 2 4697596 60447 1.2 17 14 8 15 15% 6420 247929 5034 7%
c - 271.47 80 22 0 369 253389 2 4716780 60642 1.2 17 14 8 15 15% 6420 247929 5034 7%
c - 271.71 64 21 0 370 253460 2 4735990 61011 1.2 17 14 8 15 14% 6420 247929 5034 7%
c o 271.93 65 20 0 370 253478 2 4754888 72926 1.2 16 13 8 15 13% 6420 247929 5034 7%
c - 271.99 70 20 0 371 253513 2 4755225 60895 1.2 16 13 8 15 14% 6420 247929 5034 7%
c - 272.35 72 20 0 372 254512 2 4774486 62120 1.3 17 13 8 15 14% 6420 247929 5034 7%
c
c seconds   switched       rate           size/glue  tier1     binary        remaining
c         MB  reductions      conflicts         size   tier2      irredundant
c          level     restarts        redundant     glue    trail         variables
c
c - 272.63 72 20 0 373 256923 2 4793774 60183 1.2 17 13 8 15 13% 6420 247929 5034 7%
c - 272.88 72 19 0 374 258368 2 4813088 57165 1.2 17 14 8 15 13% 6420 247929 5034 7%
c - 273.43 88 21 0 375 259693 2 4832428 56921 1.2 17 14 8 15 13% 6421 247928 5034 7%
c b 273.81 95 21 0 375 260372 2 4849869 70692 1.2 17 14 8 15 14% 6426 247914 5033 7%
c u 273.94 97 21 0 375 260372 2 4849869 70302 1.2 17 14 8 15 14% 6426 247914 5033 7%
c v 274.06 97 21 0 375 260372 2 4849869 63461 1.2 17 14 8 15 14% 6426 247914 5033 7%
c w 274.11 98 21 0 375 260372 2 4849869 62573 1.2 17 14 8 15 14% 6426 247914 5033 7%
c t 274.61 101 21 0 375 260372 2 4849869 62573 1.2 17 14 8 15 14% 6423 247909 5033 7%
c u 274.74 101 21 0 375 260372 2 4849869 61987 1.2 17 14 8 15 14% 6423 247909 5033 7%
c v 274.87 101 21 0 375 260372 2 4849869 61198 1.2 17 14 8 15 14% 6423 247909 5033 7%
c w 274.93 101 21 0 375 260372 2 4849869 61036 1.2 17 14 8 15 14% 6423 247909 5033 7%
c - 275.16 87 22 0 376 260654 2 4851793 54020 1.2 17 14 8 15 14% 6421 247909 5033 7%
c - 275.60 94 22 0 377 261049 2 4871184 55424 1.2 17 14 8 15 14% 6421 247909 5033 7%
c - 275.88 94 21 0 378 261251 2 4890601 53894 1.2 17 14 8 15 14% 6421 247909 5033 7%
c - 276.13 95 21 0 379 261501 2 4910045 50542 1.2 17 14 8 15 13% 6421 247909 5033 7%
c - 276.37 95 20 0 380 261642 2 4929514 49398 1.2 17 14 8 15 13% 6421 247909 5033 7%
c s 276.88 79 19 0 380 261751 2 4945748 60465 1.2 17 14 8 15 13% 6429 247745 5033 7%
c e 276.90 101 19 0 380 261751 2 4945748 60465 1.2 17 14 8 15 13% 6378 248051 5004 7%
c 2 276.90 101 19 0 380 261751 2 4945748 60465 1.2 17 14 8 15 13% 6377 248051 5004 7%
c s 277.20 101 19 0 380 261751 2 4945748 60465 1.2 17 14 8 15 13% 6379 247958 5004 7%
c
c seconds    switched       rate           size/glue  tier1     binary        remaining
c          MB  reductions      conflicts         size   tier2      irredundant
c           level     restarts        redundant     glue    trail         variables
c
c e 277.20 101 19 0 380 261751 2 4945748 60465 1.2 17 14 8 15 13% 6375 248005 5001 7%
c - 277.44 112 20 0 381 262237 2 4949008 49542 1.2 17 14 8 15 13% 6375 248005 5001 7%
c - 277.70 113 20 0 382 264787 2 4968527 49679 1.2 17 14 8 15 13% 6375 248005 5001 7%
c - 278.07 118 21 0 383 266371 2 4988071 50336 1.2 17 14 8 15 13% 6376 248005 5001 7%
c - 278.49 126 21 0 384 266666 2 5007644 48744 1.2 17 14 8 15 13% 6376 248005 5001 7%
c - 278.77 110 20 0 385 266857 2 5027240 46342 1.2 17 14 8 15 13% 6376 248005 5001 7%
c - 279.71 111 23 0 386 268405 2 5046861 46333 1.2 18 14 8 15 15% 6379 248005 5001 7%
c - 280.04 116 22 0 387 268501 2 5066507 46856 1.2 17 14 8 15 14% 6380 248005 5001 7%
c u 280.29 131 22 0 387 268503 2 5072260 50666 1.2 17 14 8 15 14% 6380 248005 5001 7%
c v 280.32 131 22 0 387 268503 2 5072260 47601 1.2 17 14 8 15 14% 6380 248005 5001 7%
c w 280.34 131 22 0 387 268503 2 5072260 47385 1.2 17 14 8 15 14% 6380 248005 5001 7%
c = 280.87 95 22 0 387 268503 2 5072260 47385 1.2 17 14 8 15 14% 6412 247906 4984 6%
c d 280.87 95 22 0 387 268503 2 5072260 47379 1.2 17 14 8 15 14% 6377 247903 4984 6%
c t 280.88 95 22 0 387 268503 2 5072260 47379 1.2 17 14 8 15 14% 6360 247903 4984 6%
c f 280.90 95 22 0 387 268503 2 5072260 47379 1.2 17 14 8 15 14% 6376 247744 4992 7%
c u 281.05 109 22 0 387 268503 2 5072260 46680 1.2 17 14 8 15 14% 6376 247744 4992 7%
c v 281.07 109 22 0 387 268503 2 5072260 46649 1.2 17 14 8 15 14% 6376 247744 4992 7%
c w 281.08 109 22 0 387 268503 2 5072260 46639 1.2 17 14 8 15 14% 6376 247744 4992 7%
c o 281.61 113 22 0 387 268503 2 5072260 46639 1.2 17 14 8 15 14% 6376 247744 4992 7%
c - 282.01 124 23 0 388 269189 2 5086179 48134 1.2 17 14 8 15 15% 6375 247744 4992 7%
c
c seconds    switched       rate           size/glue  tier1     binary        remaining
c          MB  reductions      conflicts         size   tier2      irredundant
c           level     restarts        redundant     glue    trail         variables
c
c - 282.32 114 22 0 389 270035 2 5105879 49861 1.2 17 14 8 15 14% 6375 247744 4992 7%
c - 282.57 115 21 0 390 270566 2 5125602 50445 1.2 17 14 8 15 14% 6375 247744 4992 7%
c - 283.27 128 24 0 391 271460 2 5145350 52240 1.2 17 14 8 15 15% 6378 247744 4992 7%
c - 283.96 143 25 0 392 272898 3 5165123 52844 1.2 18 14 8 15 16% 6383 247744 4992 7%
c - 284.20 101 24 0 393 275636 2 5184921 50423 1.2 18 15 8 15 15% 6383 247744 4992 7%
c - 284.63 110 24 0 394 276988 2 5204745 49276 1.2 18 15 8 15 14% 6383 247744 4992 7%
c - 284.95 111 23 0 395 277844 2 5224595 48966 1.2 18 15 8 15 14% 6383 247744 4992 7%
c - 285.25 79 23 0 396 278078 2 5244470 47765 1.2 18 15 9 15 14% 6383 247744 4992 7%
c - 285.53 79 22 0 397 278356 2 5264369 46999 1.2 18 15 9 15 14% 6383 247744 4992 7%
c - 285.82 80 21 0 398 278652 2 5284294 46833 1.2 18 15 9 15 14% 6383 247744 4992 7%
c u 286.16 86 21 0 398 278879 2 5300149 58218 1.2 18 15 9 15 13% 6386 247744 4992 7%
c v 286.23 88 21 0 398 278879 2 5300149 55452 1.2 18 15 9 15 13% 6386 247744 4992 7%
c w 286.28 88 21 0 398 278879 2 5300149 51292 1.2 18 15 9 15 13% 6386 247744 4992 7%
c t 286.38 79 21 0 398 278879 2 5300149 51292 1.2 18 15 9 15 13% 6381 247744 4992 7%
c - 286.56 99 22 0 399 278979 2 5304243 45921 1.2 18 15 9 15 14% 6383 247744 4992 7%
c - 287.61 138 27 0 400 280235 2 5324218 50578 1.2 18 15 9 15 16% 6388 247743 4992 7%
c - 287.86 139 25 0 401 280915 2 5344218 50942 1.2 18 15 9 15 15% 6388 247743 4992 7%
c - 288.08 139 24 0 402 281065 2 5364242 49156 1.2 18 15 9 15 14% 6388 247743 4992 7%
c - 288.45 118 24 0 403 281276 2 5384293 47821 1.2 18 15 9 15 14% 6388 247743 4992 7%
c - 288.72 119 23 0 404 281286 2 5404367 48137 1.2 18 15 9 15 14% 6388 247743 4992 7%
c
c seconds    switched       rate           size/glue  tier1     binary        remaining
c          MB  reductions      conflicts         size   tier2      irredundant
c           level     restarts        redundant     glue    trail         variables
c
c - 288.98 119 22 0 405 281286 2 5424467 48969 1.2 18 14 9 15 14% 6388 247743 4992 7%
c - 289.23 119 21 0 406 281316 2 5444591 49714 1.2 17 14 9 15 14% 6388 247743 4992 7%
c - 289.51 119 20 0 407 281398 2 5464741 49204 1.2 17 14 9 15 13% 6388 247743 4992 7%
c - 289.77 120 19 0 408 281461 2 5484915 49984 1.2 17 14 9 15 13% 6388 247743 4992 7%
c - 290.05 121 19 0 409 281562 2 5505119 51014 1.2 17 14 9 15 13% 6388 247743 4992 7%
c - 290.32 97 18 0 410 281713 2 5525342 51851 1.2 17 14 9 15 13% 6388 247743 4992 7%
c u 290.56 103 18 0 410 281732 2 5533545 57876 1.2 16 14 9 15 13% 6399 247743 4992 7%
c v 290.62 105 18 0 410 281732 2 5533545 53718 1.2 16 14 9 15 13% 6399 247743 4992 7%
c w 290.64 105 18 0 410 281732 2 5533545 53511 1.2 16 14 9 15 13% 6399 247743 4992 7%
c = 291.11 109 18 0 410 281732 2 5533545 53511 1.2 16 14 9 15 13% 6403 247670 4989 7%
c d 291.12 85 18 0 410 281732 2 5533545 53511 1.2 16 14 9 15 13% 6400 247668 4989 7%
c t 291.13 85 18 0 410 281732 2 5533545 53511 1.2 16 14 9 15 13% 6388 247668 4989 7%
c u 291.28 84 18 0 410 281732 2 5533545 45668 1.2 16 14 9 15 13% 6433 247668 4989 7%
c v 291.33 85 18 0 410 281732 2 5533545 45177 1.2 16 14 9 15 13% 6433 247668 4989 7%
c w 291.34 85 18 0 410 281732 2 5533545 45167 1.2 16 14 9 15 13% 6433 247668 4989 7%
c = 291.84 90 18 0 410 281732 2 5533545 45167 1.2 16 14 9 15 13% 6478 247594 4968 6%
c d 291.85 90 18 0 410 281732 2 5533545 45148 1.2 16 14 9 15 13% 6421 247588 4966 6%
c t 291.85 90 18 0 410 281732 2 5533545 45148 1.2 16 14 9 15 13% 6389 247588 4966 6%
c o 291.87 90 18 0 410 281732 2 5533545 45148 1.2 16 14 9 15 13% 6389 247588 4966 6%
c s 292.31 69 19 0 410 282040 2 5535424 46947 1.2 17 14 9 15 14% 6406 247183 4966 6%
c
c seconds   switched       rate           size/glue  tier1     binary        remaining
c         MB  reductions      conflicts         size   tier2      irredundant
c          level     restarts        redundant     glue    trail         variables
c
c e 292.32 73 19 0 410 282040 2 5535424 46947 1.2 17 14 9 15 14% 6357 247586 4938 6%
c 2 292.32 73 19 0 410 282040 2 5535424 46947 1.2 17 14 9 15 14% 6356 247586 4938 6%
c s 292.59 73 19 0 410 282040 2 5535424 46947 1.2 17 14 9 15 14% 6365 247387 4938 6%
c e 292.60 73 19 0 410 282040 2 5535424 46947 1.2 17 14 9 15 14% 6363 247400 4937 6%
c - 292.89 70 27 0 411 282305 2 5545592 47583 1.3 17 13 9 15 16% 6369 247400 4937 6%
c - 293.22 72 26 0 412 282944 2 5565866 47991 1.3 17 13 9 15 15% 6369 247400 4937 6%
c - 293.48 73 24 0 413 283276 2 5586164 49017 1.2 17 13 9 15 15% 6369 247400 4937 6%
c - 293.74 73 23 0 414 283544 2 5606487 48905 1.2 17 13 9 15 15% 6369 247400 4937 6%
c - 294.02 73 21 0 415 283743 2 5626833 49614 1.2 16 13 9 15 14% 6369 247400 4937 6%
c - 294.42 81 22 0 416 285547 2 5647204 51122 1.2 16 13 9 15 14% 6370 247400 4937 6%
c - 294.76 73 22 0 417 288962 2 5667603 49763 1.2 17 14 9 15 14% 6370 247400 4937 6%
c - 295.01 75 21 0 418 291114 2 5688024 48637 1.2 17 14 9 15 14% 6370 247400 4937 6%
c - 295.26 75 21 0 419 292902 2 5708469 44983 1.2 17 15 9 15 13% 6370 247400 4937 6%
c - 295.51 76 21 0 420 294075 2 5728938 43994 1.2 17 15 9 15 13% 6370 247400 4937 6%
c - 295.75 77 20 0 421 294862 2 5749433 43336 1.2 17 15 9 15 12% 6370 247400 4937 6%
c - 296.01 75 20 0 422 295368 2 5769951 41749 1.1 17 15 9 15 12% 6370 247400 4937 6%
c u 296.18 78 20 0 422 295480 2 5772467 38287 1.1 17 15 9 15 12% 6369 247400 4937 6%
c v 296.19 78 20 0 422 295480 2 5772467 37923 1.1 17 15 9 15 12% 6369 247400 4937 6%
c w 296.21 78 20 0 422 295480 2 5772467 37389 1.1 17 15 9 15 12% 6369 247400 4937 6%
c = 296.68 83 20 0 422 295480 2 5772467 37389 1.1 17 15 9 15 12% 6369 247334 4930 6%
c
c seconds   switched       rate           size/glue  tier1     binary        remaining
c         MB  reductions      conflicts         size   tier2      irredundant
c          level     restarts        redundant     glue    trail         variables
c
c t 296.69 83 20 0 422 295480 2 5772467 37389 1.1 17 15 9 15 12% 6358 247300 4930 6%
c f 296.70 83 20 0 422 295480 2 5772467 37389 1.1 17 15 9 15 12% 6366 247217 4934 6%
c u 296.83 95 20 0 422 295480 2 5772467 37150 1.1 17 15 9 15 12% 6366 247217 4934 6%
c v 296.85 96 20 0 422 295480 2 5772467 36886 1.1 17 15 9 15 12% 6366 247217 4934 6%
c w 296.86 96 20 0 422 295480 2 5772467 36816 1.1 17 15 9 15 12% 6366 247217 4934 6%
c = 297.33 100 20 0 422 295480 2 5772467 36816 1.1 17 15 9 15 12% 6376 247203 4929 6%
c d 297.34 100 20 0 422 295480 2 5772467 36815 1.1 17 15 9 15 12% 6364 247203 4929 6%
c t 297.35 100 20 0 422 295480 2 5772467 36815 1.1 17 15 9 15 12% 6359 247203 4929 6%
c - 297.91 98 22 0 423 296840 2 5790494 33990 1.2 18 15 9 15 13% 6353 247203 4929 6%
c - 298.16 98 21 0 424 297142 2 5811060 33393 1.2 18 15 9 15 13% 6353 247203 4929 6%
c - 298.58 99 22 0 425 297655 2 5831652 33310 1.2 18 15 9 15 13% 6353 247203 4929 6%
c - 298.82 99 22 0 426 297866 2 5852272 33255 1.2 18 15 9 15 13% 6353 247203 4929 6%
c - 299.05 58 21 0 427 298067 2 5872911 33169 1.2 18 15 9 15 12% 6353 247203 4929 6%
c - 299.28 61 21 0 428 298262 2 5893574 33087 1.2 18 16 9 15 12% 6353 247203 4929 6%
c - 299.51 61 20 0 429 298356 2 5914262 33328 1.2 18 15 9 15 12% 6353 247203 4929 6%
c - 299.74 62 20 0 430 298535 2 5934974 31635 1.2 18 16 9 15 12% 6353 247203 4929 6%
c - 299.96 62 20 0 431 298613 1 5955710 27970 1.2 18 15 9 15 11% 6353 247203 4929 6%
c - 300.19 62 19 0 432 298688 1 5976472 27015 1.2 18 15 9 15 11% 6353 247203 4929 6%
c - 300.42 63 19 0 433 298864 1 5997256 26515 1.2 18 15 9 15 11% 6353 247203 4929 6%
c u 300.77 66 19 0 433 299268 1 6016923 41788 1.2 18 15 9 15 11% 6353 247203 4929 6%
c
c seconds   switched       rate           size/glue  tier1     binary        remaining
c         MB  reductions      conflicts         size   tier2      irredundant
c          level     restarts        redundant     glue    trail         variables
c
c v 300.86 67 19 0 433 299268 1 6016923 35925 1.2 18 15 9 15 11% 6353 247203 4929 6%
c w 300.91 67 19 0 433 299268 1 6016923 31148 1.2 18 15 9 15 11% 6353 247203 4929 6%
c = 301.37 73 19 0 433 299268 1 6016923 31148 1.2 18 15 9 15 11% 6355 247200 4928 6%
c d 301.37 73 19 0 433 299268 1 6016923 31148 1.2 18 15 9 15 11% 6352 247200 4928 6%
c u 301.51 73 19 0 433 299268 1 6016923 30837 1.2 18 15 9 15 11% 6352 247200 4928 6%
c v 301.56 73 19 0 433 299268 1 6016923 28636 1.2 18 15 9 15 11% 6352 247200 4928 6%
c w 301.59 73 19 0 433 299268 1 6016923 28521 1.2 18 15 9 15 11% 6352 247200 4928 6%
c o 302.04 73 19 0 433 299268 1 6016923 28521 1.2 18 15 9 15 11% 6352 247200 4928 6%
c - 302.11 63 20 0 434 299304 1 6018064 22896 1.2 18 15 9 15 12% 6352 247200 4928 6%
c - 302.43 66 20 0 435 299432 1 6038897 26843 1.2 18 15 9 15 12% 6352 247200 4928 6%
c - 302.67 57 20 0 436 299450 1 6059753 28893 1.2 18 15 9 15 12% 6352 247200 4928 6%
c - 303.01 62 20 0 437 300420 1 6080633 31156 1.2 18 15 9 15 12% 6353 247200 4928 6%
c - 303.26 63 20 0 438 301322 1 6101537 31657 1.2 18 15 9 15 12% 6353 247200 4928 6%
c - 303.51 63 20 0 439 301808 1 6122465 31440 1.2 18 15 9 15 12% 6353 247200 4928 6%
c - 303.80 64 19 0 440 302225 1 6143417 31271 1.2 18 15 9 15 11% 6353 247200 4928 6%
c - 304.02 64 19 0 441 302482 1 6164393 31067 1.2 17 15 9 15 11% 6353 247200 4928 6%
c s 304.25 64 19 0 441 302498 1 6165057 31594 1.2 17 15 9 15 11% 6359 247113 4928 6%
c e 304.26 71 19 0 441 302498 1 6165057 31594 1.2 17 15 9 15 11% 6329 247262 4904 6%
c s 304.51 71 19 0 441 302498 1 6165057 31594 1.2 17 15 9 15 11% 6332 247165 4904 6%
c e 304.52 71 19 0 441 302498 1 6165057 31594 1.2 17 15 9 15 11% 6331 247179 4903 6%
c
c seconds   switched       rate           size/glue  tier1     binary        remaining
c         MB  reductions      conflicts         size   tier2      irredundant
c          level     restarts        redundant     glue    trail         variables
c
c - 304.94 65 20 0 442 303092 1 6185394 26847 1.2 18 15 9 15 12% 6332 247179 4903 6%
c - 305.58 61 24 0 443 303839 2 6206420 30113 1.2 18 15 9 15 14% 6332 247179 4903 6%
c - 305.96 67 25 0 444 303981 2 6227467 33094 1.2 18 15 9 15 14% 6335 247179 4903 6%
c - 306.22 58 24 0 445 304035 2 6248538 33703 1.2 18 14 9 15 14% 6335 247179 4903 6%
c u 306.57 66 23 0 445 304156 2 6266963 46448 1.2 18 14 9 15 14% 6337 247179 4903 6%
c v 306.68 68 23 0 445 304156 2 6266963 38795 1.2 18 14 9 15 14% 6337 247179 4903 6%
c w 306.73 68 23 0 445 304156 2 6266963 37418 1.2 18 14 9 15 14% 6337 247179 4903 6%
c t 306.74 68 23 0 445 304156 2 6266963 37418 1.2 18 14 9 15 14% 6329 247179 4903 6%
c f 306.75 68 23 0 445 304156 2 6266963 37418 1.2 18 14 9 15 14% 6335 247099 4907 6%
c u 306.94 86 23 0 445 304156 2 6266963 36917 1.2 18 14 9 15 14% 6340 247099 4907 6%
c v 307.03 87 23 0 445 304156 2 6266963 36021 1.2 18 14 9 15 14% 6340 247099 4907 6%
c w 307.04 87 23 0 445 304156 2 6266963 35995 1.2 18 14 9 15 14% 6340 247099 4907 6%
c = 307.55 91 23 0 445 304156 2 6266963 35995 1.2 18 14 9 15 14% 6342 247099 4906 6%
c d 307.56 91 23 0 445 304156 2 6266963 35995 1.2 18 14 9 15 14% 6339 247099 4906 6%
c t 307.56 91 23 0 445 304156 2 6266963 35995 1.2 18 14 9 15 14% 6338 247099 4906 6%
c - 307.75 96 24 0 446 304346 2 6269633 32380 1.2 18 14 9 15 14% 6338 247099 4906 6%
c - 308.59 116 27 0 447 305212 2 6290751 41809 1.3 18 14 9 15 16% 6341 247099 4906 6%
c - 309.58 115 30 0 448 306685 3 6311894 46786 1.3 19 14 9 15 18% 6347 247098 4906 6%
c - 309.83 115 27 0 449 306798 2 6333060 48875 1.3 18 14 9 15 17% 6347 247098 4906 6%
c - 310.10 115 25 0 450 306906 2 6354251 49494 1.3 18 14 9 15 16% 6347 247098 4906 6%
c
c seconds    switched       rate           size/glue  tier1     binary        remaining
c          MB  reductions      conflicts         size   tier2      irredundant
c           level     restarts        redundant     glue    trail         variables
c
c - 310.34 116 23 0 451 307059 2 6375466 49893 1.3 17 14 9 15 16% 6347 247098 4906 6%
c - 310.62 116 22 0 452 307122 2 6396702 51556 1.3 17 13 9 15 15% 6347 247098 4906 6%
c o 310.71 116 21 0 452 307123 2 6404837 56420 1.2 17 13 9 15 15% 6347 247098 4906 6%
c - 310.94 123 21 0 453 308377 2 6417963 53018 1.2 17 14 9 15 15% 6348 247098 4906 6%
c - 311.21 123 21 0 454 309553 2 6439248 52707 1.2 17 14 9 15 14% 6348 247098 4906 6%
c - 311.53 129 20 0 455 310133 2 6460556 53068 1.2 17 14 9 15 13% 6348 247098 4906 6%
c - 311.78 129 20 0 456 310133 2 6481888 54325 1.2 17 13 9 15 13% 6348 247098 4906 6%
c - 312.31 146 21 0 457 312822 2 6503242 56508 1.2 17 14 9 15 13% 6350 247098 4906 6%
c u 313.01 150 22 0 457 314947 2 6522582 70257 1.2 17 14 9 15 14% 6375 247097 4906 6%
c v 313.11 153 22 0 457 314947 2 6522582 67159 1.2 17 14 9 15 14% 6375 247097 4906 6%
c w 313.16 153 22 0 457 314947 2 6522582 64551 1.2 17 14 9 15 14% 6375 247097 4906 6%
c = 313.85 164 22 0 457 314947 2 6522582 64551 1.2 17 14 9 15 14% 6383 247084 4902 6%
c d 313.87 164 22 0 457 314947 2 6522582 64549 1.2 17 14 9 15 14% 6370 247083 4901 6%
c t 313.88 164 22 0 457 314947 2 6522582 64549 1.2 17 14 9 15 14% 6363 247083 4901 6%
c u 314.05 165 22 0 457 314947 2 6522582 58319 1.2 17 14 9 15 14% 6363 247083 4901 6%
c v 314.25 141 22 0 457 314947 2 6522582 57155 1.2 17 14 9 15 14% 6363 247083 4901 6%
c w 314.33 141 22 0 457 314947 2 6522582 56476 1.2 17 14 9 15 14% 6363 247083 4901 6%
c - 315.16 159 24 0 458 315183 2 6524619 49746 1.2 17 14 9 15 14% 6365 247083 4901 6%
c - 316.24 181 28 0 459 317082 3 6546019 55580 1.2 18 14 9 15 16% 6373 247083 4901 6%
c - 316.55 182 26 0 460 317273 2 6567443 56888 1.2 17 14 9 15 15% 6373 247083 4901 6%
c
c seconds    switched       rate           size/glue  tier1     binary        remaining
c          MB  reductions      conflicts         size   tier2      irredundant
c           level     restarts        redundant     glue    trail         variables
c
c - 316.85 183 24 0 461 317308 2 6588891 57569 1.2 17 14 9 15 14% 6373 247083 4901 6%
c - 317.11 138 23 0 462 317364 2 6610361 58276 1.2 17 14 9 15 14% 6373 247083 4901 6%
c - 317.54 146 22 0 463 317575 2 6631855 60281 1.2 17 14 9 15 13% 6373 247083 4901 6%
c - 317.86 148 21 0 464 320745 2 6653373 61178 1.2 17 14 9 15 13% 6373 247083 4901 6%
c - 318.17 84 21 0 465 322843 2 6674913 61195 1.2 17 14 9 15 13% 6373 247083 4901 6%
c - 318.51 84 20 0 466 323964 2 6696478 60561 1.2 17 15 9 15 12% 6373 247083 4901 6%
c - 318.81 84 20 0 467 324670 2 6718070 59438 1.2 17 15 9 15 12% 6373 247083 4901 6%
c - 320.24 103 29 0 468 326187 3 6739680 62884 1.2 18 15 9 15 16% 6374 247083 4901 6%
c o 320.61 113 29 0 468 326774 3 6757479 77629 1.2 18 15 9 15 16% 6374 247083 4901 6%
c - 320.88 124 30 0 469 327037 3 6761313 64881 1.2 18 15 9 15 17% 6374 247083 4901 6%
c - 321.20 84 28 0 470 327191 2 6782969 64900 1.2 18 15 9 15 16% 6374 247083 4901 6%
c u 321.42 89 27 0 470 327191 2 6783836 59737 1.2 18 15 9 15 16% 6374 247083 4901 6%
c v 321.43 89 27 0 470 327191 2 6783836 59324 1.2 18 15 9 15 16% 6374 247083 4901 6%
c w 321.44 89 27 0 470 327191 2 6783836 59283 1.2 18 15 9 15 16% 6374 247083 4901 6%
c t 321.45 89 27 0 470 327191 2 6783836 59283 1.2 18 15 9 15 16% 6370 247083 4901 6%
c - 321.78 97 26 0 471 327811 2 6804649 59314 1.2 18 15 9 15 15% 6370 247083 4901 6%
c - 322.08 73 25 0 472 328202 2 6826355 59494 1.2 18 15 9 15 14% 6370 247083 4901 6%
c s 322.55 73 24 0 472 328321 2 6835492 66131 1.2 18 15 9 15 14% 6375 247017 4901 6%
c e 322.56 79 24 0 472 328321 2 6835492 66131 1.2 18 15 9 15 14% 6368 247081 4896 6%
c 2 322.56 79 24 0 472 328321 2 6835492 66131 1.2 18 15 9 15 14% 6367 247081 4896 6%
c
c seconds   switched       rate           size/glue  tier1     binary        remaining
c         MB  reductions      conflicts         size   tier2      irredundant
c          level     restarts        redundant     glue    trail         variables
c
c s 322.88 79 24 0 472 328321 2 6835492 66131 1.2 18 15 9 15 14% 6368 247062 4896 6%
c e 322.89 79 24 0 472 328321 2 6835492 66131 1.2 18 15 9 15 14% 6366 247089 4894 6%
c - 323.34 94 25 0 473 328533 2 6848081 61537 1.2 18 15 9 15 14% 6366 247089 4894 6%
c - 323.84 103 25 0 474 328748 2 6869830 64872 1.3 19 14 9 15 15% 6367 247089 4894 6%
c - 324.57 104 29 0 475 329661 2 6891602 68252 1.3 19 14 9 15 16% 6368 247089 4894 6%
c - 324.87 84 26 0 476 329976 2 6913397 68169 1.3 19 14 9 15 15% 6368 247089 4894 6%
c - 325.20 85 24 0 477 330219 2 6935215 66616 1.3 18 14 9 15 15% 6368 247089 4894 6%
c - 325.53 85 23 0 478 330573 2 6957056 60789 1.3 18 14 9 15 14% 6368 247089 4894 6%
c - 325.85 69 22 0 479 330884 2 6978919 56972 1.2 18 14 9 15 14% 6368 247089 4894 6%
c - 326.12 69 21 0 480 330933 2 7000806 56315 1.2 17 14 9 15 14% 6368 247089 4894 6%
c - 326.40 69 20 0 481 331067 2 7022715 56250 1.2 17 14 9 15 14% 6368 247089 4894 6%
c - 326.73 69 19 0 482 331313 1 7044648 56819 1.2 17 14 9 15 13% 6368 247089 4894 6%
c u 326.99 84 19 0 482 331337 1 7050725 59995 1.2 17 14 9 15 13% 6368 247089 4894 6%
c v 327.05 84 19 0 482 331337 1 7050725 57586 1.2 17 14 9 15 13% 6368 247089 4894 6%
c w 327.07 84 19 0 482 331337 1 7050725 57347 1.2 17 14 9 15 13% 6368 247089 4894 6%
c = 327.66 90 19 0 482 331337 1 7050725 57347 1.2 17 14 9 15 13% 6376 247079 4890 6%
c d 327.66 90 19 0 482 331337 1 7050725 57342 1.2 17 14 9 15 13% 6364 247079 4890 6%
c t 327.68 90 19 0 482 331337 1 7050725 57342 1.2 17 14 9 15 13% 6360 247079 4890 6%
c f 327.69 90 19 0 482 331337 1 7050725 57342 1.2 17 14 9 15 13% 6362 247060 4891 6%
c u 327.85 104 19 0 482 331337 1 7050725 56596 1.2 17 14 9 15 13% 6362 247060 4891 6%
c
c seconds    switched       rate           size/glue  tier1     binary        remaining
c          MB  reductions      conflicts         size   tier2      irredundant
c           level     restarts        redundant     glue    trail         variables
c
c v 327.90 104 19 0 482 331337 1 7050725 56444 1.2 17 14 9 15 13% 6362 247060 4891 6%
c w 327.91 104 19 0 482 331337 1 7050725 56436 1.2 17 14 9 15 13% 6362 247060 4891 6%
c = 328.50 109 19 0 482 331337 1 7050725 56436 1.2 17 14 9 15 13% 6374 247043 4886 6%
c d 328.51 109 19 0 482 331337 1 7050725 56436 1.2 17 14 9 15 13% 6362 247043 4886 6%
c t 328.52 109 19 0 482 331337 1 7050725 56436 1.2 17 14 9 15 13% 6350 247043 4886 6%
c - 329.01 107 22 0 483 332112 2 7066602 57477 1.2 17 14 9 15 14% 6353 247043 4886 6%
c - 329.30 108 21 0 484 332164 2 7088579 59339 1.2 17 14 9 15 14% 6353 247043 4886 6%
c - 329.59 80 20 0 485 332294 2 7110580 60023 1.2 17 14 9 15 14% 6353 247043 4886 6%
c - 329.87 80 19 0 486 332363 2 7132602 60616 1.2 16 14 9 15 14% 6353 247043 4886 6%
c - 330.13 80 18 0 487 332501 1 7154647 61469 1.2 16 13 9 15 13% 6353 247043 4886 6%
c - 330.48 69 18 0 488 333030 2 7176715 61158 1.2 16 13 9 15 13% 6353 247043 4886 6%
c - 330.79 70 18 0 489 333316 2 7198806 60076 1.2 16 13 9 15 13% 6353 247043 4886 6%
c - 331.09 70 17 0 490 333573 1 7220920 57059 1.2 16 13 9 15 12% 6353 247043 4886 6%
c - 331.37 70 17 0 491 333635 1 7243056 57251 1.2 16 13 9 15 12% 6353 247043 4886 6%
c o 331.43 70 17 0 491 333644 1 7248860 60916 1.2 16 13 9 15 12% 6353 247043 4886 6%
c - 332.17 99 20 0 492 334773 2 7265214 60796 1.2 16 13 9 15 13% 6357 247043 4886 6%
c - 332.50 99 19 0 493 335380 2 7287401 62849 1.2 16 13 9 15 13% 6357 247043 4886 6%
c - 333.12 92 20 0 494 336705 2 7309604 64225 1.2 16 13 9 15 14% 6357 247043 4886 6%
c u 333.66 103 21 0 494 337140 2 7323272 73686 1.2 16 13 9 15 14% 6357 247043 4886 6%
c v 333.81 103 21 0 494 337140 2 7323272 68670 1.2 16 13 9 15 14% 6357 247043 4886 6%
c
c seconds    switched       rate           size/glue  tier1     binary        remaining
c          MB  reductions      conflicts         size   tier2      irredundant
c           level     restarts        redundant     glue    trail         variables
c
c w 333.88 103 21 0 494 337140 2 7323272 68544 1.2 16 13 9 15 14% 6357 247043 4886 6%
c = 334.44 91 21 0 494 337140 2 7323272 68544 1.2 16 13 9 15 14% 6359 247040 4885 6%
c d 334.44 91 21 0 494 337140 2 7323272 68541 1.2 16 13 9 15 14% 6356 247040 4885 6%
c t 334.45 91 21 0 494 337140 2 7323272 68541 1.2 16 13 9 15 14% 6352 247040 4885 6%
c u 334.64 92 21 0 494 337140 2 7323272 68018 1.2 16 13 9 15 14% 6352 247040 4885 6%
c v 334.78 92 21 0 494 337140 2 7323272 67830 1.2 16 13 9 15 14% 6352 247040 4885 6%
c w 334.92 92 21 0 494 337140 2 7323272 67223 1.2 16 13 9 15 14% 6352 247040 4885 6%
c = 335.50 76 21 0 494 337140 2 7323272 67223 1.2 16 13 9 15 14% 6371 247005 4876 6%
c d 335.50 76 21 0 494 337140 2 7323272 67220 1.2 16 13 9 15 14% 6351 247005 4876 6%
c t 335.52 76 21 0 494 337140 2 7323272 67220 1.2 16 13 9 15 14% 6341 247005 4876 6%
c - 336.04 86 22 0 495 338315 2 7331830 65614 1.2 17 14 9 15 15% 6342 247005 4876 6%
c - 336.66 100 23 0 496 339266 2 7354078 69767 1.2 17 14 9 15 15% 6343 247005 4876 6%
c - 337.02 93 22 0 497 341161 2 7376350 70444 1.2 17 14 9 15 14% 6343 247005 4876 6%
c - 337.77 128 23 0 498 342331 2 7398643 73419 1.2 17 14 9 15 15% 6348 247005 4876 6%
c - 338.09 105 22 0 499 345133 2 7420958 69853 1.2 17 14 9 15 14% 6348 247005 4876 6%
c - 338.49 109 22 0 500 345821 2 7443297 68758 1.2 17 14 9 15 14% 6348 247005 4876 6%
c - 338.85 109 21 0 501 345942 2 7465657 68844 1.2 17 14 9 15 14% 6348 247005 4876 6%
c - 339.21 86 20 0 502 346099 2 7488041 68793 1.2 17 14 9 15 14% 6348 247005 4876 6%
c - 339.59 86 20 0 503 346364 2 7510446 69065 1.2 17 14 9 15 14% 6348 247005 4876 6%
c - 339.91 86 19 0 504 346449 2 7532873 67464 1.2 17 14 9 15 13% 6348 247005 4876 6%
c
c seconds   switched       rate           size/glue  tier1     binary        remaining
c         MB  reductions      conflicts         size   tier2      irredundant
c          level     restarts        redundant     glue    trail         variables
c
c s 340.47 62 19 0 504 346652 2 7547557 77965 1.2 17 14 9 15 13% 6352 246814 4876 6%
c e 340.48 70 19 0 504 346652 2 7547557 77965 1.2 17 14 9 15 13% 6336 246972 4865 6%
c 2 340.48 70 19 0 504 346652 2 7547557 77965 1.2 17 14 9 15 13% 6335 246972 4865 6%
c s 340.79 70 19 0 504 346652 2 7547557 77965 1.2 17 14 9 15 13% 6348 246820 4865 6%
c - 341.11 82 25 0 505 347084 2 7555323 66262 1.2 17 14 9 15 15% 6356 246818 4865 6%
c - 341.49 83 24 0 506 349881 2 7577795 60136 1.2 17 14 9 15 14% 6356 246818 4865 6%
c - 341.82 79 31 0 507 350931 2 7600290 64513 1.2 17 14 9 15 15% 6361 246818 4865 6%
c u 342.07 78 31 0 507 350931 2 7601480 64430 1.2 17 14 9 15 15% 6369 246818 4865 6%
c v 342.09 80 31 0 507 350931 2 7601480 64427 1.2 17 14 9 15 15% 6369 246818 4865 6%
c = 342.81 69 31 0 507 350931 2 7601480 64427 1.2 17 14 9 15 15% 6371 246762 4862 6%
c d 342.82 69 31 0 507 350931 2 7601480 64427 1.2 17 14 9 15 15% 6372 246759 4862 6%
c t 342.83 69 31 0 507 350931 2 7601480 64427 1.2 17 14 9 15 15% 6352 246759 4862 6%
c f 342.85 69 31 0 507 350931 2 7601480 64427 1.2 17 14 9 15 15% 6354 246740 4863 6%
c u 343.05 86 31 0 507 350931 2 7601480 52161 1.2 17 14 9 15 15% 6379 246740 4863 6%
c v 343.06 87 31 0 507 350931 2 7601480 52159 1.2 17 14 9 15 15% 6379 246740 4863 6%
c = 343.79 92 31 0 507 350931 2 7601480 52159 1.2 17 14 9 15 15% 6379 246726 4862 6%
c t 343.80 92 31 0 507 350931 2 7601480 52159 1.2 17 14 9 15 15% 6373 246723 4862 6%
c o 344.05 69 32 0 507 352133 2 7610740 59277 1.2 17 14 9 15 15% 6373 246723 4862 6%
c - 344.35 79 31 0 508 352435 2 7622806 54841 1.2 17 14 9 15 15% 6371 246723 4862 6%
c - 344.71 79 28 0 509 352574 2 7645344 55997 1.2 17 14 9 15 14% 6371 246723 4862 6%
c
c seconds   switched       rate           size/glue  tier1     binary        remaining
c         MB  reductions      conflicts         size   tier2      irredundant
c          level     restarts        redundant     glue    trail         variables
c
c - 345.02 80 26 0 510 352658 2 7667907 57004 1.2 17 14 9 15 14% 6371 246723 4862 6%
c - 345.33 80 24 0 511 352727 2 7690490 57576 1.2 17 14 9 15 13% 6371 246723 4862 6%
c - 345.67 81 22 0 512 352823 2 7713095 58857 1.2 16 13 9 15 13% 6371 246723 4862 6%
c - 346.01 70 21 0 513 353116 2 7735722 59724 1.2 16 13 9 15 13% 6371 246723 4862 6%
c - 346.32 70 20 0 514 353296 2 7758372 57756 1.2 16 13 9 15 12% 6371 246723 4862 6%
c - 346.61 70 19 0 515 353470 1 7781045 58235 1.2 16 13 9 15 12% 6371 246723 4862 6%
c - 346.92 70 18 0 516 353505 1 7803739 59581 1.2 16 13 9 15 12% 6371 246723 4862 6%
c - 347.53 87 19 0 517 354126 2 7826455 63271 1.2 16 13 9 15 13% 6373 246723 4862 6%
c - 347.87 88 18 0 518 354363 2 7849193 66775 1.2 16 13 9 15 12% 6373 246723 4862 6%
c - 348.24 88 18 0 519 354637 2 7871952 69023 1.2 16 13 9 15 12% 6373 246723 4862 6%
c u 348.61 92 17 0 519 354663 1 7885383 73654 1.2 16 13 9 15 12% 6373 246723 4862 6%
c v 348.68 92 17 0 519 354663 1 7885383 67665 1.2 16 13 9 15 12% 6373 246723 4862 6%
c w 348.69 92 17 0 519 354663 1 7885383 67576 1.2 16 13 9 15 12% 6373 246723 4862 6%
c = 349.24 82 17 0 519 354663 1 7885383 67576 1.2 16 13 9 15 12% 6388 246693 4855 6%
c d 349.24 82 17 0 519 354663 1 7885383 67573 1.2 16 13 9 15 12% 6371 246693 4855 6%
c t 349.25 82 17 0 519 354663 1 7885383 67573 1.2 16 13 9 15 12% 6364 246693 4855 6%
c u 349.37 83 17 0 519 354663 1 7885383 56311 1.2 16 13 9 15 12% 6364 246693 4855 6%
c v 349.43 83 17 0 519 354663 1 7885383 56019 1.2 16 13 9 15 12% 6364 246693 4855 6%
c w 349.44 83 17 0 519 354663 1 7885383 56017 1.2 16 13 9 15 12% 6364 246693 4855 6%
c x 349.60 90 17 0 519 354663 1 7885383 56017 1.2 16 13 9 15 12% 6364 246693 4855 6%
c
c seconds   switched       rate           size/glue  tier1     binary        remaining
c         MB  reductions      conflicts         size   tier2      irredundant
c          level     restarts        redundant     glue    trail         variables
c
c = 350.16 90 17 0 519 354663 1 7885383 56017 1.2 16 13 9 15 12% 6364 246683 4854 6%
c - 350.39 90 18 0 520 355380 2 7894734 55035 1.2 16 13 9 15 12% 6361 246680 4854 6%
c - 350.79 82 18 0 521 356974 2 7917537 58049 1.2 16 13 9 15 12% 6361 246680 4854 6%
c - 351.13 82 17 0 522 357985 2 7940362 59465 1.2 16 13 9 15 12% 6361 246680 4854 6%
c - 351.53 82 17 0 523 359654 2 7963210 58856 1.2 16 13 9 15 12% 6361 246680 4854 6%
c - 351.86 69 17 0 524 360026 1 7986081 59037 1.2 16 13 9 15 12% 6361 246680 4854 6%
c - 352.19 69 16 0 525 360256 1 8008972 59277 1.2 16 13 9 15 12% 6361 246680 4854 6%
c o 352.21 69 16 0 525 360258 1 8010534 60096 1.2 16 13 9 15 12% 6361 246680 4854 6%
c - 352.78 84 18 0 526 361757 2 8031884 58474 1.2 16 13 9 15 12% 6365 246680 4854 6%
c - 353.14 85 18 0 527 362223 2 8054818 57559 1.2 16 13 9 15 13% 6366 246680 4854 6%
c - 353.51 86 18 0 528 362840 2 8077774 57296 1.2 16 13 9 15 13% 6366 246680 4854 6%
c - 353.81 70 18 0 529 363088 2 8100752 55606 1.2 16 13 9 15 13% 6366 246680 4854 6%
c - 354.16 70 17 0 530 363412 2 8123754 56038 1.2 16 13 9 15 13% 6366 246680 4854 6%
c - 354.53 76 18 0 531 365598 2 8146775 56570 1.2 16 13 9 15 13% 6367 246679 4854 6%
c - 354.79 76 18 0 532 367555 2 8169818 56660 1.2 16 14 9 15 12% 6367 246679 4854 6%
c u 355.01 79 18 0 532 367956 2 8174993 59525 1.2 16 14 9 15 12% 6367 246679 4854 6%
c v 355.06 79 18 0 532 367956 2 8174993 57280 1.2 16 14 9 15 12% 6367 246679 4854 6%
c w 355.09 79 18 0 532 367956 2 8174993 56604 1.2 16 14 9 15 12% 6367 246679 4854 6%
c t 355.71 84 18 0 532 367956 2 8174993 56604 1.2 16 14 9 15 12% 6365 246679 4854 6%
c - 356.42 105 20 0 533 370171 2 8192883 57381 1.2 17 14 9 15 13% 6368 246679 4854 6%
c
c seconds    switched       rate           size/glue  tier1     binary        remaining
c          MB  reductions      conflicts         size   tier2      irredundant
c           level     restarts        redundant     glue    trail         variables
c
c - 356.90 112 21 0 534 373078 2 8215970 58420 1.2 17 14 9 15 13% 6374 246678 4854 6%
c - 357.27 99 21 0 535 373924 2 8239079 58370 1.2 17 15 9 15 13% 6374 246678 4854 6%
c - 357.61 99 20 0 536 374154 2 8262210 54939 1.2 17 15 9 15 13% 6374 246678 4854 6%
c - 357.91 99 19 0 537 374527 2 8285361 54271 1.2 17 15 9 15 12% 6374 246678 4854 6%
c s 358.51 82 20 0 537 375038 2 8301953 67359 1.2 17 15 9 15 12% 6381 246529 4854 6%
c e 358.52 88 20 0 537 375038 2 8301953 67359 1.2 17 15 9 15 12% 6352 246711 4839 6%
c 2 358.52 88 20 0 537 375038 2 8301953 67359 1.2 17 15 9 15 12% 6350 246711 4839 6%
c s 358.84 88 20 0 537 375038 2 8301953 67359 1.2 17 15 9 15 12% 6352 246641 4839 6%
c - 359.22 104 22 0 538 375644 2 8308534 51293 1.2 17 15 9 15 13% 6353 246641 4839 6%
c - 359.69 127 22 0 539 376903 2 8331728 48970 1.2 18 15 9 15 13% 6354 246640 4839 6%
c - 360.03 128 21 0 540 377630 2 8354944 48156 1.2 18 15 9 15 13% 6354 246640 4839 6%
c - 360.32 128 21 0 541 378168 2 8378181 48095 1.2 18 15 9 15 12% 6354 246640 4839 6%
c - 360.59 129 20 0 542 378565 2 8401440 48170 1.2 18 15 9 15 12% 6354 246640 4839 6%
c - 360.88 129 20 0 543 378856 2 8424722 48026 1.2 18 15 9 15 12% 6354 246640 4839 6%
c - 361.17 106 20 0 544 379040 2 8448024 48092 1.2 18 15 9 15 12% 6354 246640 4839 6%
c u 361.60 111 19 0 544 379206 2 8470316 64260 1.2 18 15 9 15 11% 6354 246640 4839 6%
c v 361.65 112 19 0 544 379206 2 8470316 54252 1.2 18 15 9 15 11% 6354 246640 4839 6%
c w 361.68 112 19 0 544 379206 2 8470316 49344 1.2 18 15 9 15 11% 6354 246640 4839 6%
c t 361.69 112 19 0 544 379206 2 8470316 49344 1.2 18 15 9 15 11% 6343 246640 4839 6%
c f 361.70 112 19 0 544 379206 2 8470316 49344 1.2 18 15 9 15 11% 6350 246547 4844 6%
c
c seconds   switched       rate           size/glue  tier1     binary        remaining
c         MB  reductions      conflicts         size   tier2      irredundant
c          level     restarts        redundant     glue    trail         variables
c
c u 361.89 91 19 0 544 379206 2 8470316 48815 1.2 18 15 9 15 11% 6352 246547 4844 6%
c v 361.92 92 19 0 544 379206 2 8470316 48625 1.2 18 15 9 15 11% 6352 246547 4844 6%
c w 361.94 92 19 0 544 379206 2 8470316 48577 1.2 18 15 9 15 11% 6352 246547 4844 6%
c = 362.59 97 19 0 544 379206 2 8470316 48577 1.2 18 15 9 15 11% 6354 246542 4843 6%
c d 362.60 97 19 0 544 379206 2 8470316 48577 1.2 18 15 9 15 11% 6352 246542 4843 6%
c o 362.62 97 19 0 544 379206 2 8470316 48577 1.2 18 15 9 15 11% 6352 246542 4843 6%
c - 362.70 103 20 0 545 379331 2 8471347 43621 1.2 18 15 9 15 12% 6352 246542 4843 6%
c - 363.28 80 23 0 546 379932 2 8494693 48777 1.2 18 15 9 15 13% 6354 246542 4843 6%
c - 363.60 80 22 0 547 380160 2 8518061 49468 1.2 18 15 9 15 12% 6354 246542 4843 6%
c - 363.97 80 21 0 548 380423 2 8541450 48148 1.2 18 15 9 15 12% 6354 246542 4843 6%
c - 364.29 81 20 0 549 380574 2 8564859 47015 1.2 18 15 9 15 12% 6354 246542 4843 6%
c - 364.56 82 20 0 550 380706 2 8588292 46381 1.2 18 15 9 15 12% 6354 246542 4843 6%
c - 364.88 64 20 0 551 381012 1 8611744 44264 1.2 18 15 9 15 11% 6354 246542 4843 6%
c - 365.18 64 19 0 552 381197 1 8635217 43540 1.2 18 15 9 15 11% 6354 246542 4843 6%
c - 365.46 65 19 0 553 381326 1 8658712 43081 1.2 18 15 9 15 11% 6354 246542 4843 6%
c - 365.78 65 19 0 554 381352 1 8682227 42431 1.2 17 15 9 15 11% 6354 246542 4843 6%
c - 366.08 65 18 0 555 381745 1 8705764 41362 1.2 17 15 9 15 11% 6354 246542 4843 6%
c - 366.48 66 18 0 556 382326 1 8729322 38104 1.2 17 15 9 15 11% 6354 246542 4843 6%
c - 366.79 66 18 0 557 382927 1 8752901 35399 1.2 18 15 9 15 11% 6354 246542 4843 6%
c u 367.24 72 18 0 557 383111 1 8771395 49223 1.2 18 15 9 15 11% 6364 246542 4843 6%
c
c seconds   switched       rate           size/glue  tier1     binary        remaining
c         MB  reductions      conflicts         size   tier2      irredundant
c          level     restarts        redundant     glue    trail         variables
c
c v 367.32 76 18 0 557 383111 1 8771395 41136 1.2 18 15 9 15 11% 6364 246542 4843 6%
c w 367.36 76 18 0 557 383111 1 8771395 38501 1.2 18 15 9 15 11% 6364 246542 4843 6%
c = 367.99 82 18 0 557 383111 1 8771395 38501 1.2 18 15 9 15 11% 6366 246541 4842 6%
c d 367.99 82 18 0 557 383111 1 8771395 38501 1.2 18 15 9 15 11% 6363 246541 4842 6%
c t 368.00 82 18 0 557 383111 1 8771395 38501 1.2 18 15 9 15 11% 6360 246541 4842 6%
c u 368.16 82 18 0 557 383111 1 8771395 34793 1.2 18 15 9 15 11% 6367 246541 4842 6%
c v 368.20 82 18 0 557 383111 1 8771395 32745 1.2 18 15 9 15 11% 6367 246541 4842 6%
c w 368.23 82 18 0 557 383111 1 8771395 32689 1.2 18 15 9 15 11% 6367 246541 4842 6%
c t 368.83 71 18 0 557 383111 1 8771395 32689 1.2 18 15 9 15 11% 6365 246541 4842 6%
c - 369.01 74 20 0 558 383314 1 8776501 28246 1.2 18 15 9 15 11% 6365 246541 4842 6%
c - 369.43 77 21 0 559 383588 2 8800123 33562 1.2 18 15 9 15 12% 6365 246541 4842 6%
c - 369.74 77 20 0 560 383608 2 8823766 35207 1.2 18 14 9 15 12% 6365 246541 4842 6%
c - 370.20 90 21 0 561 383997 2 8847430 36660 1.3 18 14 9 15 13% 6366 246541 4842 6%
c o 370.50 102 28 0 561 384189 2 8860532 47916 1.3 18 14 9 15 14% 6366 246541 4842 6%
c - 370.87 110 29 0 562 384635 2 8871115 40632 1.3 18 14 9 15 15% 6367 246541 4842 6%
c - 371.35 110 27 0 563 386538 2 8894821 41832 1.3 18 14 9 15 14% 6367 246541 4842 6%
c - 371.66 110 26 0 564 388572 2 8918550 40103 1.2 18 15 9 15 14% 6367 246541 4842 6%
c - 371.97 110 24 0 565 389266 2 8942298 39333 1.2 18 15 9 15 13% 6367 246541 4842 6%
c - 372.39 91 24 0 566 390103 2 8966067 39635 1.2 18 15 9 15 13% 6368 246541 4842 6%
c - 372.69 91 23 0 567 390691 2 8989857 39609 1.2 18 15 9 15 13% 6368 246541 4842 6%
c
c seconds    switched       rate           size/glue  tier1     binary        remaining
c          MB  reductions      conflicts         size   tier2      irredundant
c           level     restarts        redundant     glue    trail         variables
c
c - 372.98 106 22 0 568 391140 2 9013668 39749 1.2 18 15 9 15 13% 6368 246541 4842 6%
c - 373.28 83 21 0 569 391465 2 9037500 37116 1.2 18 15 9 15 12% 6368 246541 4842 6%
c - 373.61 83 21 0 570 391785 2 9061355 35967 1.2 18 15 9 15 12% 6368 246541 4842 6%
c u 373.94 86 21 0 570 391913 2 9078236 47674 1.2 18 15 9 15 12% 6368 246541 4842 6%
c v 374.02 86 21 0 570 391913 2 9078236 46506 1.2 18 15 9 15 12% 6368 246541 4842 6%
c w 374.06 86 21 0 570 391913 2 9078236 41359 1.2 18 15 9 15 12% 6368 246541 4842 6%
c t 374.07 70 21 0 570 391913 2 9078236 41359 1.2 18 15 9 15 12% 6367 246541 4842 6%
c - 374.20 75 21 0 571 391918 2 9085229 34103 1.2 18 15 9 15 12% 6367 246541 4842 6%
c s 374.71 76 21 0 571 391928 2 9099446 43745 1.2 18 15 9 15 12% 6374 246506 4842 6%
c e 374.72 79 21 0 571 391928 2 9099446 43745 1.2 18 15 9 15 12% 6366 246614 4835 6%
c 2 374.72 79 21 0 571 391928 2 9099446 43745 1.2 18 15 9 15 12% 6365 246614 4835 6%
c s 375.05 79 21 0 571 391928 2 9099446 43745 1.2 18 15 9 15 12% 6366 246577 4835 6%
c - 375.44 92 23 0 572 392228 2 9109125 38417 1.2 19 15 9 15 14% 6368 246577 4835 6%
c - 376.22 127 26 0 573 392978 2 9133041 44729 1.3 19 15 9 15 15% 6368 246577 4835 6%
c - 376.82 118 26 0 574 394226 2 9156978 49921 1.4 20 14 9 15 15% 6371 246577 4835 6%
c - 377.12 119 24 0 575 396054 2 9180936 50818 1.3 19 15 9 15 15% 6371 246577 4835 6%
c - 377.43 119 23 0 576 396818 2 9204915 50957 1.3 19 15 9 15 14% 6371 246577 4835 6%
c - 377.74 86 22 0 577 397130 2 9228915 50015 1.2 19 15 10 15 13% 6371 246577 4835 6%
c - 378.05 86 21 0 578 397851 2 9252935 50446 1.2 18 15 10 15 13% 6371 246577 4835 6%
c - 378.37 86 21 0 579 399368 2 9276977 50605 1.2 18 15 10 15 12% 6371 246577 4835 6%
c
c seconds   switched       rate           size/glue  tier1      binary        remaining
c         MB  reductions      conflicts         size    tier2      irredundant
c          level     restarts        redundant     glue     trail         variables
c
c - 378.69 70 20 0 580 399753 2 9301039 50992 1.2 18 15 10 15 12% 6371 246577 4835 6%
c - 379.02 71 20 0 581 399936 2 9325122 51227 1.2 18 15 10 15 12% 6371 246577 4835 6%
c - 379.34 71 19 0 582 399999 1 9349226 51199 1.2 18 15 10 15 11% 6371 246577 4835 6%
c - 379.65 72 19 0 583 400621 1 9373350 52225 1.2 18 15 10 15 11% 6371 246577 4835 6%
c u 380.07 77 19 0 583 401510 1 9390865 63999 1.2 18 15 10 15 11% 6371 246577 4835 6%
c v 380.14 77 19 0 583 401510 1 9390865 59902 1.2 18 15 10 15 11% 6371 246577 4835 6%
c w 380.20 77 19 0 583 401510 1 9390865 53108 1.2 18 15 10 15 11% 6371 246577 4835 6%
c = 380.87 82 19 0 583 401510 1 9390865 53108 1.2 18 15 10 15 11% 6379 246505 4830 6%
c d 380.87 82 19 0 583 401510 1 9390865 53107 1.2 18 15 10 15 11% 6371 246502 4830 6%
c t 380.88 82 19 0 583 401510 1 9390865 53107 1.2 18 15 10 15 11% 6365 246502 4830 6%
c f 380.89 82 19 0 583 401510 1 9390865 53107 1.2 18 15 10 15 11% 6370 246426 4834 6%
c u 381.12 106 19 0 583 401510 1 9390865 52133 1.2 18 15 10 15 11% 6372 246426 4834 6%
c v 381.17 107 19 0 583 401510 1 9390865 51606 1.2 18 15 10 15 11% 6372 246426 4834 6%
c w 381.21 107 19 0 583 401510 1 9390865 51475 1.2 18 15 10 15 11% 6372 246426 4834 6%
c t 381.86 94 19 0 583 401510 1 9390865 51475 1.2 18 15 10 15 11% 6371 246426 4834 6%
c o 381.87 94 19 0 583 401510 1 9390865 51475 1.2 18 15 10 15 11% 6371 246426 4834 6%
c - 382.06 101 20 0 584 401645 2 9397495 47730 1.2 18 15 10 15 12% 6371 246426 4834 6%
c - 382.36 101 20 0 585 401751 2 9421661 49890 1.2 18 15 10 15 12% 6371 246426 4834 6%
c - 382.63 102 19 0 586 401783 1 9445848 50566 1.2 18 15 10 15 12% 6371 246426 4834 6%
c - 382.95 102 19 0 587 401815 1 9470057 52371 1.2 18 15 10 15 12% 6371 246426 4834 6%
c
c seconds    switched       rate           size/glue  tier1      binary        remaining
c          MB  reductions      conflicts         size    tier2      irredundant
c           level     restarts        redundant     glue     trail         variables
c
c - 383.25 102 18 0 588 401842 1 9494287 53460 1.2 17 15 10 15 12% 6371 246426 4834 6%
c - 383.61 102 18 0 589 401900 1 9518536 53806 1.2 17 14 10 15 12% 6371 246426 4834 6%
c - 383.92 103 17 0 590 401970 1 9542805 53163 1.2 17 14 10 15 12% 6371 246426 4834 6%
c - 384.25 103 17 0 591 401998 1 9567095 54322 1.2 16 14 10 15 12% 6371 246426 4834 6%
c - 384.66 111 18 0 592 402155 1 9591406 58158 1.2 16 14 10 15 12% 6372 246426 4834 6%
c - 385.16 118 19 0 593 402635 2 9615740 56728 1.2 16 14 10 15 13% 6373 246426 4834 6%
c - 385.50 89 18 0 594 402769 2 9640091 57784 1.2 16 13 10 15 13% 6373 246426 4834 6%
c - 385.84 89 18 0 595 403126 1 9664464 59553 1.2 16 13 10 15 12% 6373 246426 4834 6%
c - 386.47 95 20 0 596 403685 2 9688857 65021 1.2 16 13 10 15 14% 6376 246425 4834 6%
c u 387.37 130 22 0 596 405299 2 9709275 81059 1.2 16 13 10 15 14% 6382 246425 4834 6%
c v 387.56 134 22 0 596 405299 2 9709275 78977 1.2 16 13 10 15 14% 6382 246425 4834 6%
c w 387.63 135 22 0 596 405299 2 9709275 78941 1.2 16 13 10 15 14% 6382 246425 4834 6%
c t 387.64 111 22 0 596 405299 2 9709275 78941 1.2 16 13 10 15 14% 6377 246425 4834 6%
c - 388.04 127 23 0 597 405803 2 9713274 72529 1.3 17 13 10 15 15% 6379 246425 4834 6%
c - 388.50 96 22 0 598 406524 2 9737711 77068 1.2 17 13 10 15 15% 6379 246425 4834 6%
c - 388.98 97 21 0 599 407387 2 9762165 79577 1.2 17 13 10 15 14% 6379 246425 4834 6%
c - 389.49 65 20 0 600 408297 2 9786642 81196 1.2 16 14 10 15 14% 6379 246425 4834 6%
c - 390.01 66 19 0 601 408656 2 9811136 68748 1.2 16 14 9 15 14% 6379 246425 4834 6%
c o 390.34 66 18 0 601 408699 2 9830631 81977 1.2 16 13 9 15 14% 6379 246425 4834 6%
c - 390.51 72 19 0 602 409457 2 9835651 66866 1.2 16 13 9 15 14% 6380 246425 4834 6%
c
c seconds    switched       rate           size/glue  tier1     binary        remaining
c          MB  reductions      conflicts         size   tier2      irredundant
c           level     restarts        redundant     glue    trail         variables
c
c - 391.18 111 21 0 603 412467 2 9860186 67602 1.2 17 14 9 15 14% 6383 246425 4834 6%
c - 391.64 116 21 0 604 416040 2 9884742 62737 1.2 17 14 10 15 14% 6383 246425 4834 6%
c - 392.03 85 20 0 605 418360 2 9909319 57797 1.2 17 14 10 15 13% 6383 246425 4834 6%
c - 392.37 85 20 0 606 419466 2 9933916 56593 1.2 17 15 10 15 13% 6383 246425 4834 6%
c s 392.83 69 20 0 606 419591 2 9940798 61433 1.2 17 15 10 15 12% 6383 246365 4834 6%
c e 392.84 74 20 0 606 419591 2 9940798 61433 1.2 17 15 10 15 12% 6372 246481 4826 6%
c 2 392.84 74 20 0 606 419591 2 9940798 61433 1.2 17 15 10 15 12% 6371 246481 4826 6%
c s 393.24 74 20 0 606 419591 2 9940798 61433 1.2 17 15 10 15 12% 6371 246441 4826 6%
c - 393.71 74 22 0 607 420569 2 9958534 57576 1.2 17 15 10 15 13% 6372 246441 4826 6%
c - 394.09 74 21 0 608 421015 2 9983171 58176 1.2 18 15 10 15 13% 6372 246441 4826 6%
c - 394.42 76 20 0 609 421046 2 10007828 59837 1.2 17 15 10 15 13% 6372 246441 4826 6%
c - 394.76 76 19 0 610 421222 2 10032506 62590 1.2 17 14 10 15 13% 6372 246441 4826 6%
c u 395.02 88 19 0 610 421222 2 10033502 53817 1.2 17 14 10 15 13% 6409 246441 4826 6%
c v 395.04 88 19 0 610 421222 2 10033502 53497 1.2 17 14 10 15 13% 6409 246441 4826 6%
c w 395.04 88 19 0 610 421222 2 10033502 53476 1.2 17 14 10 15 13% 6409 246441 4826 6%
c = 395.88 82 19 0 610 421222 2 10033502 53476 1.2 17 14 10 15 13% 6415 246392 4818 6%
c d 395.88 82 19 0 610 421222 2 10033502 53474 1.2 17 14 10 15 13% 6415 246369 4818 6%
c t 395.89 82 19 0 610 421222 2 10033502 53474 1.2 17 14 10 15 13% 6403 246369 4818 6%
c u 396.09 82 19 0 610 421222 2 10033502 47242 1.2 17 14 10 15 13% 6403 246369 4818 6%
c v 396.10 82 19 0 610 421222 2 10033502 47127 1.2 17 14 10 15 13% 6403 246369 4818 6%
c
c seconds   switched       rate            size/glue  tier1      binary        remaining
c         MB  reductions      conflicts          size    tier2      irredundant
c          level     restarts         redundant     glue     trail         variables
c
c w 396.11 82 19 0 610 421222 2 10033502 47123 1.2 17 14 10 15 13% 6403 246369 4818 6%
c x 396.32 89 19 0 610 421222 2 10033502 47123 1.2 17 14 10 15 13% 6403 246364 4818 6%
c = 397.15 89 19 0 610 421222 2 10033502 47123 1.2 17 14 10 15 13% 6405 246344 4816 6%
c d 397.16 89 19 0 610 421222 2 10033502 47120 1.2 17 14 10 15 13% 6403 246342 4816 6%
c - 398.21 106 24 0 611 422794 2 10057204 55384 1.3 18 14 10 15 15% 6389 246342 4816 6%
c - 398.57 107 23 0 612 424829 2 10081922 56694 1.2 18 15 10 15 14% 6389 246342 4816 6%
c - 398.96 94 22 0 613 425942 2 10106660 57141 1.2 18 15 10 15 14% 6389 246342 4816 6%
c - 399.35 94 21 0 614 426251 2 10131419 56914 1.2 18 15 10 15 13% 6389 246342 4816 6%
c - 399.75 95 21 0 615 427531 2 10156198 56961 1.2 18 15 10 15 12% 6389 246342 4816 6%
c - 400.29 86 22 0 616 427980 2 10181000 60697 1.2 18 15 10 15 13% 6389 246342 4816 6%
c - 400.64 92 21 0 617 428973 2 10205819 62496 1.2 18 15 10 15 12% 6389 246342 4816 6%
c - 400.96 93 20 0 618 429624 2 10230658 63211 1.2 18 15 10 15 12% 6389 246342 4816 6%
c - 401.29 77 20 0 619 429824 2 10255518 63185 1.2 18 15 10 15 12% 6389 246342 4816 6%
c - 401.63 78 19 0 620 430188 2 10280398 63552 1.2 18 15 10 15 12% 6389 246342 4816 6%
c - 401.94 79 19 0 621 430426 2 10305297 64072 1.2 18 15 10 15 11% 6389 246342 4816 6%
c - 402.27 79 19 0 622 430534 1 10330216 64333 1.2 17 15 10 15 11% 6389 246342 4816 6%
c o 402.42 79 19 0 622 430570 1 10344104 75047 1.2 17 15 10 15 11% 6389 246342 4816 6%
c - 402.71 87 20 0 623 430850 2 10355155 65296 1.2 18 15 10 15 12% 6389 246342 4816 6%
c u 403.04 91 19 0 623 430877 2 10363564 69527 1.2 18 15 10 15 12% 6389 246342 4816 6%
c v 403.14 91 19 0 623 430877 2 10363564 68055 1.2 18 15 10 15 12% 6389 246342 4816 6%
c
c seconds   switched       rate            size/glue  tier1      binary        remaining
c         MB  reductions      conflicts          size    tier2      irredundant
c          level     restarts         redundant     glue     trail         variables
c
c w 403.19 91 19 0 623 430877 2 10363564 67392 1.2 18 15 10 15 12% 6389 246342 4816 6%
c = 403.95 80 19 0 623 430877 2 10363564 67392 1.2 18 15 10 15 12% 6393 246336 4814 6%
c d 403.95 80 19 0 623 430877 2 10363564 67391 1.2 18 15 10 15 12% 6388 246336 4814 6%
c t 403.96 80 19 0 623 430877 2 10363564 67391 1.2 18 15 10 15 12% 6381 246336 4814 6%
c u 404.18 81 19 0 623 430877 2 10363564 65781 1.2 18 15 10 15 12% 6381 246336 4814 6%
c v 404.28 81 19 0 623 430877 2 10363564 65069 1.2 18 15 10 15 12% 6381 246336 4814 6%
c w 404.30 81 19 0 623 430877 2 10363564 65000 1.2 18 15 10 15 12% 6381 246336 4814 6%
c - 405.69 103 22 0 624 432197 2 10380116 64115 1.2 18 15 10 15 13% 6386 246336 4814 6%
c - 406.15 110 22 0 625 432435 2 10405095 68524 1.2 18 14 10 15 13% 6387 246336 4814 6%
c - 406.97 109 24 0 626 432991 2 10430095 75089 1.3 19 14 10 15 15% 6389 246336 4814 6%
c - 407.42 110 23 0 627 433162 2 10455115 75420 1.3 18 14 10 15 14% 6389 246336 4814 6%
c - 407.86 79 21 0 628 433337 2 10480154 71085 1.3 18 14 10 15 14% 6389 246336 4814 6%
c - 408.28 79 20 0 629 433444 2 10505215 71924 1.3 18 14 10 15 13% 6389 246336 4814 6%
c - 408.75 87 19 0 630 433557 2 10530294 76202 1.3 17 13 10 15 13% 6389 246336 4814 6%
c - 409.21 87 19 0 631 433869 2 10555393 80831 1.3 17 13 10 15 13% 6389 246336 4814 6%
c - 409.66 72 18 0 632 434307 2 10580513 82897 1.3 17 13 10 15 13% 6389 246336 4814 6%
c - 410.09 72 17 0 633 434486 1 10605654 86208 1.2 16 13 10 15 12% 6389 246336 4814 6%
c - 410.74 89 18 0 634 435581 2 10630814 87353 1.2 16 13 10 15 13% 6389 246336 4814 6%
c - 411.27 95 18 0 635 438314 2 10655993 87885 1.2 16 14 10 15 12% 6389 246336 4814 6%
c - 412.45 113 21 0 636 441843 2 10681193 90230 1.2 17 14 10 15 14% 6389 246335 4814 6%
c
c seconds   switched       rate             size/glue  tier1      binary        remaining
c         MB  reductions      conflicts           size    tier2      irredundant
c          level     restarts         redundant      glue     trail         variables
c
c u 412.98 96 21 0 636 441953 2 10699465 103921 1.2 17 14 10 15 13% 6389 246335 4814 6%
c v 413.17 97 21 0 636 441953 2 10699465 94678 1.2 17 14 10 15 13% 6389 246335 4814 6%
c w 413.20 97 21 0 636 441953 2 10699465 93486 1.2 17 14 10 15 13% 6389 246335 4814 6%
c t 413.21 97 21 0 636 441953 2 10699465 93486 1.2 17 14 10 15 13% 6386 246335 4814 6%
c - 413.44 102 21 0 637 442170 2 10706413 89571 1.2 17 14 10 15 14% 6386 246335 4814 6%
c - 413.84 79 20 0 638 442349 2 10731651 91412 1.2 17 14 10 15 13% 6386 246335 4814 6%
c - 414.22 79 19 0 639 442526 2 10756909 92853 1.2 17 14 10 15 13% 6386 246335 4814 6%
c - 414.65 80 19 0 640 442669 2 10782189 93685 1.2 16 14 10 15 13% 6386 246335 4814 6%
c - 415.02 80 18 0 641 442738 2 10807488 92833 1.2 16 14 10 15 13% 6386 246335 4814 6%
c s 415.67 80 17 0 641 442770 2 10826665 102487 1.2 16 14 10 15 12% 6393 246172 4814 6%
c e 415.68 84 17 0 641 442770 2 10826665 102487 1.2 16 14 10 15 12% 6388 246217 4810 6%
c s 416.07 84 17 0 641 442770 2 10826665 102487 1.2 16 14 10 15 12% 6390 246180 4810 6%
c e 416.08 84 17 0 641 442770 2 10826665 102487 1.2 16 14 10 15 12% 6389 246196 4809 6%
c o 416.09 84 17 0 641 442770 2 10826665 102479 1.2 16 14 10 15 12% 6389 246196 4809 6%
c - 416.35 93 20 0 642 443219 2 10832805 89591 1.2 17 14 10 15 13% 6396 246196 4809 6%
c - 416.85 100 20 0 643 446724 2 10858143 90101 1.2 17 14 10 15 13% 6397 246196 4809 6%
c - 417.31 93 20 0 644 449040 2 10883500 90365 1.2 17 14 10 15 13% 6397 246196 4809 6%
c - 417.72 93 19 0 645 450032 2 10908877 90309 1.2 17 15 10 15 12% 6397 246196 4809 6%
c - 418.14 70 19 0 646 450979 2 10934273 90209 1.2 17 15 10 15 12% 6397 246196 4809 6%
c - 418.49 71 19 0 647 451746 2 10959690 86851 1.2 17 15 10 15 12% 6397 246196 4809 6%
c
c seconds   switched       rate            size/glue  tier1      binary        remaining
c         MB  reductions      conflicts          size    tier2      irredundant
c          level     restarts         redundant     glue     trail         variables
c
c - 418.88 71 19 0 648 452253 2 10985126 84698 1.2 17 15 10 15 11% 6397 246196 4809 6%
c - 419.26 71 19 0 649 452422 1 11010581 84344 1.2 17 15 10 15 11% 6397 246196 4809 6%
c - 419.73 79 19 0 650 452672 1 11036057 84937 1.2 17 15 10 15 11% 6398 246196 4809 6%
c b 419.84 79 19 0 650 453439 2 11041232 88970 1.2 17 15 10 15 11% 6398 246196 4808 6%
c u 420.07 83 19 0 650 453439 2 11041232 88487 1.2 17 15 10 15 11% 6397 246196 4808 6%
c v 420.11 85 19 0 650 453439 2 11041232 87917 1.2 17 15 10 15 11% 6397 246196 4808 6%
c w 420.15 85 19 0 650 453439 2 11041232 85413 1.2 17 15 10 15 11% 6397 246196 4808 6%
c t 421.05 89 19 0 650 453439 2 11041232 85413 1.2 17 15 10 15 11% 6391 246187 4808 6%
c u 421.35 107 19 0 650 453439 2 11041232 59758 1.2 17 15 10 15 11% 6406 246187 4808 6%
c v 421.38 109 19 0 650 453439 2 11041232 59471 1.2 17 15 10 15 11% 6406 246187 4808 6%
c w 421.41 109 19 0 650 453439 2 11041232 59384 1.2 17 15 10 15 11% 6406 246187 4808 6%
c t 421.42 109 19 0 650 453439 2 11041232 59384 1.2 17 15 10 15 11% 6399 246187 4808 6%
c - 421.94 122 20 0 651 453702 2 11061552 60076 1.2 17 15 10 15 12% 6396 246187 4808 6%
c - 422.29 107 19 0 652 453702 2 11087069 63152 1.2 17 15 10 15 13% 6396 246187 4808 6%
c - 422.75 114 19 0 653 454095 2 11112603 66978 1.2 17 14 10 15 13% 6397 246187 4808 6%
c - 423.16 115 19 0 654 454331 2 11138156 68078 1.2 17 14 10 15 13% 6397 246187 4808 6%
c - 423.62 86 18 0 655 454597 2 11163729 66644 1.2 17 14 10 15 13% 6397 246187 4808 6%
c - 423.99 86 18 0 656 454748 1 11189321 66154 1.2 17 14 10 15 12% 6397 246187 4808 6%
c - 424.49 95 18 0 657 454988 1 11214933 67329 1.2 16 13 10 15 13% 6397 246187 4808 6%
c - 424.85 80 17 0 658 454990 1 11240565 74380 1.2 16 13 10 15 13% 6397 246187 4808 6%
c
c seconds   switched       rate            size/glue  tier1      binary        remaining
c         MB  reductions      conflicts          size    tier2      irredundant
c          level     restarts         redundant     glue     trail         variables
c
c - 425.51 96 18 0 659 456984 2 11266217 82601 1.2 16 13 10 15 14% 6397 246187 4808 6%
c o 425.63 96 18 0 659 457807 2 11272038 86763 1.2 16 13 10 15 14% 6397 246187 4808 6%
c - 426.50 128 20 0 660 460871 2 11291888 87452 1.2 16 13 10 15 14% 6398 246187 4808 6%
c - 427.06 116 20 0 661 463629 2 11317579 91157 1.2 16 14 10 15 14% 6399 246187 4808 6%
c - 427.60 121 21 0 662 463675 2 11343289 102219 1.3 17 13 10 15 16% 6400 246187 4808 6%
c - 428.11 90 20 0 663 463719 2 11369020 113117 1.3 17 12 10 15 16% 6400 246187 4808 6%
c u 429.23 123 21 0 663 465444 2 11388854 127542 1.3 17 13 10 15 16% 6400 246187 4808 6%
c v 429.52 124 21 0 663 465444 2 11388854 125379 1.3 17 13 10 15 16% 6400 246187 4808 6%
c w 429.63 124 21 0 663 465444 2 11388854 125274 1.3 17 13 10 15 16% 6400 246187 4808 6%
c - 430.11 152 22 0 664 465931 2 11394768 119327 1.3 17 13 10 15 16% 6403 246187 4808 6%
c - 431.89 155 27 0 665 468804 3 11420536 125655 1.3 17 13 10 15 18% 6410 246185 4808 6%
c - 433.13 109 28 0 666 470571 3 11446324 133519 1.3 18 13 10 15 18% 6413 246184 4808 6%
c - 434.64 78 32 0 667 472871 3 11472130 138558 1.3 18 13 10 15 19% 6416 246184 4808 6%
c - 435.35 76 30 0 668 476400 3 11497958 137722 1.3 18 14 10 15 18% 6417 246183 4808 6%
c - 435.83 76 27 0 669 479292 3 11523803 136853 1.2 18 14 10 15 16% 6417 246183 4808 6%
c - 437.43 75 32 0 670 481368 3 11549669 140066 1.3 18 15 10 15 18% 6419 246183 4808 6%
c - 438.00 79 29 0 671 482541 3 11575554 139812 1.2 18 15 10 15 17% 6420 246183 4808 6%
c - 439.56 80 33 0 672 484271 3 11601458 143311 1.3 19 15 10 15 18% 6426 246181 4808 6%
c - 440.85 78 33 0 673 485540 3 11627381 142075 1.3 19 15 10 15 19% 6429 246181 4808 6%
c - 441.30 78 29 0 674 485540 3 11653324 141165 1.2 18 15 10 15 17% 6429 246181 4808 6%
c
c seconds   switched       rate             size/glue  tier1      binary        remaining
c         MB  reductions      conflicts           size    tier2      irredundant
c          level     restarts         redundant      glue     trail         variables
c
c - 441.77 79 26 0 675 485581 2 11679285 142192 1.2 18 15 10 15 16% 6429 246181 4808 6%
c - 442.23 79 24 0 676 485628 2 11705266 143527 1.2 17 14 10 15 15% 6429 246181 4808 6%
c - 442.69 79 22 0 677 485671 2 11731268 144791 1.2 17 14 10 15 14% 6429 246181 4808 6%
c u 443.36 80 22 0 677 485671 2 11742394 145493 1.2 17 14 10 15 14% 6429 246181 4808 6%
c v 443.48 81 22 0 677 485671 2 11742394 141621 1.2 17 14 10 15 14% 6429 246181 4808 6%
c w 443.50 81 22 0 677 485671 2 11742394 141384 1.2 17 14 10 15 14% 6429 246181 4808 6%
c = 445.01 88 22 0 677 485671 2 11742394 141384 1.2 17 14 10 15 14% 6443 246160 4801 6%
c d 445.02 88 22 0 677 485671 2 11742394 141379 1.2 17 14 10 15 14% 6425 246160 4801 6%
c t 445.03 88 22 0 677 485671 2 11742394 141379 1.2 17 14 10 15 14% 6407 246160 4801 6%
c u 445.49 88 22 0 677 485671 2 11742394 136425 1.2 17 14 10 15 14% 6407 246160 4801 6%
c v 445.57 88 22 0 677 485671 2 11742394 136197 1.2 17 14 10 15 14% 6407 246160 4801 6%
c w 445.58 88 22 0 677 485671 2 11742394 136197 1.2 17 14 10 15 14% 6407 246160 4801 6%
c o 445.61 88 22 0 677 485671 2 11742394 136197 1.2 17 14 10 15 14% 6407 246160 4801 6%
c - 445.94 75 22 0 678 487323 2 11757288 134747 1.2 17 14 10 15 14% 6407 246160 4801 6%
c s 446.53 75 22 0 678 487334 2 11757711 135038 1.2 17 14 10 15 14% 6414 245968 4801 6%
c e 446.55 79 22 0 678 487334 2 11757711 135038 1.2 17 14 10 15 14% 6411 246035 4796 6%
c s 447.00 80 22 0 678 487334 2 11757711 135038 1.2 17 14 10 15 14% 6413 245129 4796 6%
c e 447.02 80 22 0 678 487334 2 11757711 135038 1.2 17 14 10 15 14% 6351 245658 4745 6%
c - 447.59 81 21 0 679 487768 2 11783326 146947 1.3 18 14 10 15 14% 6354 245658 4745 6%
c - 448.30 99 21 0 680 488653 2 11809384 162810 1.4 18 13 10 15 14% 6354 245658 4745 6%
c
c seconds    switched       rate             size/glue  tier1      binary        remaining
c          MB  reductions      conflicts           size    tier2      irredundant
c           level     restarts         redundant      glue     trail         variables
c
c - 448.96 107 21 0 681 493125 2 11835460 165910 1.3 18 14 10 15 14% 6354 245658 4745 6%
c - 449.57 113 21 0 682 494670 2 11861555 166673 1.3 18 14 10 15 14% 6354 245658 4745 6%
c - 450.08 95 20 0 683 495125 2 11887672 166299 1.2 17 14 10 15 13% 6354 245658 4745 6%
c - 450.64 96 19 0 684 495825 2 11913806 165632 1.2 17 14 10 15 13% 6354 245658 4745 6%
c - 451.18 81 19 0 685 496169 2 11939960 165564 1.2 17 14 10 15 13% 6354 245658 4745 6%
c - 452.00 99 19 0 686 497084 2 11966132 165872 1.2 17 14 10 15 13% 6354 245658 4745 6%
c - 452.77 113 20 0 687 498857 2 11992323 163546 1.2 17 14 10 15 13% 6354 245658 4745 6%
c i 453.08 139 22 0 687 499110 2 11998971 168939 1.2 17 14 10 15 14% 6366 245658 4743 6%
c - 453.68 155 22 0 688 499581 2 12018533 161306 1.2 17 14 10 15 14% 6352 245657 4743 6%
c - 454.13 140 21 0 689 499928 2 12044763 155506 1.2 17 14 10 15 13% 6352 245657 4743 6%
c - 454.60 140 20 0 690 500258 2 12071011 149118 1.2 17 14 10 15 13% 6352 245657 4743 6%
c - 455.06 140 19 0 691 500622 2 12097278 146600 1.2 17 14 10 15 12% 6352 245657 4743 6%
c u 455.51 151 19 0 691 500626 2 12101824 148593 1.2 17 14 10 15 12% 6355 245623 4743 6%
c v 455.58 151 19 0 691 500626 2 12101824 146304 1.2 17 14 10 15 12% 6355 245623 4743 6%
c w 455.60 151 19 0 691 500626 2 12101824 145979 1.2 17 14 10 15 12% 6355 245623 4743 6%
c t 456.75 133 19 0 691 500626 2 12101824 145979 1.2 17 14 10 15 12% 6344 245623 4743 6%
c f 456.77 133 19 0 691 500626 2 12101824 145979 1.2 17 14 10 15 12% 6356 245463 4750 6%
c u 457.11 155 19 0 691 500626 2 12101824 144856 1.2 17 14 10 15 12% 6356 245463 4750 6%
c v 457.15 156 19 0 691 500626 2 12101824 144670 1.2 17 14 10 15 12% 6356 245463 4750 6%
c w 457.16 156 19 0 691 500626 2 12101824 144669 1.2 17 14 10 15 12% 6356 245463 4750 6%
c
c seconds    switched       rate             size/glue  tier1      binary        remaining
c          MB  reductions      conflicts           size    tier2      irredundant
c           level     restarts         redundant      glue     trail         variables
c
c - 457.69 148 19 0 692 500803 2 12123565 144996 1.2 17 14 10 15 12% 6356 245463 4750 6%
c - 458.52 144 20 0 693 501844 2 12149870 140001 1.2 17 14 10 15 13% 6358 245463 4750 6%
c - 459.26 98 20 0 694 502124 2 12176196 133634 1.2 17 14 10 15 13% 6358 245463 4750 6%
c - 459.73 97 19 0 695 502300 2 12202539 128559 1.2 17 14 10 15 13% 6358 245463 4750 6%
c - 460.15 81 18 0 696 502361 2 12228902 125046 1.2 16 13 10 15 13% 6358 245463 4750 6%
c o 460.38 81 18 0 696 502386 2 12243411 133932 1.2 16 13 10 15 13% 6358 245463 4750 6%
c - 460.84 95 19 0 697 504000 2 12255283 121095 1.2 16 13 10 15 13% 6358 245463 4750 6%
c - 462.35 133 22 0 698 505466 2 12281684 121396 1.2 17 14 10 15 15% 6359 245463 4750 6%
c - 462.86 135 20 0 699 505480 2 12308104 129150 1.2 16 13 10 15 15% 6359 245463 4750 6%
c - 463.29 95 19 0 700 505484 2 12334543 141135 1.3 16 12 10 15 15% 6359 245463 4750 6%
c - 463.75 80 18 0 701 505502 2 12361001 152654 1.3 15 12 10 15 15% 6359 245463 4750 6%
c - 465.18 120 19 0 702 509462 2 12387478 157321 1.3 16 12 10 15 15% 6359 245463 4750 6%
c - 466.10 123 21 0 703 512574 2 12413975 159537 1.3 17 13 10 15 15% 6362 245463 4750 6%
c - 467.46 164 22 0 704 514348 2 12440489 166116 1.4 18 13 10 15 17% 6364 245463 4750 6%
c - 468.45 113 22 0 705 516005 2 12467021 170398 1.4 18 13 10 15 16% 6364 245463 4750 6%
c u 468.90 125 22 0 705 516005 2 12467133 169941 1.4 18 13 10 15 16% 6364 245463 4750 6%
c v 468.92 125 22 0 705 516005 2 12467133 169902 1.4 18 13 10 15 16% 6364 245463 4750 6%
c t 468.95 125 22 0 705 516005 2 12467133 169902 1.4 18 13 10 15 16% 6361 245463 4750 6%
c - 471.40 115 25 0 706 519521 3 12493573 175330 1.4 18 13 10 15 17% 6364 245462 4750 6%
c - 472.30 102 24 0 707 522583 3 12520144 175475 1.3 18 14 10 15 16% 6365 245462 4750 6%
c
c seconds   switched       rate             size/glue  tier1      binary        remaining
c         MB  reductions      conflicts           size    tier2      irredundant
c          level     restarts         redundant      glue     trail         variables
c
c - 473.23 88 25 0 708 524116 3 12546733 176414 1.3 18 14 10 15 16% 6365 245462 4750 6%
c - 474.02 77 24 0 709 524648 2 12573341 177266 1.3 18 14 10 15 16% 6366 245462 4750 6%
c - 474.57 78 22 0 710 524804 2 12599969 169066 1.3 17 14 10 15 15% 6366 245462 4750 6%
c - 475.10 79 21 0 711 525032 2 12626615 156464 1.2 17 14 10 15 15% 6366 245462 4750 6%
c - 475.87 77 20 0 712 526647 2 12653280 156403 1.2 17 14 10 15 14% 6366 245462 4750 6%
c - 476.56 80 20 0 713 530478 2 12679963 156224 1.2 17 14 10 15 14% 6366 245462 4750 6%
c - 477.81 73 22 0 714 532578 2 12706665 158486 1.2 17 14 10 15 14% 6368 245462 4750 6%
c - 478.28 74 20 0 715 532588 2 12733385 160505 1.2 17 14 10 15 14% 6368 245462 4750 6%
c s 478.46 74 20 0 715 532588 2 12734547 161316 1.2 17 14 10 15 14% 6372 245037 4750 6%
c e 478.48 80 20 0 715 532588 2 12734547 161316 1.2 17 14 10 15 14% 6339 245340 4729 6%
c s 478.54 80 20 0 715 532588 2 12734547 161316 1.2 17 14 10 15 14% 6339 245134 4729 6%
c e 478.55 80 20 0 715 532588 2 12734547 161316 1.2 17 14 10 15 14% 6336 245159 4727 6%
c o 478.56 80 20 0 715 532588 2 12734547 161270 1.2 17 14 10 15 14% 6336 245159 4727 6%
c - 479.71 88 22 0 716 535385 2 12760124 160988 1.2 17 14 10 15 15% 6337 245159 4727 6%
c - 480.29 90 21 0 717 537080 2 12786882 159564 1.2 17 15 10 15 14% 6337 245159 4727 6%
c - 480.93 90 20 0 718 537865 2 12813658 158397 1.2 17 15 10 15 13% 6337 245159 4727 6%
c u 481.84 135 20 0 718 538193 2 12838383 176310 1.2 18 15 10 15 13% 6338 245159 4727 6%
c v 482.08 144 20 0 718 538193 2 12838383 166118 1.2 18 15 10 15 13% 6338 245159 4727 6%
c w 482.17 144 20 0 718 538193 2 12838383 161364 1.2 18 15 10 15 13% 6338 245159 4727 6%
c x 482.47 149 20 0 718 538193 2 12838383 161352 1.2 18 15 10 15 13% 6348 245041 4727 6%
c
c seconds    switched       rate             size/glue  tier1      binary        remaining
c          MB  reductions      conflicts           size    tier2      irredundant
c           level     restarts         redundant      glue     trail         variables
c
c = 484.11 123 20 0 718 538193 2 12838383 161352 1.2 18 15 10 15 13% 6354 245032 4724 6%
c d 484.12 123 20 0 718 538193 2 12838383 161349 1.2 18 15 10 15 13% 6346 245032 4724 6%
c t 484.14 123 20 0 718 538193 2 12838383 161349 1.2 18 15 10 15 13% 6330 245032 4724 6%
c f 484.15 123 20 0 718 538193 2 12838383 161349 1.2 18 15 10 15 13% 6332 245009 4725 6%
c u 484.89 158 20 0 718 538193 2 12838383 159139 1.2 18 15 10 15 13% 6350 245009 4725 6%
c v 485.03 159 20 0 718 538193 2 12838383 158461 1.2 18 15 10 15 13% 6349 245009 4725 6%
c w 485.07 159 20 0 718 538193 2 12838383 158378 1.2 18 15 10 15 13% 6349 245009 4725 6%
c t 485.09 159 20 0 718 538193 2 12838383 158378 1.2 18 15 10 15 13% 6345 245009 4725 6%
c - 485.27 173 21 0 719 538277 2 12840453 150168 1.2 18 15 10 15 13% 6345 245009 4725 6%
c - 485.76 173 20 0 720 538511 2 12867267 153053 1.2 17 15 10 15 13% 6345 245009 4725 6%
c - 486.19 141 19 0 721 538528 2 12894100 153916 1.2 17 15 10 15 13% 6345 245009 4725 6%
c - 486.64 143 19 0 722 538653 2 12920955 155916 1.2 17 14 10 15 13% 6345 245009 4725 6%
c - 487.15 97 18 0 723 538750 2 12947825 154529 1.2 17 14 10 15 13% 6345 245009 4725 6%
c - 487.57 97 18 0 724 538912 1 12974713 152824 1.2 17 14 10 15 13% 6345 245009 4725 6%
c - 488.18 73 17 0 725 539367 1 13001623 150113 1.2 16 14 10 15 13% 6345 245009 4725 6%
c - 489.98 177 24 0 726 541169 2 13028548 152538 1.2 17 14 10 15 15% 6348 245008 4725 6%
c - 490.51 144 22 0 727 541290 2 13055493 151914 1.2 17 14 10 15 15% 6348 245008 4725 6%
c - 491.00 144 21 0 728 541418 2 13082455 149368 1.2 17 14 10 15 15% 6348 245008 4725 6%
c - 491.48 96 19 0 729 541475 2 13109436 147688 1.2 17 13 10 15 14% 6348 245008 4725 6%
c - 491.99 98 19 0 730 541808 2 13136436 144798 1.2 16 13 10 15 14% 6348 245008 4725 6%
c
c seconds   switched       rate             size/glue  tier1      binary        remaining
c         MB  reductions      conflicts           size    tier2      irredundant
c          level     restarts         redundant      glue     trail         variables
c
c - 492.58 75 18 0 731 542545 2 13163455 135855 1.2 16 13 10 15 14% 6348 245008 4725 6%
c - 493.12 75 18 0 732 542922 2 13190492 122482 1.2 16 13 10 15 13% 6348 245008 4725 6%
c u 493.87 85 17 0 732 543115 1 13215532 126921 1.2 16 13 10 15 13% 6348 245008 4725 6%
c v 493.95 85 17 0 732 543115 1 13215532 116191 1.2 16 13 10 15 13% 6348 245008 4725 6%
c w 493.98 85 17 0 732 543115 1 13215532 115523 1.2 16 13 10 15 13% 6348 245008 4725 6%
c t 495.25 91 17 0 732 543115 1 13215532 115523 1.2 16 13 10 15 13% 6347 245008 4725 6%
c o 495.27 91 17 0 732 543115 1 13215532 115523 1.2 16 13 10 15 13% 6347 245008 4725 6%
c - 495.44 107 18 0 733 543422 2 13217549 105357 1.2 16 13 10 15 13% 6347 245008 4725 6%
c - 496.73 172 21 0 734 547334 2 13244622 103826 1.2 17 14 10 15 14% 6348 245008 4725 6%
c - 497.47 188 21 0 735 549818 2 13271715 97017 1.2 17 14 10 15 14% 6348 245008 4725 6%
c - 497.88 143 20 0 736 550000 2 13298825 91360 1.2 17 14 10 15 13% 6348 245008 4725 6%
c - 498.32 144 19 0 737 550237 2 13325954 85613 1.2 17 14 10 15 13% 6348 245008 4725 6%
c - 498.76 102 19 0 738 550686 2 13353101 84713 1.2 17 14 10 15 12% 6348 245008 4725 6%
c - 499.33 115 19 0 739 550966 2 13380268 84193 1.2 17 14 10 15 12% 6348 245008 4725 6%
c - 500.06 107 22 0 740 552879 2 13407452 85341 1.2 17 14 10 15 13% 6350 245007 4725 6%
c - 500.58 107 21 0 741 555067 2 13434654 84236 1.2 17 15 10 15 13% 6350 245007 4725 6%
c - 501.06 84 20 0 742 555807 2 13461875 82048 1.2 17 15 10 15 12% 6350 245007 4725 6%
c - 501.48 84 20 0 743 556288 2 13489114 77227 1.2 17 15 10 15 12% 6350 245007 4725 6%
c - 501.93 85 19 0 744 556662 2 13516372 76700 1.2 17 15 10 15 12% 6350 245007 4725 6%
c - 502.39 85 19 0 745 556898 1 13543648 75123 1.2 17 15 10 15 11% 6350 245007 4725 6%
c
c seconds   switched       rate            size/glue  tier1      binary        remaining
c         MB  reductions      conflicts          size    tier2      irredundant
c          level     restarts         redundant     glue     trail         variables
c
c - 502.81 70 18 0 746 556921 1 13570942 72445 1.2 17 15 10 15 11% 6350 245007 4725 6%
c - 503.61 92 21 0 747 557496 2 13598256 74932 1.2 17 14 10 15 13% 6352 245007 4725 6%
c u 503.92 98 21 0 747 557496 2 13598649 69521 1.2 17 14 10 15 13% 6352 245007 4725 6%
c v 503.94 98 21 0 747 557496 2 13598649 69378 1.2 17 14 10 15 13% 6352 245007 4725 6%
c w 503.95 98 21 0 747 557496 2 13598649 69377 1.2 17 14 10 15 13% 6352 245007 4725 6%
c - 504.47 90 21 0 748 559796 2 13625587 69759 1.2 17 15 10 15 13% 6352 245007 4725 6%
c - 504.89 91 20 0 749 560953 2 13652937 69777 1.2 17 15 10 15 12% 6352 245007 4725 6%
c - 505.28 75 20 0 750 561350 2 13680304 69174 1.2 17 15 10 15 12% 6352 245007 4725 6%
c - 505.69 75 19 0 751 561582 1 13707690 68421 1.2 17 15 10 15 12% 6352 245007 4725 6%
c - 506.05 76 19 0 752 562013 1 13735094 67823 1.2 17 15 10 15 12% 6352 245007 4725 6%
c o 506.16 75 19 0 752 562089 1 13745293 75640 1.2 17 15 10 15 12% 6352 245007 4725 6%
c s 506.55 84 20 0 752 562501 2 13757820 86331 1.2 18 15 10 15 12% 6352 244898 4725 6%
c e 506.56 92 20 0 752 562501 2 13757820 86331 1.2 18 15 10 15 12% 6325 245125 4711 6%
c s 506.59 92 20 0 752 562501 2 13757820 86331 1.2 18 15 10 15 12% 6329 244978 4711 6%
c - 506.93 108 22 0 753 562970 2 13762516 68428 1.2 18 15 10 15 13% 6329 244978 4711 6%
c - 507.67 146 24 0 754 563918 2 13789956 70882 1.2 18 15 10 15 14% 6330 244978 4711 6%
c - 508.13 132 22 0 755 564204 2 13817415 70796 1.2 18 15 10 15 13% 6330 244978 4711 6%
c - 508.55 133 21 0 756 564570 2 13844892 70201 1.2 18 15 10 15 13% 6330 244978 4711 6%
c - 509.14 105 21 0 757 565159 2 13872387 65767 1.2 18 15 10 15 12% 6330 244978 4711 6%
c - 509.60 105 20 0 758 565610 2 13899900 63997 1.2 18 15 10 15 12% 6330 244978 4711 6%
c
c seconds   switched       rate            size/glue  tier1      binary        remaining
c         MB  reductions      conflicts          size    tier2      irredundant
c          level     restarts         redundant     glue     trail         variables
c
c - 510.05 82 20 0 759 565781 2 13927432 62497 1.2 18 15 10 15 12% 6330 244978 4711 6%
c - 510.47 82 19 0 760 565995 1 13954984 59727 1.2 18 15 10 15 11% 6330 244978 4711 6%
c - 510.89 83 19 0 761 566333 1 13982553 56474 1.2 18 15 10 15 11% 6330 244978 4711 6%
c u 511.16 86 19 0 761 566358 1 13987759 58710 1.2 18 15 10 15 11% 6330 244978 4711 6%
c v 511.19 87 19 0 761 566358 1 13987759 56684 1.2 18 15 10 15 11% 6330 244978 4711 6%
c w 511.21 87 19 0 761 566358 1 13987759 55431 1.2 18 15 10 15 11% 6330 244978 4711 6%
c t 511.22 87 19 0 761 566358 1 13987759 55431 1.2 18 15 10 15 11% 6327 244978 4711 6%
c f 511.23 87 19 0 761 566358 1 13987759 55431 1.2 18 15 10 15 11% 6329 244958 4712 6%
c u 511.51 94 19 0 761 566358 1 13987759 54411 1.2 18 15 10 15 11% 6330 244958 4712 6%
c v 511.53 95 19 0 761 566358 1 13987759 54105 1.2 18 15 10 15 11% 6330 244958 4712 6%
c w 511.54 95 19 0 761 566358 1 13987759 54089 1.2 18 15 10 15 11% 6330 244958 4712 6%
c - 512.39 106 19 0 762 566951 1 14010139 52872 1.2 18 15 10 15 11% 6330 244958 4712 6%
c - 512.82 122 19 0 763 567029 1 14037744 54998 1.2 18 15 10 15 11% 6331 244957 4712 6%
c - 513.35 125 20 0 764 567674 1 14065366 55581 1.2 18 15 10 15 12% 6332 244957 4712 6%
c - 513.78 125 20 0 765 568194 1 14093007 53538 1.2 18 15 10 15 12% 6332 244957 4712 6%
c - 514.16 98 19 0 766 568451 1 14120665 52339 1.2 18 15 10 15 12% 6332 244957 4712 6%
c - 514.58 100 19 0 767 569757 1 14148341 52233 1.2 18 15 10 15 11% 6332 244957 4712 6%
c - 515.02 78 19 0 768 570207 1 14176038 51334 1.2 18 15 10 15 11% 6332 244957 4712 6%
c - 515.46 78 19 0 769 570395 1 14203751 50783 1.2 18 15 10 15 11% 6332 244957 4712 6%
c - 515.90 78 19 0 770 570620 1 14231481 47792 1.2 18 15 10 15 11% 6332 244957 4712 6%
c
c seconds   switched       rate            size/glue  tier1      binary        remaining
c         MB  reductions      conflicts          size    tier2      irredundant
c          level     restarts         redundant     glue     trail         variables
c
c - 516.24 78 19 0 771 570760 1 14259229 44847 1.2 18 15 10 15 11% 6332 244957 4712 6%
c - 516.68 79 19 0 772 571113 1 14286995 45067 1.2 18 15 10 15 11% 6332 244957 4712 6%
c - 517.08 79 19 0 773 571355 1 14314780 45008 1.2 18 15 10 15 11% 6332 244957 4712 6%
c - 517.48 80 19 0 774 571477 1 14342585 44362 1.2 18 15 10 15 11% 6332 244957 4712 6%
c - 517.88 80 18 0 775 571566 1 14370406 44264 1.2 18 15 10 15 11% 6332 244957 4712 6%
c u 518.25 86 18 0 775 571642 1 14382856 51143 1.2 18 15 10 15 11% 6355 244957 4712 6%
c v 518.30 87 18 0 775 571642 1 14382856 45289 1.2 18 15 10 15 11% 6355 244957 4712 6%
c w 518.33 87 18 0 775 571642 1 14382856 42876 1.2 18 15 10 15 11% 6355 244957 4712 6%
c x 518.57 101 18 0 775 571642 1 14382856 42861 1.2 18 15 10 15 11% 6362 244897 4710 6%
c d 518.58 101 18 0 775 571642 1 14382856 42861 1.2 18 15 10 15 11% 6363 244839 4709 6%
c t 518.59 101 18 0 775 571642 1 14382856 42861 1.2 18 15 10 15 11% 6353 244839 4707 6%
c u 518.82 103 18 0 775 571642 1 14382856 36818 1.2 18 15 10 15 11% 6354 244822 4707 6%
c v 518.84 103 18 0 775 571642 1 14382856 36596 1.2 18 15 10 15 11% 6354 244822 4707 6%
c w 518.86 103 18 0 775 571642 1 14382856 36550 1.2 18 15 10 15 11% 6354 244822 4707 6%
c i 518.87 103 18 0 775 571642 1 14382856 36550 1.2 18 15 10 15 11% 6354 244822 4707 6%
c o 518.88 103 18 0 775 571642 1 14382856 36550 1.2 18 15 10 15 11% 6354 244822 4707 6%
c - 519.20 94 20 0 776 571817 1 14398244 36162 1.2 18 15 10 15 12% 6344 244822 4707 6%
c - 519.54 94 19 0 777 571827 1 14426102 38840 1.2 18 15 10 15 12% 6344 244822 4707 6%
c - 519.90 95 19 0 778 571875 1 14453976 37588 1.2 17 15 10 15 12% 6344 244822 4707 6%
c - 520.29 73 18 0 779 571934 1 14481869 38756 1.2 17 14 10 15 12% 6344 244822 4707 6%
c
c seconds   switched       rate            size/glue  tier1      binary        remaining
c         MB  reductions      conflicts          size    tier2      irredundant
c          level     restarts         redundant     glue     trail         variables
c
c - 520.62 73 17 0 780 571941 1 14509779 39674 1.2 17 14 10 15 12% 6344 244822 4707 6%
c - 520.95 73 17 0 781 571956 1 14537708 41477 1.2 17 14 10 15 12% 6344 244822 4707 6%
c - 521.26 74 17 0 782 572091 1 14565654 43486 1.2 16 14 10 15 12% 6344 244822 4707 6%
c - 521.76 86 17 0 783 573214 1 14593619 47703 1.2 16 13 10 15 12% 6344 244822 4707 6%
c - 522.11 79 17 0 784 573242 1 14621603 54209 1.2 16 13 10 15 13% 6344 244822 4707 6%
c - 522.65 81 17 0 785 573572 2 14649603 62309 1.2 15 12 10 15 13% 6346 244822 4707 6%
c - 523.33 79 19 0 786 575502 2 14677620 69060 1.2 16 13 10 15 14% 6347 244822 4707 6%
c - 523.83 81 18 0 787 576304 2 14705655 72696 1.2 16 13 10 15 13% 6347 244822 4707 6%
c - 524.33 82 18 0 788 577129 2 14733710 75660 1.2 16 13 10 15 13% 6347 244822 4707 6%
c - 524.78 78 17 0 789 577377 2 14761781 80246 1.2 15 13 10 15 12% 6347 244822 4707 6%
c u 525.40 87 17 0 789 578550 2 14783961 96703 1.2 16 13 10 15 13% 6347 244822 4707 6%
c v 525.62 87 17 0 789 578550 2 14783961 92093 1.2 16 13 10 15 13% 6347 244822 4707 6%
c w 525.68 87 17 0 789 578550 2 14783961 91328 1.2 16 13 10 15 13% 6347 244822 4707 6%
c t 525.69 87 17 0 789 578550 2 14783961 91328 1.2 16 13 10 15 13% 6346 244822 4707 6%
c - 526.19 76 19 0 790 579089 2 14789871 84468 1.2 16 13 10 15 14% 6346 244822 4707 6%
c - 527.14 81 21 0 791 580707 2 14817977 92242 1.2 16 13 10 15 15% 6353 244822 4707 6%
c s 527.44 82 21 0 791 581006 2 14828243 99957 1.2 16 13 10 15 15% 6358 244768 4707 6%
c e 527.46 88 21 0 791 581006 2 14828243 99957 1.2 16 13 10 15 15% 6340 244898 4698 6%
c s 527.48 88 21 0 791 581006 2 14828243 99957 1.2 16 13 10 15 15% 6341 244851 4698 6%
c e 527.49 88 21 0 791 581006 2 14828243 99957 1.2 16 13 10 15 15% 6340 244866 4697 6%
c
c seconds   switched       rate            size/glue  tier1      binary        remaining
c         MB  reductions      conflicts          size    tier2      irredundant
c          level     restarts         redundant     glue     trail         variables
c
c - 528.08 83 21 0 792 581661 2 14846101 98029 1.2 16 13 10 15 15% 6340 244866 4697 6%
c - 528.76 78 21 0 793 584939 2 14874243 100392 1.2 17 14 10 15 14% 6341 244866 4697 6%
c - 529.51 82 21 0 794 585985 2 14902403 101195 1.2 17 14 10 15 14% 6341 244866 4697 6%
c o 529.61 82 21 0 794 586323 2 14908617 106171 1.2 17 14 10 15 14% 6341 244866 4697 6%
c - 530.40 85 22 0 795 587151 2 14930582 102248 1.2 17 14 10 15 15% 6343 244866 4697 6%
c - 530.84 85 21 0 796 587239 2 14958777 106271 1.2 17 14 10 15 14% 6343 244866 4697 6%
c - 531.37 86 19 0 797 587700 2 14986991 109661 1.2 17 13 10 15 13% 6343 244866 4697 6%
c - 531.85 76 18 0 798 587920 2 15015222 114480 1.2 16 13 10 15 13% 6343 244866 4697 6%
c - 532.42 78 18 0 799 588597 2 15043471 118077 1.2 16 13 10 15 13% 6343 244866 4697 6%
c - 533.06 79 18 0 800 589323 2 15071737 121035 1.2 16 13 10 15 13% 6343 244866 4697 6%
c - 533.59 79 17 0 801 589503 2 15100021 124505 1.2 16 13 10 15 13% 6343 244866 4697 6%
c - 534.17 81 17 0 802 590327 2 15128322 129301 1.2 16 13 10 15 13% 6343 244866 4697 6%
c - 534.81 80 17 0 803 591141 2 15156641 132421 1.2 16 13 10 15 13% 6343 244866 4697 6%
c - 535.35 77 16 0 804 591362 1 15184979 135704 1.2 16 13 10 15 13% 6343 244866 4697 6%
c u 535.71 87 17 0 804 591498 1 15191082 140417 1.2 16 13 10 15 13% 6343 244866 4697 6%
c v 535.93 87 17 0 804 591498 1 15191082 139104 1.2 16 13 10 15 13% 6343 244866 4697 6%
c w 535.97 87 17 0 804 591498 1 15191082 138928 1.2 16 13 10 15 13% 6343 244866 4697 6%
c x 536.19 117 17 0 804 591498 1 15191082 138906 1.2 16 13 10 15 13% 6347 244716 4697 6%
c = 537.55 124 17 0 804 591498 1 15191082 138906 1.2 16 13 10 15 13% 6347 244596 4678 6%
c t 537.57 124 17 0 804 591498 1 15191082 138902 1.2 16 13 10 15 13% 6364 244543 4672 6%
c
c seconds    switched       rate             size/glue  tier1      binary        remaining
c          MB  reductions      conflicts           size    tier2      irredundant
c           level     restarts         redundant      glue     trail         variables
c
c u 537.98 141 17 0 804 591498 1 15191082 138567 1.2 16 13 10 15 13% 6371 244492 4672 6%
c v 538.19 147 17 0 804 591498 1 15191082 138338 1.2 16 13 10 15 13% 6371 244492 4672 6%
c w 538.23 148 17 0 804 591498 1 15191082 138323 1.2 16 13 10 15 13% 6371 244492 4672 6%
c - 539.15 145 19 0 805 594288 2 15213334 138680 1.2 16 13 10 15 14% 6321 244492 4672 6%
c - 539.85 111 19 0 806 594695 2 15241706 143330 1.2 16 13 10 15 14% 6321 244492 4672 6%
c - 540.39 112 18 0 807 594972 2 15270097 145538 1.2 16 13 10 15 14% 6321 244492 4672 6%
c - 541.01 79 17 0 808 595339 2 15298506 148431 1.2 16 13 10 15 13% 6321 244492 4672 6%
c - 541.72 80 18 0 809 596859 2 15326931 151063 1.2 16 13 10 15 13% 6321 244492 4672 6%
c - 542.41 80 18 0 810 600733 2 15355374 152082 1.2 17 14 10 15 13% 6322 244492 4672 6%
c - 544.05 73 23 0 811 602356 2 15383835 155148 1.2 17 14 10 15 15% 6322 244492 4672 6%
c - 544.58 76 21 0 812 602454 2 15412314 155541 1.2 17 14 10 15 14% 6322 244492 4672 6%
c - 545.19 76 20 0 813 602724 2 15440809 155019 1.2 17 14 10 15 14% 6322 244492 4672 6%
c - 545.81 77 19 0 814 603013 2 15469323 152911 1.2 17 14 10 15 13% 6322 244492 4672 6%
c o 546.23 77 18 0 814 603039 2 15489089 165835 1.2 16 13 10 15 13% 6322 244492 4672 6%
c - 546.70 70 27 0 815 603726 2 15497853 152206 1.2 17 13 10 15 15% 6322 244492 4672 6%
c - 547.43 76 25 0 816 605634 2 15526401 143322 1.2 17 14 10 15 14% 6322 244492 4672 6%
c - 548.48 72 25 0 817 608908 2 15554966 138220 1.2 17 14 10 15 14% 6323 244492 4672 6%
c - 549.35 72 24 0 818 609698 2 15583551 137143 1.2 17 14 10 15 14% 6323 244492 4672 6%
c u 550.08 85 22 0 818 609713 2 15604219 142162 1.2 17 14 10 15 13% 6335 244492 4672 6%
c v 550.28 86 22 0 818 609713 2 15604219 133986 1.2 17 14 10 15 13% 6335 244492 4672 6%
c
c seconds   switched       rate             size/glue  tier1      binary        remaining
c         MB  reductions      conflicts           size    tier2      irredundant
c          level     restarts         redundant      glue     trail         variables
c
c w 550.31 86 22 0 818 609713 2 15604219 133344 1.2 17 14 10 15 13% 6335 244492 4672 6%
c x 550.60 84 22 0 818 609713 2 15604219 133336 1.2 17 14 10 15 13% 6348 244356 4671 6%
c = 552.04 103 22 0 818 609713 2 15604219 133336 1.2 17 14 10 15 13% 6352 244287 4662 6%
c d 552.05 103 22 0 818 609713 2 15604219 133336 1.2 17 14 10 15 13% 6362 244271 4662 6%
c t 552.06 103 22 0 818 609713 2 15604219 133336 1.2 17 14 10 15 13% 6352 244271 4662 6%
c f 552.07 103 22 0 818 609713 2 15604219 133336 1.2 17 14 10 15 13% 6353 244253 4663 6%
c u 552.40 130 22 0 818 609713 2 15604219 122364 1.2 17 14 10 15 13% 6353 244253 4663 6%
c v 552.54 130 22 0 818 609713 2 15604219 121961 1.2 17 14 10 15 13% 6353 244253 4663 6%
c w 552.56 130 22 0 818 609713 2 15604219 121945 1.2 17 14 10 15 13% 6353 244253 4663 6%
c x 552.87 119 22 0 818 609713 2 15604219 121942 1.2 17 14 10 15 13% 6358 244178 4663 6%
c = 554.29 108 22 0 818 609713 2 15604219 121942 1.2 17 14 10 15 13% 6358 244109 4658 6%
c i 554.32 108 22 0 818 609713 2 15604219 121942 1.2 17 14 10 15 13% 6363 244102 4658 6%
c - 554.70 113 23 0 819 610495 2 15612152 116114 1.2 17 14 10 15 14% 6330 244101 4658 6%
c - 555.76 97 25 0 820 612960 2 15640770 114789 1.2 17 14 10 15 14% 6331 244101 4658 6%
c - 556.67 85 25 0 821 613951 2 15669407 112866 1.2 18 14 10 15 15% 6334 244101 4658 6%
c - 557.17 81 24 0 822 614349 2 15698061 109280 1.2 17 14 10 15 14% 6334 244101 4658 6%
c - 557.70 79 22 0 823 614461 2 15726732 111130 1.2 17 14 10 15 14% 6334 244101 4658 6%
c - 558.67 77 23 0 824 615501 2 15755419 112867 1.2 17 14 10 15 14% 6335 244101 4658 6%
c - 559.51 74 22 0 825 618812 2 15784124 113215 1.2 17 14 10 15 14% 6335 244101 4658 6%
c - 560.09 81 22 0 826 620210 2 15812846 116701 1.3 17 14 10 15 14% 6335 244101 4658 6%
c
c seconds   switched       rate             size/glue  tier1      binary        remaining
c         MB  reductions      conflicts           size    tier2      irredundant
c          level     restarts         redundant      glue     trail         variables
c
c - 560.63 82 21 0 827 620211 2 15841587 126452 1.4 18 13 10 15 15% 6335 244101 4658 6%
c - 561.26 83 20 0 828 620213 2 15870344 138903 1.5 18 12 10 15 15% 6335 244101 4658 6%
c - 562.39 79 22 0 829 623704 2 15899118 143356 1.4 18 13 10 15 15% 6335 244101 4658 6%
c - 563.57 82 22 0 830 627669 2 15927910 146569 1.4 18 13 10 15 15% 6336 244101 4658 6%
c s 564.37 78 23 0 830 629432 2 15946456 161422 1.3 18 14 10 15 15% 6347 243896 4658 6%
c e 564.39 85 23 0 830 629432 2 15946456 161422 1.3 18 14 10 15 15% 6249 244597 4600 6%
c 2 564.39 85 23 0 830 629432 2 15946456 161422 1.3 18 14 10 15 15% 6246 244597 4600 6%
c s 564.46 85 23 0 830 629432 2 15946456 161422 1.3 18 14 10 15 15% 6258 244224 4600 6%
c e 564.47 85 23 0 830 629432 2 15946456 161422 1.3 18 14 10 15 15% 6238 244342 4592 6%
c - 565.12 95 24 0 831 629806 2 15956719 147263 1.3 18 14 10 15 15% 6238 244342 4592 6%
c - 566.80 178 26 0 832 631477 3 15985546 151977 1.3 18 14 10 15 16% 6240 244342 4592 6%
c - 567.92 213 26 0 833 632374 3 16014391 156587 1.3 18 14 10 15 16% 6242 244342 4592 6%
c u 568.68 177 25 0 833 632386 3 16023359 147624 1.3 18 14 10 15 16% 6241 244342 4592 6%
c v 568.80 177 25 0 833 632386 3 16023359 143687 1.3 18 14 10 15 16% 6241 244342 4592 6%
c w 568.82 177 25 0 833 632386 3 16023359 143452 1.3 18 14 10 15 16% 6241 244342 4592 6%
c = 570.50 106 25 0 833 632386 3 16023359 143452 1.3 18 14 10 15 16% 6243 244317 4589 6%
c d 570.50 106 25 0 833 632386 3 16023359 143452 1.3 18 14 10 15 16% 6241 244315 4589 6%
c t 570.52 106 25 0 833 632386 3 16023359 143452 1.3 18 14 10 15 16% 6220 244315 4589 6%
c f 570.53 106 25 0 833 632386 3 16023359 143452 1.3 18 14 10 15 16% 6233 244132 4597 6%
c u 570.89 131 25 0 833 632386 3 16023359 132242 1.3 18 14 10 15 16% 6233 244132 4597 6%
c
c seconds    switched       rate             size/glue  tier1      binary        remaining
c          MB  reductions      conflicts           size    tier2      irredundant
c           level     restarts         redundant      glue     trail         variables
c
c v 570.97 131 25 0 833 632386 3 16023359 132145 1.3 18 14 10 15 16% 6233 244132 4597 6%
c w 570.99 131 25 0 833 632386 3 16023359 132139 1.3 18 14 10 15 16% 6233 244132 4597 6%
c x 571.42 157 25 0 833 632386 3 16023359 132125 1.3 18 14 10 15 16% 6236 244067 4597 6%
c o 573.10 116 25 0 833 632386 3 16023359 132125 1.3 18 14 10 15 16% 6236 244067 4597 6%
c - 573.76 110 25 0 834 632987 3 16043252 135171 1.3 18 13 10 15 16% 6234 244067 4597 6%
c - 574.32 100 22 0 835 633235 2 16072131 137196 1.3 17 13 10 15 14% 6234 244067 4597 6%
c - 574.93 101 21 0 836 633584 2 16101027 137981 1.3 17 13 10 15 14% 6234 244067 4597 6%
c - 575.70 105 21 0 837 635405 2 16129940 139688 1.3 17 13 10 15 13% 6236 244067 4597 6%
c - 576.31 105 20 0 838 637320 2 16158871 140352 1.2 17 14 10 15 13% 6236 244067 4597 6%
c - 576.90 105 20 0 839 638324 2 16187819 141007 1.2 17 14 10 15 12% 6236 244067 4597 6%
c - 577.46 80 19 0 840 638958 2 16216785 141155 1.2 17 14 10 15 12% 6236 244067 4597 6%
c - 578.03 81 19 0 841 639390 2 16245768 140737 1.2 17 14 10 15 12% 6236 244067 4597 6%
c - 578.55 82 18 0 842 639608 2 16274770 138568 1.2 17 14 10 15 12% 6236 244067 4597 6%
c - 579.19 82 18 0 843 640075 2 16303787 139408 1.2 17 14 10 15 11% 6236 244067 4597 6%
c - 579.85 83 18 0 844 640358 1 16332821 140648 1.2 17 14 10 15 11% 6236 244067 4597 6%
c - 580.54 83 17 0 845 640564 1 16361873 141795 1.2 17 14 10 15 11% 6236 244067 4597 6%
c - 581.20 83 17 0 846 640788 1 16390942 142189 1.2 17 14 10 15 11% 6236 244067 4597 6%
c - 581.88 83 17 0 847 641177 1 16420028 142977 1.2 17 14 10 15 11% 6236 244067 4597 6%
c u 582.88 94 17 0 847 641239 1 16448550 160796 1.2 16 14 10 15 11% 6236 244067 4597 6%
c v 583.02 94 17 0 847 641239 1 16448550 147429 1.2 16 14 10 15 11% 6236 244067 4597 6%
c
c seconds   switched       rate             size/glue  tier1      binary        remaining
c         MB  reductions      conflicts           size    tier2      irredundant
c          level     restarts         redundant      glue     trail         variables
c
c w 583.06 94 17 0 847 641239 1 16448550 146698 1.2 16 14 10 15 11% 6236 244067 4597 6%
c t 583.08 94 17 0 847 641239 1 16448550 146698 1.2 16 14 10 15 11% 6235 244067 4597 6%
c - 583.18 95 17 0 848 641303 1 16449131 140774 1.2 16 14 10 15 11% 6235 244067 4597 6%
c - 584.41 132 20 0 849 642732 2 16478251 149097 1.2 17 14 10 15 13% 6236 244067 4597 6%
c - 584.96 117 19 0 850 642975 2 16507389 148306 1.2 17 14 10 15 13% 6236 244067 4597 6%
c - 585.44 117 18 0 851 643050 2 16536543 148441 1.2 16 13 10 15 13% 6236 244067 4597 6%
c - 585.99 94 18 0 852 643477 2 16565714 150973 1.2 16 13 10 15 13% 6236 244067 4597 6%
c - 586.71 94 18 0 853 644704 2 16594906 151660 1.2 16 13 10 15 12% 6236 244067 4597 6%
c - 587.36 87 17 0 854 645513 1 16624113 146986 1.2 16 13 10 15 12% 6236 244067 4597 6%
c - 587.95 87 17 0 855 645683 1 16653336 146642 1.2 16 13 10 15 12% 6236 244067 4597 6%
c o 588.04 87 17 0 855 645688 1 16657172 149132 1.2 16 13 10 15 12% 6236 244067 4597 6%
c - 589.53 151 20 0 856 648179 2 16682577 150629 1.2 17 14 10 15 13% 6238 244067 4597 6%
c - 591.23 143 24 0 857 650185 2 16711834 153527 1.3 18 14 10 15 15% 6242 244066 4597 6%
c - 591.73 144 22 0 858 650226 2 16741109 148543 1.3 17 13 10 15 15% 6242 244066 4597 6%
c - 592.32 143 21 0 859 650587 2 16770400 134967 1.3 17 13 10 15 14% 6242 244066 4597 6%
c - 592.84 127 19 0 860 650780 2 16799708 130970 1.2 16 13 10 15 14% 6242 244066 4597 6%
c - 593.63 136 20 0 861 651824 2 16829033 132908 1.3 17 13 10 15 14% 6243 244066 4597 6%
c - 595.18 172 22 0 862 655108 2 16858375 134945 1.3 17 14 10 15 14% 6244 244065 4597 6%
c u 596.05 182 21 0 862 655696 2 16879809 150302 1.2 17 14 10 15 14% 6244 244065 4597 6%
c v 596.31 183 21 0 862 655696 2 16879809 139988 1.2 17 14 10 15 14% 6244 244065 4597 6%
c
c seconds    switched       rate             size/glue  tier1      binary        remaining
c          MB  reductions      conflicts           size    tier2      irredundant
c           level     restarts         redundant      glue     trail         variables
c
c w 596.37 183 21 0 862 655696 2 16879809 138473 1.2 17 14 10 15 14% 6244 244065 4597 6%
c = 597.83 101 21 0 862 655696 2 16879809 138473 1.2 17 14 10 15 14% 6244 244040 4594 6%
c t 597.84 101 21 0 862 655696 2 16879809 138473 1.2 17 14 10 15 14% 6243 244034 4594 6%
c u 598.18 113 21 0 862 655696 2 16879809 136645 1.2 17 14 10 15 14% 6254 244034 4594 6%
c v 598.32 113 21 0 862 655696 2 16879809 135962 1.2 17 14 10 15 14% 6254 244034 4594 6%
c w 598.34 113 21 0 862 655696 2 16879809 135936 1.2 17 14 10 15 14% 6254 244034 4594 6%
c x 598.70 119 21 0 862 655696 2 16879809 135903 1.2 17 14 10 15 14% 6267 243839 4594 6%
c t 600.22 88 21 0 862 655696 2 16879809 135903 1.2 17 14 10 15 14% 6252 243839 4594 6%
c b 600.23 88 21 0 862 655696 2 16879809 135903 1.2 17 14 10 15 14% 6252 243839 4593 6%
c f 600.24 88 21 0 862 655696 2 16879809 135903 1.2 17 14 10 15 14% 6253 243817 4594 6%
c - 600.81 134 25 0 863 656182 2 16887737 127574 1.3 17 14 10 15 15% 6249 243817 4594 6%
c - 601.38 135 23 0 864 656390 2 16917113 126419 1.2 17 14 10 15 15% 6249 243817 4594 6%
c - 601.96 136 21 0 865 656797 2 16946507 122274 1.2 17 14 10 15 14% 6249 243817 4594 6%
c - 602.52 98 20 0 866 657152 2 16975917 121309 1.2 17 14 10 15 14% 6249 243817 4594 6%
c - 603.49 102 20 0 867 659702 2 17005344 121356 1.2 17 14 10 15 14% 6249 243817 4594 6%
c - 604.24 87 20 0 868 660512 2 17034790 117103 1.2 17 14 10 15 13% 6249 243817 4594 6%
c - 605.01 88 19 0 869 661217 2 17064252 116290 1.2 17 14 10 15 13% 6249 243817 4594 6%
c - 605.73 88 18 0 870 661603 2 17093731 116308 1.2 17 14 10 15 12% 6249 243817 4594 6%
c s 606.15 89 18 0 870 662006 2 17112920 129963 1.2 17 14 10 15 12% 6255 243556 4594 6%
c e 606.17 96 18 0 870 662006 2 17112920 129963 1.2 17 14 10 15 12% 6178 244230 4545 6%
c
c seconds   switched       rate             size/glue  tier1      binary        remaining
c         MB  reductions      conflicts           size    tier2      irredundant
c          level     restarts         redundant      glue     trail         variables
c
c 2 606.17 96 18 0 870 662006 2 17112920 129963 1.2 17 14 10 15 12% 6177 244230 4545 6%
c s 606.24 96 18 0 870 662006 2 17112920 129963 1.2 17 14 10 15 12% 6187 243797 4545 6%
c e 606.25 96 18 0 870 662006 2 17112920 129963 1.2 17 14 10 15 12% 6168 243925 4534 6%
c - 606.56 115 18 0 871 662075 2 17123226 101892 1.2 17 14 10 15 12% 6168 243925 4534 6%
c - 607.62 142 20 0 872 663810 2 17152739 108089 1.2 17 14 10 15 13% 6172 243925 4534 6%
c - 608.17 110 19 0 873 664534 2 17182269 109836 1.2 17 14 10 15 12% 6172 243925 4534 6%
c - 608.68 110 19 0 874 665091 2 17211815 110666 1.2 17 14 10 15 12% 6172 243925 4534 6%
c - 609.19 79 18 0 875 665761 2 17241378 111340 1.2 17 14 10 15 12% 6172 243925 4534 6%
c - 609.66 80 18 0 876 665974 2 17270958 112041 1.2 17 14 10 15 12% 6172 243925 4534 6%
c o 609.81 80 18 0 876 666024 1 17281824 119332 1.2 17 14 10 15 12% 6172 243925 4534 6%
c - 610.29 87 19 0 877 666210 2 17300556 115408 1.2 17 14 10 15 12% 6172 243925 4534 6%
c u 611.18 107 19 0 877 666512 2 17317138 87748 1.2 17 14 10 15 13% 6171 243925 4534 6%
c v 611.36 108 19 0 877 666512 2 17317138 81028 1.2 17 14 10 15 13% 6171 243925 4534 6%
c w 611.54 109 19 0 877 666512 2 17317138 79591 1.2 17 14 10 15 13% 6171 243925 4534 6%
c t 611.55 109 19 0 877 666512 2 17317138 79591 1.2 17 14 10 15 13% 6147 243925 4534 6%
c f 611.57 109 19 0 877 666512 2 17317138 79591 1.2 17 14 10 15 13% 6162 243760 4542 6%
c u 611.87 128 19 0 877 666512 2 17317138 74734 1.2 17 14 10 15 13% 6162 243760 4542 6%
c v 612.02 129 19 0 877 666512 2 17317138 74478 1.2 17 14 10 15 13% 6162 243760 4542 6%
c w 612.15 129 19 0 877 666512 2 17317138 74418 1.2 17 14 10 15 13% 6162 243760 4542 6%
c x 612.45 106 19 0 877 666512 2 17317138 74407 1.2 17 14 10 15 13% 6165 243648 4541 6%
c
c seconds    switched       rate            size/glue  tier1      binary        remaining
c          MB  reductions      conflicts          size    tier2      irredundant
c           level     restarts         redundant     glue     trail         variables
c
c i 613.93 116 19 0 877 666512 2 17317138 74407 1.2 17 14 10 15 13% 6166 243645 4541 6%
c - 614.52 105 21 0 878 667340 2 17330170 72121 1.2 17 14 10 15 13% 6164 243644 4541 6%
c - 615.56 122 23 0 879 670223 2 17359801 78534 1.2 17 14 10 15 14% 6166 243644 4541 6%
c - 616.05 122 22 0 880 671857 2 17389448 77557 1.2 17 15 10 15 13% 6166 243644 4541 6%
c - 616.59 99 21 0 881 673320 2 17419113 77407 1.2 17 15 10 15 13% 6166 243644 4541 6%
c - 617.10 100 20 0 882 673581 2 17448795 77704 1.2 17 15 10 15 12% 6166 243644 4541 6%
c - 617.60 84 20 0 883 674468 2 17478493 77893 1.2 17 15 10 15 12% 6166 243644 4541 6%
c - 618.07 85 19 0 884 674597 2 17508208 77856 1.2 17 15 10 15 11% 6166 243644 4541 6%
c - 618.47 85 19 0 885 674958 1 17537940 78642 1.2 17 15 10 15 11% 6166 243644 4541 6%
c - 619.27 110 21 0 886 675900 2 17567688 80278 1.2 18 15 10 15 12% 6166 243644 4541 6%
c - 619.92 116 21 0 887 677145 2 17597453 77921 1.2 18 15 10 15 12% 6166 243644 4541 6%
c - 620.57 124 21 0 888 677633 2 17627235 75402 1.2 18 15 10 15 12% 6167 243644 4541 6%
c - 621.11 109 20 0 889 678080 2 17657035 74625 1.2 18 15 10 15 12% 6167 243644 4541 6%
c - 621.65 85 20 0 890 678279 2 17686851 74353 1.2 18 15 10 15 11% 6167 243644 4541 6%
c - 622.12 86 19 0 891 678587 1 17716684 74494 1.2 18 15 10 15 11% 6167 243644 4541 6%
c - 622.59 86 19 0 892 678766 1 17746533 71957 1.2 18 15 10 15 11% 6167 243644 4541 6%
c u 623.05 87 19 0 892 679029 1 17760535 80049 1.2 18 15 10 15 11% 6167 243644 4541 6%
c v 623.19 87 19 0 892 679029 1 17760535 75647 1.2 18 15 10 15 11% 6167 243644 4541 6%
c w 623.27 87 19 0 892 679029 1 17760535 72621 1.2 18 15 10 15 11% 6167 243644 4541 6%
c x 623.49 97 19 0 892 679029 1 17760535 72613 1.2 18 15 10 15 11% 6172 243532 4502 6%
c
c seconds   switched       rate            size/glue  tier1      binary        remaining
c         MB  reductions      conflicts          size    tier2      irredundant
c          level     restarts         redundant     glue     trail         variables
c
c t 623.51 97 19 0 892 679029 1 17760535 72613 1.2 18 15 10 15 11% 6249 243059 4502 6%
c u 623.78 100 19 0 892 679029 1 17760535 62309 1.2 18 15 10 15 11% 6249 243059 4502 6%
c v 623.87 100 19 0 892 679029 1 17760535 61103 1.2 18 15 10 15 11% 6249 243059 4502 6%
c w 623.89 100 19 0 892 679029 1 17760535 61034 1.2 18 15 10 15 11% 6249 243059 4502 6%
c x 624.23 102 19 0 892 679029 1 17760535 61029 1.2 18 15 10 15 11% 6252 242863 4500 6%
c i 624.25 102 19 0 892 679029 1 17760535 61029 1.2 18 15 10 15 11% 6256 242846 4500 6%
c - 624.63 111 20 0 893 679472 1 17776399 54499 1.2 18 15 10 15 11% 6135 242846 4500 6%
c - 625.08 95 19 0 894 679706 1 17806282 53259 1.2 18 15 10 15 11% 6135 242846 4500 6%
c - 625.66 96 20 0 895 679980 2 17836181 53731 1.2 18 15 10 15 11% 6135 242846 4500 6%
c - 626.12 97 19 0 896 680051 1 17866097 54706 1.2 18 15 10 15 11% 6135 242846 4500 6%
c - 626.57 84 19 0 897 680093 1 17896031 55213 1.2 17 15 10 15 11% 6135 242846 4500 6%
c o 626.64 84 19 0 897 680095 1 17901768 58836 1.2 17 15 10 15 11% 6135 242846 4500 6%
c - 627.17 68 20 0 898 681039 1 17925982 56088 1.2 17 15 10 15 11% 6135 242846 4500 6%
c - 627.82 97 20 0 899 682039 2 17955948 56892 1.2 18 15 10 15 11% 6135 242846 4500 6%
c - 628.30 98 20 0 900 682226 2 17985932 57933 1.2 18 15 10 15 11% 6135 242846 4500 6%
c - 628.79 98 19 0 901 682432 1 18015934 58626 1.2 17 15 10 15 11% 6135 242846 4500 6%
c - 629.26 75 19 0 902 682554 1 18045951 57495 1.2 17 15 10 15 11% 6135 242846 4500 6%
c - 629.74 76 18 0 903 682719 1 18075985 53353 1.2 17 15 10 15 11% 6135 242846 4500 6%
c - 630.23 61 18 0 904 683081 1 18106035 53191 1.2 17 15 10 15 11% 6135 242846 4500 6%
c - 630.70 61 18 0 905 683222 1 18136101 53368 1.2 17 14 10 15 10% 6135 242846 4500 6%
c
c seconds   switched       rate            size/glue  tier1      binary        remaining
c         MB  reductions      conflicts          size    tier2      irredundant
c          level     restarts         redundant     glue     trail         variables
c
c - 631.16 61 17 0 906 683405 1 18166184 54367 1.2 17 14 10 15 10% 6135 242846 4500 6%
c - 631.69 62 17 0 907 683667 1 18196284 55541 1.2 17 14 10 15 10% 6135 242846 4500 6%
c u 632.10 67 17 0 907 683853 1 18209973 64225 1.2 17 14 10 15 10% 6135 242846 4500 6%
c v 632.17 67 17 0 907 683853 1 18209973 57565 1.2 17 14 10 15 10% 6135 242846 4500 6%
c w 632.20 67 17 0 907 683853 1 18209973 56097 1.2 17 14 10 15 10% 6135 242846 4500 6%
c x 632.48 77 17 0 907 683853 1 18209973 56089 1.2 17 14 10 15 10% 6138 242749 4500 6%
c t 633.66 86 17 0 907 683853 1 18209973 56089 1.2 17 14 10 15 10% 6137 242749 4500 6%
c - 634.13 99 19 0 908 685271 1 18226400 52464 1.2 17 14 10 15 11% 6138 242749 4500 6%
c - 634.59 100 19 0 909 686630 1 18256533 51581 1.2 17 15 10 15 11% 6138 242749 4500 6%
c - 635.07 101 19 0 910 686980 1 18286683 47465 1.2 17 15 10 15 11% 6138 242749 4500 6%
c - 635.56 82 19 0 911 687645 1 18316849 46912 1.2 17 15 10 15 10% 6138 242749 4500 6%
c s 635.94 82 19 0 911 687927 1 18328282 55135 1.2 17 15 10 15 10% 6144 242269 4500 6%
c e 635.96 88 19 0 911 687927 1 18328282 55135 1.2 17 15 10 15 10% 6043 243100 4431 6%
c s 636.03 88 19 0 911 687927 1 18328282 55135 1.2 17 15 10 15 10% 6047 242822 4431 6%
c e 636.05 88 19 0 911 687927 1 18328282 55135 1.2 17 15 10 15 10% 6035 242912 4424 6%
c - 636.57 88 19 0 912 688757 2 18347031 48129 1.2 17 15 10 15 11% 6035 242912 4424 6%
c - 637.06 89 19 0 913 688961 2 18377231 48077 1.2 17 15 10 15 11% 6035 242912 4424 6%
c - 637.48 74 19 0 914 689107 1 18407448 48558 1.2 17 15 10 15 11% 6035 242912 4424 6%
c - 637.93 74 18 0 915 689317 1 18437680 49088 1.2 17 15 10 15 10% 6035 242912 4424 6%
c - 638.44 76 18 0 916 689495 1 18467930 49516 1.2 17 15 10 15 10% 6035 242912 4424 6%
c
c seconds   switched       rate            size/glue  tier1      binary        remaining
c         MB  reductions      conflicts          size    tier2      irredundant
c          level     restarts         redundant     glue     trail         variables
c
c - 638.86 76 18 0 917 689587 1 18498195 48389 1.2 17 15 10 15 10% 6035 242912 4424 6%
c - 639.35 76 18 0 918 689768 1 18528477 48978 1.2 17 14 10 15 10% 6035 242912 4424 6%
c - 639.84 76 17 0 919 689894 1 18558777 49044 1.2 17 14 10 15 10% 6035 242912 4424 6%
c - 640.37 77 17 0 920 690249 1 18589094 50388 1.2 17 14 10 15 10% 6035 242912 4424 6%
c - 640.89 77 17 0 921 690588 1 18619425 51917 1.2 17 14 10 15 10% 6035 242912 4424 6%
c - 641.40 77 17 0 922 690699 1 18649773 54053 1.2 17 14 10 15 10% 6035 242912 4424 6%
c b 641.66 77 16 0 922 690794 1 18665505 64724 1.2 16 14 10 15 10% 6035 242912 4423 6%
c u 641.96 83 16 0 922 690794 1 18665505 64123 1.2 16 14 10 15 10% 6036 242912 4423 6%
c v 642.06 86 16 0 922 690794 1 18665505 57054 1.2 16 14 10 15 10% 6036 242912 4423 6%
c w 642.08 86 16 0 922 690794 1 18665505 56259 1.2 16 14 10 15 10% 6036 242912 4423 6%
c t 642.09 86 16 0 922 690794 1 18665505 56259 1.2 16 14 10 15 10% 6034 242902 4423 6%
c f 642.11 86 16 0 922 690794 1 18665505 56259 1.2 16 14 10 15 10% 6048 242519 4441 6%
c u 642.34 104 16 0 922 690794 1 18665505 48680 1.2 16 14 10 15 10% 6080 242519 4441 6%
c v 642.39 104 16 0 922 690794 1 18665505 48387 1.2 16 14 10 15 10% 6080 242519 4441 6%
c w 642.40 104 16 0 922 690794 1 18665505 48386 1.2 16 14 10 15 10% 6080 242519 4441 6%
c x 642.69 108 16 0 922 690794 1 18665505 48377 1.2 16 14 10 15 10% 6089 242386 4441 6%
c t 642.70 108 16 0 922 690794 1 18665505 48377 1.2 16 14 10 15 10% 6074 242386 4441 6%
c o 642.71 108 16 0 922 690794 1 18665505 48377 1.2 16 14 10 15 10% 6074 242386 4441 6%
c - 643.09 106 18 0 923 691132 1 18680137 47442 1.2 17 14 10 15 10% 6071 242386 4441 6%
c - 643.66 108 18 0 924 692241 1 18710517 51521 1.2 16 14 10 15 10% 6071 242386 4441 6%
c
c seconds   switched       rate            size/glue  tier1      binary        remaining
c         MB  reductions      conflicts          size    tier2      irredundant
c          level     restarts         redundant     glue     trail         variables
c
c - 644.16 90 18 0 925 693253 1 18740914 52711 1.2 17 14 10 15 10% 6071 242386 4441 6%
c - 644.66 92 18 0 926 693929 1 18771327 52572 1.2 17 14 10 15 10% 6071 242386 4441 6%
c - 645.12 73 18 0 927 694376 1 18801758 52942 1.2 17 14 10 15 10% 6071 242386 4441 6%
c - 645.66 74 18 0 928 695065 1 18832204 53048 1.2 17 14 10 15 10% 6071 242386 4441 6%
c - 646.21 74 18 0 929 695529 1 18862667 52487 1.2 17 14 10 15 10% 6071 242386 4441 6%
c - 646.66 75 17 0 930 695604 1 18893147 52773 1.2 17 14 10 15 10% 6071 242386 4441 6%
c - 647.20 75 17 0 931 696137 1 18923642 54051 1.2 17 14 10 15 10% 6071 242386 4441 6%
c - 647.67 75 17 0 932 696205 1 18954155 55399 1.2 17 14 10 15 10% 6071 242386 4441 6%
c - 648.19 75 17 0 933 696329 1 18984683 57623 1.2 16 14 10 15 10% 6071 242386 4441 6%
c - 648.77 75 16 0 934 696494 1 19015228 60137 1.2 16 14 10 15 10% 6071 242386 4441 6%
c - 649.45 85 17 0 935 697043 1 19045790 64409 1.2 16 13 10 15 10% 6072 242386 4441 6%
c - 651.06 142 22 0 936 699757 2 19076367 72213 1.2 17 14 10 15 12% 6075 242386 4441 6%
c - 651.66 120 21 0 937 699929 2 19106961 74855 1.2 17 14 10 15 12% 6075 242386 4441 6%
c u 652.37 134 20 0 937 700360 2 19127133 64884 1.2 17 13 10 15 12% 6076 242386 4441 6%
c v 652.58 135 20 0 937 700360 2 19127133 57020 1.2 17 13 10 15 12% 6076 242386 4441 6%
c w 652.70 135 20 0 937 700360 2 19127133 56203 1.2 17 13 10 15 12% 6076 242386 4441 6%
c x 652.92 111 20 0 937 700360 2 19127133 56195 1.2 17 13 10 15 12% 6081 242276 4429 6%
c t 652.93 111 20 0 937 700360 2 19127133 56195 1.2 17 13 10 15 12% 6113 242070 4429 6%
c u 653.20 116 20 0 937 700360 2 19127133 50494 1.2 17 13 10 15 12% 6113 242070 4429 6%
c v 653.35 116 20 0 937 700360 2 19127133 49939 1.2 17 13 10 15 12% 6113 242070 4429 6%
c
c seconds    switched       rate            size/glue  tier1      binary        remaining
c          MB  reductions      conflicts          size    tier2      irredundant
c           level     restarts         redundant     glue     trail         variables
c
c w 653.45 116 20 0 937 700360 2 19127133 49879 1.2 17 13 10 15 12% 6113 242070 4429 6%
c x 653.73 93 20 0 937 700360 2 19127133 49867 1.2 17 13 10 15 12% 6122 241798 4393 6%
c = 655.03 91 20 0 937 700360 2 19127133 49867 1.2 17 13 10 15 12% 6125 241378 4391 6%
c d 655.04 91 20 0 937 700360 2 19127133 49867 1.2 17 13 10 15 12% 6176 241324 4391 6%
c i 655.06 91 20 0 937 700360 2 19127133 49867 1.2 17 13 10 15 12% 6176 241324 4391 6%
c - 655.43 119 22 0 938 701577 2 19137572 44428 1.2 17 14 10 15 12% 6037 241324 4391 6%
c - 656.12 128 22 0 939 704949 2 19168198 46238 1.2 17 14 10 15 12% 6038 241324 4391 6%
c - 656.64 129 21 0 940 707704 2 19198842 46602 1.2 17 15 10 15 11% 6038 241324 4391 6%
c - 657.07 129 20 0 941 708149 2 19229501 46473 1.2 17 15 10 15 10% 6038 241324 4391 6%
c - 657.56 115 19 0 942 708682 2 19260177 46802 1.2 17 15 10 15 10% 6038 241324 4391 6%
c - 658.06 97 19 0 943 710205 2 19290870 46667 1.2 17 15 10 15 10% 6038 241324 4391 6%
c - 658.54 98 19 0 944 710821 2 19321578 46671 1.2 17 15 10 15 10% 6038 241324 4391 6%
c - 659.05 74 19 0 945 710990 2 19352302 46797 1.2 17 15 10 15 9% 6038 241324 4391 6%
c o 659.36 74 19 0 945 711298 1 19376577 63945 1.2 17 15 10 15 9% 6038 241324 4391 6%
c - 659.66 89 20 0 946 711728 2 19383042 48762 1.2 18 15 10 15 10% 6038 241324 4391 6%
c - 660.24 95 20 0 947 712176 2 19413799 52285 1.2 18 15 10 15 11% 6038 241324 4391 6%
c - 660.74 102 20 0 948 712558 2 19444572 54082 1.2 18 15 10 15 10% 6038 241324 4391 6%
c - 661.22 92 20 0 949 712946 2 19475361 54998 1.2 18 15 10 15 10% 6039 241324 4391 6%
c - 661.83 100 21 0 950 713265 2 19506166 57357 1.2 18 15 10 15 11% 6039 241324 4391 6%
c - 662.34 88 21 0 951 713735 2 19536988 59020 1.2 18 15 10 15 11% 6039 241324 4391 6%
c
c seconds   switched       rate            size/glue  tier1      binary        remaining
c         MB  reductions      conflicts          size    tier2      irredundant
c          level     restarts         redundant     glue     trail         variables
c
c - 662.80 88 20 0 952 713828 2 19567826 62276 1.2 17 14 10 15 11% 6039 241324 4391 6%
c s 663.52 89 19 0 952 713864 1 19592920 80426 1.2 17 14 10 15 11% 6049 240990 4391 6%
c e 663.54 97 19 0 952 713864 1 19592920 80426 1.2 17 14 10 15 11% 5907 241972 4315 6%
c 2 663.54 97 19 0 952 713864 1 19592920 80426 1.2 17 14 10 15 11% 5905 241972 4315 6%
c s 663.69 97 19 0 952 713864 1 19592920 80426 1.2 17 14 10 15 11% 5912 241557 4315 6%
c e 663.70 97 19 0 952 713864 1 19592920 80426 1.2 17 14 10 15 11% 5903 241646 4309 6%
c u 664.09 107 19 0 952 714008 2 19594821 77888 1.2 17 14 10 15 11% 5901 241646 4309 6%
c v 664.26 107 19 0 952 714008 2 19594821 65765 1.2 17 14 10 15 11% 5901 241646 4309 6%
c w 664.38 107 19 0 952 714008 2 19594821 64816 1.2 17 14 10 15 11% 5901 241646 4309 6%
c x 664.59 114 19 0 952 714008 2 19594821 64771 1.2 17 14 10 15 11% 5956 240896 4303 6%
c t 664.60 114 19 0 952 714008 2 19594821 64771 1.2 17 14 10 15 11% 5936 240828 4298 6%
c f 664.64 114 19 0 952 714008 2 19594821 64771 1.2 17 14 10 15 11% 5955 240456 4315 6%
c u 664.86 120 19 0 952 714008 2 19594821 63069 1.2 17 14 10 15 11% 5966 240394 4315 6%
c v 664.97 121 19 0 952 714008 2 19594821 62615 1.2 17 14 10 15 11% 5966 240394 4315 6%
c w 665.09 122 19 0 952 714008 2 19594821 62544 1.2 17 14 10 15 11% 5966 240394 4315 6%
c x 665.39 129 19 0 952 714008 2 19594821 62521 1.2 17 14 10 15 11% 6109 239096 4306 6%
c = 666.53 112 19 0 952 714008 2 19594821 62521 1.2 17 14 10 15 11% 6109 238983 4298 6%
c t 666.54 93 19 0 952 714008 2 19594821 62520 1.2 17 14 10 15 11% 6088 238954 4298 6%
c i 666.57 93 19 0 952 714008 2 19594821 62520 1.2 17 14 10 15 11% 6088 238954 4298 6%
c - 666.89 89 21 0 953 714566 2 19598680 56915 1.2 17 14 10 15 12% 6006 238954 4298 6%
c
c seconds   switched       rate            size/glue  tier1      binary        remaining
c         MB  reductions      conflicts          size    tier2      irredundant
c          level     restarts         redundant     glue     trail         variables
c
c - 667.60 79 21 0 954 717830 2 19629550 58882 1.2 17 15 10 15 11% 6006 238954 4298 6%
c - 668.06 80 20 0 955 718056 2 19660436 57936 1.2 17 15 10 15 11% 6006 238954 4298 6%
c - 668.50 80 19 0 956 718202 2 19691339 58497 1.2 17 14 10 15 10% 6006 238954 4298 6%
c - 668.95 81 19 0 957 718472 2 19722260 59536 1.2 17 14 10 15 10% 6006 238954 4298 6%
c - 669.41 73 18 0 958 718559 1 19753195 61159 1.2 17 14 10 15 9% 6006 238954 4298 6%
c - 669.88 80 18 0 959 718762 1 19784146 64170 1.2 17 14 10 15 10% 6006 238954 4298 6%
c - 670.65 77 19 0 960 719242 2 19815113 69508 1.2 17 14 10 15 10% 6007 238953 4298 6%
c - 671.08 78 18 0 961 719348 2 19846097 73685 1.2 16 13 10 15 10% 6007 238953 4298 6%
c - 672.08 77 20 0 962 720935 2 19877097 79502 1.2 16 14 10 15 10% 6008 238953 4298 6%
c - 673.48 79 23 0 963 722836 2 19908113 86017 1.2 17 14 10 15 12% 6010 238953 4298 6%
c - 674.07 80 21 0 964 723736 2 19939146 87270 1.2 17 14 10 15 11% 6010 238953 4298 6%
c - 674.62 81 20 0 965 724126 2 19970194 88476 1.2 17 14 10 15 11% 6010 238953 4298 6%
c - 675.14 72 19 0 966 724492 2 20001259 89466 1.2 17 14 10 15 10% 6010 238953 4298 6%
c - 675.74 74 19 0 967 724848 2 20032339 86639 1.2 17 14 10 15 10% 6010 238953 4298 6%
c - 676.33 71 18 0 968 725220 2 20063435 86379 1.2 17 14 10 15 9% 6010 238953 4298 6%
c u 676.63 71 18 0 968 725220 2 20068370 88545 1.2 17 14 10 15 9% 6010 238953 4298 6%
c v 676.67 71 18 0 968 725220 2 20068370 86009 1.2 17 14 10 15 9% 6010 238953 4298 6%
c w 676.69 71 18 0 968 725220 2 20068370 85795 1.2 17 14 10 15 9% 6010 238953 4298 6%
c x 677.11 67 18 0 968 725220 2 20068370 85783 1.2 17 14 10 15 9% 6216 238212 4282 6%
c = 678.53 80 18 0 968 725220 2 20068370 85783 1.2 17 14 10 15 9% 6218 238060 4281 6%
c
c seconds   switched       rate            size/glue  tier1     binary        remaining
c         MB  reductions      conflicts          size    tier2     irredundant
c          level     restarts         redundant     glue    trail         variables
c
c d 678.53 80 18 0 968 725220 2 20068370 85783 1.2 17 14 10 15 9% 6250 238025 4281 6%
c t 678.55 80 18 0 968 725220 2 20068370 85783 1.2 17 14 10 15 9% 6185 238025 4276 6%
c u 678.85 85 18 0 968 725220 2 20068370 85227 1.2 17 14 10 15 9% 6194 237970 4276 6%
c v 678.88 86 18 0 968 725220 2 20068370 85178 1.2 17 14 10 15 9% 6194 237970 4276 6%
c w 678.89 86 18 0 968 725220 2 20068370 85177 1.2 17 14 10 15 9% 6194 237970 4276 6%
c x 679.31 80 18 0 968 725220 2 20068370 85175 1.2 17 14 10 15 9% 6199 237891 4276 6%
c = 680.53 85 18 0 968 725220 2 20068370 85175 1.2 17 14 10 15 9% 6199 237877 4273 6%
c t 680.55 85 18 0 968 725220 2 20068370 85175 1.2 17 14 10 15 9% 6198 237876 4273 6%
c i 680.56 85 18 0 968 725220 2 20068370 85175 1.2 17 14 10 15 9% 6198 237876 4273 6%
c o 680.56 85 18 0 968 725220 2 20068370 85175 1.2 17 14 10 15 9% 6198 237876 4273 6%
c - 681.62 87 21 0 969 727542 2 20094547 84727 1.2 17 14 10 15 11% 6123 237876 4273 6%
c - 682.13 87 20 0 970 728629 2 20125676 84302 1.2 17 15 10 15 10% 6123 237876 4273 6%
c - 682.71 87 20 0 971 729753 2 20156822 84513 1.2 17 15 10 15 10% 6123 237876 4273 6%
c - 683.19 88 19 0 972 730161 2 20187982 84373 1.2 17 15 10 15 9% 6123 237876 4273 6%
c - 683.68 81 19 0 973 730695 2 20219159 84423 1.2 17 15 10 15 9% 6123 237876 4273 6%
c - 684.17 82 19 0 974 731137 1 20250351 84460 1.2 17 15 10 15 9% 6123 237876 4273 6%
c - 684.65 82 18 0 975 731294 1 20281559 85071 1.2 17 15 10 15 8% 6123 237876 4273 6%
c - 685.15 82 18 0 976 731944 1 20312784 85923 1.2 17 15 10 15 8% 6123 237876 4273 6%
c - 685.66 84 18 0 977 732587 1 20344024 85164 1.2 17 15 10 15 8% 6123 237876 4273 6%
c - 686.23 84 18 0 978 733014 1 20375280 83221 1.2 17 15 10 15 8% 6123 237876 4273 6%
c
c seconds   switched       rate            size/glue  tier1     binary        remaining
c         MB  reductions      conflicts          size    tier2     irredundant
c          level     restarts         redundant     glue    trail         variables
c
c - 686.75 85 18 0 979 733335 1 20406553 81074 1.2 17 15 10 15 8% 6123 237876 4273 6%
c i 687.18 93 20 0 979 734193 1 20425438 95218 1.2 17 15 10 15 9% 6133 237874 4268 6%
c - 687.60 102 20 0 980 734412 2 20437841 84178 1.2 17 15 10 15 10% 6118 237874 4268 6%
c - 688.47 136 23 0 981 735407 2 20469146 85056 1.2 18 15 10 15 10% 6118 237874 4268 6%
c - 689.11 137 22 0 982 735897 2 20500468 83995 1.2 18 15 10 15 10% 6118 237874 4268 6%
c - 689.72 124 21 0 983 736476 2 20531806 83029 1.2 17 15 10 15 9% 6118 237874 4268 6%
c u 690.49 144 22 0 983 736638 2 20547970 92159 1.2 18 15 10 15 10% 6145 237837 4268 6%
c v 690.75 145 22 0 983 736638 2 20547970 87105 1.2 18 15 10 15 10% 6145 237837 4268 6%
c w 691.00 145 22 0 983 736638 2 20547970 85294 1.2 18 15 10 15 10% 6145 237837 4268 6%
c = 692.41 89 22 0 983 736638 2 20547970 85294 1.2 18 15 10 15 10% 6147 237834 4266 6%
c d 692.42 89 22 0 983 736638 2 20547970 85292 1.2 18 15 10 15 10% 6145 237833 4266 6%
c t 692.43 89 22 0 983 736638 2 20547970 85292 1.2 18 15 10 15 10% 6130 237833 4266 6%
c u 692.72 90 22 0 983 736638 2 20547970 80234 1.2 18 15 10 15 10% 6130 237833 4266 6%
c v 692.89 90 22 0 983 736638 2 20547970 79877 1.2 18 15 10 15 10% 6130 237833 4266 6%
c w 693.10 90 22 0 983 736638 2 20547970 79744 1.2 18 15 10 15 10% 6130 237833 4266 6%
c x 693.31 94 22 0 983 736638 2 20547970 79744 1.2 18 15 10 15 10% 6130 237831 4266 6%
c = 694.77 92 22 0 983 736638 2 20547970 79744 1.2 18 15 10 15 10% 6130 237805 4260 6%
c - 695.27 117 22 0 984 736982 2 20563158 72073 1.2 18 15 10 15 10% 6127 237783 4260 6%
c - 695.80 131 20 0 985 736990 2 20594527 73236 1.2 17 15 10 15 10% 6127 237783 4260 6%
c - 696.37 100 20 0 986 737247 1 20625912 74386 1.2 17 14 10 15 10% 6127 237783 4260 6%
c
c seconds    switched       rate            size/glue  tier1      binary        remaining
c          MB  reductions      conflicts          size    tier2      irredundant
c           level     restarts         redundant     glue     trail         variables
c
c - 696.98 101 19 0 987 737387 1 20657312 74914 1.2 17 14 10 15 11% 6127 237783 4260 6%
c - 697.48 77 18 0 988 737471 1 20688728 76695 1.2 17 14 10 15 11% 6127 237783 4260 6%
c - 698.03 77 17 0 989 737583 1 20720160 77890 1.2 17 14 10 15 11% 6127 237783 4260 6%
c o 698.37 78 17 0 989 737584 1 20742873 90916 1.2 16 14 10 15 10% 6127 237783 4260 6%
c - 698.77 96 18 0 990 738545 1 20751609 78522 1.2 16 14 10 15 11% 6127 237783 4260 6%
c - 699.83 135 21 0 991 740490 2 20783073 82926 1.2 17 14 10 15 12% 6129 237783 4260 6%
c - 700.48 136 20 0 992 741614 2 20814554 83366 1.2 17 14 10 15 11% 6129 237783 4260 6%
c - 701.10 136 19 0 993 742075 2 20846051 82042 1.2 17 14 10 15 11% 6129 237783 4260 6%
c - 701.67 119 18 0 994 742275 2 20877562 80202 1.2 16 13 10 15 10% 6129 237783 4260 6%
c s 702.94 117 18 0 994 742504 2 20907291 101249 1.2 16 13 10 15 10% 6163 237279 4260 6%
c e 702.98 122 18 0 994 742504 2 20907291 101249 1.2 16 13 10 15 10% 5687 240415 3970 5%
c 2 702.98 122 18 0 994 742504 2 20907291 101249 1.2 16 13 10 15 10% 5682 240415 3970 5%
c s 703.71 90 18 0 994 742504 2 20907291 101249 1.2 16 13 10 15 10% 5709 239379 3970 5%
c e 703.72 90 18 0 994 742504 2 20907291 101249 1.2 16 13 10 15 10% 5681 239641 3950 5%
c - 703.91 97 18 0 995 742676 2 20909089 82682 1.2 16 13 10 15 10% 5681 239641 3950 5%
c - 704.70 105 19 0 996 743843 2 20940632 87564 1.2 16 13 10 15 11% 5681 239641 3950 5%
c - 705.89 98 21 0 997 745804 2 20972191 96043 1.2 16 13 10 15 12% 5685 239639 3950 5%
c - 707.39 91 23 0 998 750562 3 21003766 98515 1.2 17 14 10 15 12% 5688 239639 3950 5%
c u 709.12 152 25 0 998 752696 3 21033740 120959 1.2 17 14 10 15 13% 5685 239639 3950 5%
c v 709.58 152 25 0 998 752696 3 21033740 116745 1.2 17 14 10 15 13% 5685 239639 3950 5%
c
c seconds    switched       rate             size/glue  tier1      binary        remaining
c          MB  reductions      conflicts           size    tier2      irredundant
c           level     restarts         redundant      glue     trail         variables
c
c w 709.74 153 25 0 998 752696 3 21033740 115429 1.2 17 14 10 15 13% 5685 239639 3950 5%
c t 711.40 98 25 0 998 752696 3 21033740 115429 1.2 17 14 10 15 13% 5613 239639 3950 5%
c f 711.43 98 25 0 998 752696 3 21033740 115429 1.2 17 14 10 15 13% 5648 239037 3978 5%
c u 711.90 132 25 0 998 752696 3 21033740 113430 1.2 17 14 10 15 13% 5648 239037 3978 5%
c v 712.38 135 25 0 998 752696 3 21033740 110668 1.2 17 14 10 15 13% 5648 239037 3978 5%
c w 712.57 135 25 0 998 752696 3 21033740 108898 1.2 17 14 10 15 13% 5648 239037 3978 5%
c - 712.81 155 25 0 999 752877 3 21035357 94959 1.2 17 14 10 15 13% 5650 239037 3978 5%
c - 713.33 156 23 0 1000 752896 2 21066964 99798 1.2 17 14 10 15 12% 5650 239037 3978 5%
c - 714.06 134 21 0 1001 753152 2 21098586 103243 1.2 17 14 10 15 11% 5653 239037 3978 5%
c - 714.61 135 20 0 1002 753288 2 21130226 108096 1.2 17 13 10 15 10% 5653 239037 3978 5%
c - 715.83 112 21 0 1003 755314 2 21161880 113822 1.2 17 14 10 15 11% 5655 239036 3978 5%
c - 716.97 112 25 0 1004 756615 2 21193550 121219 1.3 18 13 10 15 12% 5656 239036 3978 5%
c - 718.48 83 26 0 1005 760370 3 21225235 124556 1.3 18 14 10 15 13% 5656 239036 3978 5%
c - 719.16 74 25 0 1006 761014 2 21256936 126451 1.3 18 14 10 15 12% 5656 239036 3978 5%
c - 719.75 76 23 0 1007 761595 2 21288653 127007 1.2 18 14 10 15 11% 5656 239036 3978 5%
c - 720.35 79 21 0 1008 761866 2 21320386 127876 1.2 17 14 10 15 10% 5656 239036 3978 5%
c - 721.21 83 21 0 1009 762751 2 21352135 130051 1.2 17 14 10 15 10% 5658 239034 3978 5%
c o 721.43 73 21 0 1009 762877 2 21364369 139345 1.2 17 14 10 15 10% 5658 239034 3978 5%
c - 722.95 75 26 0 1010 764419 2 21383899 135869 1.2 18 14 10 15 13% 5662 239033 3978 5%
c - 723.93 83 24 0 1011 765943 2 21415680 136082 1.2 18 14 10 15 12% 5662 239033 3978 5%
c
c seconds   switched        rate             size/glue  tier1      binary        remaining
c         MB   reductions      conflicts           size    tier2      irredundant
c          level      restarts         redundant      glue     trail         variables
c
c - 724.84 79 23 0 1012 766330 2 21447476 138557 1.2 18 14 10 15 12% 5662 239033 3978 5%
c - 725.49 80 21 0 1013 766478 2 21479287 141330 1.2 17 14 10 15 11% 5662 239033 3978 5%
c - 726.10 80 20 0 1014 766537 2 21511114 145412 1.2 17 14 10 15 10% 5662 239033 3978 5%
c u 726.75 90 19 0 1014 766600 2 21525788 155437 1.2 17 14 10 15 10% 5662 239033 3978 5%
c v 726.93 91 19 0 1014 766600 2 21525788 149316 1.2 17 14 10 15 10% 5662 239033 3978 5%
c w 726.98 91 19 0 1014 766600 2 21525788 148631 1.2 17 14 10 15 10% 5662 239033 3978 5%
c x 727.36 87 19 0 1014 766600 2 21525788 148630 1.2 17 14 10 15 10% 5664 238977 3978 5%
c t 729.33 106 19 0 1014 766600 2 21525788 148630 1.2 17 14 10 15 10% 5654 238977 3978 5%
c - 730.50 186 24 0 1015 767914 2 21542957 148664 1.3 17 14 10 15 12% 5654 238977 3978 5%
c i 730.90 192 25 0 1015 768467 2 21547629 152683 1.3 17 14 10 15 12% 5655 238977 3977 5%
c - 732.25 165 25 0 1016 771068 2 21574816 153284 1.2 18 14 10 15 12% 5651 238977 3977 5%
c - 733.83 119 27 0 1017 773206 3 21606690 159083 1.3 18 14 10 15 13% 5653 238977 3977 5%
c - 734.77 87 25 0 1018 773583 2 21638580 162682 1.3 18 14 10 15 12% 5653 238977 3977 5%
c - 735.55 78 23 0 1019 774111 2 21670486 164350 1.3 17 14 10 15 11% 5653 238977 3977 5%
c - 736.34 79 21 0 1020 774364 2 21702409 165671 1.2 17 14 10 15 10% 5653 238977 3977 5%
c - 737.40 86 20 0 1021 775168 2 21734348 163836 1.2 17 14 10 15 10% 5653 238977 3977 5%
c - 738.20 87 19 0 1022 775627 2 21766302 159582 1.2 17 14 10 15 10% 5653 238977 3977 5%
c - 738.96 78 18 0 1023 775777 2 21798270 158289 1.2 16 14 10 15 10% 5653 238977 3977 5%
c - 739.85 78 18 0 1024 776450 1 21830254 160828 1.2 17 13 10 15 10% 5653 238977 3977 5%
c - 740.30 79 17 0 1025 776450 1 21862254 173044 1.4 18 12 10 15 10% 5653 238977 3977 5%
c
c seconds   switched        rate             size/glue  tier1      binary        remaining
c         MB   reductions      conflicts           size    tier2      irredundant
c          level      restarts         redundant      glue     trail         variables
c
c - 740.93 78 16 0 1026 776946 1 21894269 182909 1.6 18 12 10 15 10% 5653 238977 3977 5%
c - 742.72 90 18 0 1027 781920 2 21926300 184845 1.4 18 13 10 15 11% 5655 238977 3977 5%
c - 744.12 87 20 0 1028 785560 2 21958349 180527 1.4 18 13 10 15 11% 5655 238977 3977 5%
c - 744.90 89 19 0 1029 785892 2 21990411 180544 1.3 17 13 10 15 10% 5655 238977 3977 5%
c o 744.94 89 19 0 1029 785900 2 21992686 182365 1.3 17 13 10 15 10% 5655 238977 3977 5%
c - 746.07 79 19 0 1030 788808 2 22022489 180389 1.3 17 14 10 15 10% 5656 238977 3977 5%
c u 746.86 115 19 0 1030 788876 2 22024044 180639 1.3 17 14 10 15 10% 5666 238963 3977 5%
c v 746.92 117 19 0 1030 788876 2 22024044 180307 1.3 17 14 10 15 10% 5666 238963 3977 5%
c w 746.98 119 19 0 1030 788876 2 22024044 180201 1.3 17 14 10 15 10% 5666 238963 3977 5%
c t 746.99 119 19 0 1030 788876 2 22024044 180201 1.3 17 14 10 15 10% 5662 238963 3977 5%
c - 748.02 104 19 0 1031 791160 2 22054582 176642 1.2 17 14 10 15 10% 5662 238963 3977 5%
c - 749.53 122 21 0 1032 794713 2 22086691 175747 1.2 18 14 10 15 10% 5662 238963 3977 5%
c - 750.51 106 21 0 1033 795580 2 22118816 172458 1.2 18 14 10 15 10% 5662 238963 3977 5%
c - 751.13 106 19 0 1034 795630 2 22150956 168590 1.2 17 14 10 15 10% 5662 238963 3977 5%
c - 751.76 106 18 0 1035 795642 2 22183112 167760 1.2 17 14 10 15 9% 5662 238963 3977 5%
c - 752.48 83 18 0 1036 795732 2 22215283 170284 1.2 16 13 10 15 9% 5662 238963 3977 5%
c - 753.14 84 17 0 1037 795873 2 22247469 172659 1.2 16 13 10 15 9% 5662 238963 3977 5%
c s 754.22 85 17 0 1037 796075 1 22271655 189530 1.2 16 13 10 15 9% 5665 238562 3977 5%
c e 754.24 91 17 0 1037 796075 1 22271655 189530 1.2 16 13 10 15 9% 5606 239079 3941 5%
c 2 754.24 91 17 0 1037 796075 1 22271655 189530 1.2 16 13 10 15 9% 5605 239079 3941 5%
c
c seconds   switched        rate             size/glue  tier1     binary        remaining
c         MB   reductions      conflicts           size    tier2     irredundant
c          level      restarts         redundant      glue    trail         variables
c
c s 754.32 91 17 0 1037 796075 1 22271655 189530 1.2 16 13 10 15 9% 5612 238842 3941 5%
c e 754.33 91 17 0 1037 796075 1 22271655 189530 1.2 16 13 10 15 9% 5602 238949 3934 5%
c - 754.86 126 19 0 1038 796411 2 22279672 179029 1.3 17 13 10 15 10% 5605 238949 3934 5%
c - 756.00 135 19 0 1039 800094 2 22311890 179968 1.3 17 13 10 15 10% 5606 238949 3934 5%
c - 757.04 109 18 0 1040 802306 2 22344125 179277 1.2 17 14 10 15 9% 5606 238949 3934 5%
c - 757.87 85 18 0 1041 803095 2 22376374 174979 1.2 17 14 10 15 9% 5606 238949 3934 5%
c - 758.73 86 18 0 1042 803984 2 22408639 174021 1.2 17 14 10 15 9% 5606 238949 3934 5%
c - 759.61 87 18 0 1043 804475 2 22440920 172013 1.2 17 14 10 15 9% 5606 238949 3934 5%
c - 760.48 87 18 0 1044 804971 1 22473216 170172 1.2 17 14 10 15 8% 5606 238949 3934 5%
c - 761.33 87 17 0 1045 805489 1 22505526 166116 1.2 17 14 10 15 8% 5606 238949 3934 5%
c u 762.65 154 17 0 1045 805610 1 22528516 178337 1.2 17 14 10 15 8% 5629 238949 3934 5%
c v 763.11 155 17 0 1045 805610 1 22528516 167490 1.2 17 14 10 15 8% 5629 238949 3934 5%
c w 763.20 155 17 0 1045 805610 1 22528516 165897 1.2 17 14 10 15 8% 5629 238949 3934 5%
c t 763.22 124 17 0 1045 805610 1 22528516 165897 1.2 17 14 10 15 8% 5606 238949 3934 5%
c f 763.24 124 17 0 1045 805610 1 22528516 165897 1.2 17 14 10 15 8% 5615 238848 3939 5%
c u 763.94 139 17 0 1045 805610 1 22528516 149776 1.2 17 14 10 15 8% 5615 238848 3939 5%
c v 764.15 142 17 0 1045 805610 1 22528516 149335 1.2 17 14 10 15 8% 5615 238848 3939 5%
c w 764.19 142 17 0 1045 805610 1 22528516 149316 1.2 17 14 10 15 8% 5615 238848 3939 5%
c - 766.66 138 18 0 1046 806358 2 22537852 137000 1.2 17 14 10 15 9% 5618 238848 3939 5%
c - 767.55 153 19 0 1047 807125 2 22570193 137836 1.2 17 14 10 15 9% 5620 238848 3939 5%
c
c seconds    switched        rate             size/glue  tier1     binary        remaining
c          MB   reductions      conflicts           size    tier2     irredundant
c           level      restarts         redundant      glue    trail         variables
c
c - 768.72 151 19 0 1048 809511 2 22602550 132939 1.2 17 15 10 15 9% 5620 238848 3939 5%
c o 769.78 183 21 0 1048 810125 2 22624744 150429 1.2 17 14 10 15 10% 5624 238848 3939 5%
c - 770.06 127 21 0 1049 810437 2 22634922 133707 1.2 17 14 10 15 10% 5624 238848 3939 5%
c - 771.19 107 21 0 1050 811865 2 22667310 132560 1.2 17 15 10 15 10% 5624 238848 3939 5%
c - 771.97 84 21 0 1051 812467 2 22699716 126337 1.2 17 15 10 15 9% 5624 238848 3939 5%
c - 772.70 85 20 0 1052 812781 2 22732135 123512 1.2 17 15 10 15 9% 5624 238848 3939 5%
c - 773.64 96 26 0 1053 813674 2 22764569 124302 1.2 18 15 10 15 10% 5624 238848 3939 5%
c - 774.73 114 26 0 1054 814354 2 22797018 123961 1.2 18 15 10 15 11% 5625 238848 3939 5%
c - 775.80 146 25 0 1055 815181 2 22829483 123195 1.2 18 15 10 15 11% 5626 238848 3939 5%
c - 776.87 122 25 0 1056 815615 2 22861963 116074 1.3 18 14 10 15 11% 5626 238848 3939 5%
c - 778.04 114 24 0 1057 816321 2 22894459 104327 1.3 18 14 10 15 11% 5630 238848 3939 5%
c - 778.57 74 22 0 1058 816380 2 22926970 100360 1.2 17 14 10 15 11% 5630 238848 3939 5%
c - 779.12 75 21 0 1059 816872 2 22959496 99408 1.2 17 14 10 15 10% 5630 238848 3939 5%
c - 779.61 75 19 0 1060 816992 2 22992038 97257 1.2 17 14 10 15 10% 5630 238848 3939 5%
c - 780.14 76 19 0 1061 817298 2 23024596 95779 1.2 17 14 10 15 10% 5630 238848 3939 5%
c u 780.77 83 18 0 1061 817488 1 23039183 102405 1.2 16 14 10 15 10% 5630 238848 3939 5%
c v 780.92 83 18 0 1061 817488 1 23039183 97246 1.2 16 14 10 15 10% 5630 238848 3939 5%
c w 780.97 83 18 0 1061 817488 1 23039183 96544 1.2 16 14 10 15 10% 5630 238848 3939 5%
c x 781.40 88 18 0 1061 817488 1 23039183 96536 1.2 16 14 10 15 10% 5631 238775 3939 5%
c t 781.42 88 18 0 1061 817488 1 23039183 96536 1.2 16 14 10 15 10% 5627 238775 3939 5%
c
c seconds   switched        rate            size/glue  tier1      binary        remaining
c         MB   reductions      conflicts          size    tier2      irredundant
c          level      restarts         redundant     glue     trail         variables
c
c - 781.93 95 19 0 1062 818350 2 23057169 94130 1.2 17 14 10 15 10% 5628 238775 3939 5%
c - 783.07 106 20 0 1063 819600 2 23089757 98990 1.2 17 14 10 15 10% 5628 238775 3939 5%
c - 783.76 86 19 0 1064 821060 2 23122360 99850 1.2 17 14 10 15 10% 5628 238775 3939 5%
c - 784.71 74 20 0 1065 822218 2 23154980 101305 1.2 17 14 10 15 10% 5628 238775 3939 5%
c - 785.25 74 19 0 1066 822272 2 23187615 101064 1.2 17 14 10 15 10% 5628 238775 3939 5%
c - 785.76 65 18 0 1067 822357 2 23220264 100852 1.2 16 14 10 15 10% 5628 238775 3939 5%
c - 786.77 72 19 0 1068 823588 2 23252929 103176 1.2 16 14 10 15 11% 5629 238775 3939 5%
c o 787.17 72 18 0 1068 823787 2 23272787 116405 1.2 16 14 10 15 11% 5629 238775 3939 5%
c - 787.47 75 18 0 1069 824112 2 23285610 100435 1.2 16 14 10 15 10% 5629 238775 3939 5%
c - 788.52 69 20 0 1070 825220 2 23318305 101480 1.2 17 14 10 15 11% 5634 238775 3939 5%
c - 789.63 73 21 0 1071 826567 2 23351015 103321 1.2 17 14 10 15 11% 5635 238775 3939 5%
c - 790.35 74 21 0 1072 827335 2 23383744 103796 1.2 17 14 10 15 10% 5635 238775 3939 5%
c - 791.11 70 21 0 1073 828451 2 23416485 103564 1.2 17 15 10 15 10% 5635 238775 3939 5%
c - 791.89 72 20 0 1074 829508 2 23449243 103317 1.2 17 15 10 15 10% 5635 238775 3939 5%
c - 792.52 73 20 0 1075 830872 2 23482014 103037 1.2 17 15 10 15 9% 5635 238775 3939 5%
c - 793.40 74 21 0 1076 831300 2 23514802 103917 1.2 17 15 10 15 10% 5637 238775 3939 5%
c - 794.97 68 24 0 1077 832643 2 23547604 107959 1.2 18 15 10 15 12% 5638 238775 3939 5%
c u 795.66 78 24 0 1077 833086 2 23556080 112707 1.2 18 15 10 15 12% 5638 238775 3939 5%
c v 795.77 79 24 0 1077 833086 2 23556080 109834 1.2 18 15 10 15 12% 5638 238775 3939 5%
c w 795.90 79 24 0 1077 833086 2 23556080 107387 1.2 18 15 10 15 12% 5638 238775 3939 5%
c
c seconds   switched        rate             size/glue  tier1      binary        remaining
c         MB   reductions      conflicts           size    tier2      irredundant
c          level      restarts         redundant      glue     trail         variables
c
c t 795.92 79 24 0 1077 833086 2 23556080 107387 1.2 18 15 10 15 12% 5634 238775 3939 5%
c - 796.89 65 25 0 1078 833928 2 23580423 106040 1.2 18 15 10 15 12% 5637 238775 3939 5%
c - 797.65 73 24 0 1079 834529 2 23613256 107154 1.2 18 15 10 15 11% 5637 238775 3939 5%
c - 798.30 76 22 0 1080 835101 2 23646106 104029 1.2 18 15 10 15 10% 5637 238775 3939 5%
c - 799.07 67 21 0 1081 835293 2 23678969 106105 1.2 18 15 10 15 11% 5638 238775 3939 5%
c s 799.25 68 21 0 1081 835298 2 23687019 111777 1.2 17 14 10 15 10% 5647 238679 3939 5%
c e 799.26 75 21 0 1081 835298 2 23687019 111777 1.2 17 14 10 15 10% 5641 238796 3931 5%
c s 799.29 75 21 0 1081 835298 2 23687019 111777 1.2 17 14 10 15 10% 5643 238737 3931 5%
c - 799.93 81 21 0 1082 835792 2 23711847 109823 1.2 17 14 10 15 10% 5644 238737 3931 5%
c - 800.59 82 20 0 1083 836118 2 23744740 111063 1.2 17 14 10 15 10% 5644 238737 3931 5%
c - 801.42 99 21 0 1084 837183 2 23777648 111403 1.2 17 14 10 15 10% 5645 238737 3931 5%
c - 802.05 99 20 0 1085 837225 2 23810573 113172 1.2 17 14 10 15 10% 5645 238737 3931 5%
c - 802.58 100 18 0 1086 837255 2 23843514 114947 1.2 16 13 10 15 10% 5645 238737 3931 5%
c - 803.13 95 18 0 1087 837288 2 23876469 116885 1.2 16 13 10 15 10% 5645 238737 3931 5%
c - 804.28 97 18 0 1088 838692 2 23909438 119696 1.2 16 13 10 15 10% 5646 238737 3931 5%
c o 804.81 107 19 0 1088 839349 2 23928343 135489 1.3 16 13 10 15 10% 5646 238737 3931 5%
c - 805.55 112 20 0 1089 841096 2 23942422 125861 1.3 17 13 10 15 11% 5646 238737 3931 5%
c - 807.07 94 21 0 1090 844238 2 23975422 127355 1.2 17 14 10 15 11% 5646 238737 3931 5%
c - 808.45 108 22 0 1091 845343 2 24008437 129849 1.2 17 14 10 15 12% 5650 238736 3931 5%
c - 809.14 76 20 0 1092 845420 2 24041470 131787 1.2 17 14 10 15 11% 5650 238736 3931 5%
c
c seconds    switched        rate             size/glue  tier1      binary        remaining
c          MB   reductions      conflicts           size    tier2      irredundant
c           level      restarts         redundant      glue     trail         variables
c
c - 810.18 101 20 0 1093 845946 2 24074515 134036 1.2 16 13 10 15 11% 5650 238736 3931 5%
c u 810.94 116 20 0 1093 846135 2 24079243 136897 1.2 17 13 10 15 11% 5650 238736 3931 5%
c v 811.21 116 20 0 1093 846135 2 24079243 136072 1.2 17 13 10 15 11% 5650 238736 3931 5%
c w 811.35 116 20 0 1093 846135 2 24079243 135911 1.2 17 13 10 15 11% 5650 238736 3931 5%
c t 811.37 92 20 0 1093 846135 2 24079243 135911 1.2 17 13 10 15 11% 5644 238736 3931 5%
c f 811.38 92 20 0 1093 846135 2 24079243 135911 1.2 17 13 10 15 11% 5643 238712 3932 5%
c u 811.96 124 20 0 1093 846135 2 24079243 127372 1.2 17 13 10 15 11% 5667 238712 3932 5%
c v 812.18 126 20 0 1093 846135 2 24079243 127080 1.2 17 13 10 15 11% 5667 238712 3932 5%
c w 812.30 127 20 0 1093 846135 2 24079243 127014 1.2 17 13 10 15 11% 5667 238712 3932 5%
c = 814.11 140 20 0 1093 846135 2 24079243 127014 1.2 17 13 10 15 11% 5667 238664 3928 5%
c t 814.12 140 20 0 1093 846135 2 24079243 127014 1.2 17 13 10 15 11% 5666 238657 3928 5%
c - 814.87 109 19 0 1094 847097 2 24107576 123238 1.2 16 13 10 15 11% 5655 238657 3928 5%
c - 815.60 89 18 0 1095 847291 2 24140652 125464 1.2 16 13 10 15 11% 5655 238657 3928 5%
c - 816.35 89 18 0 1096 847533 2 24173743 126328 1.2 16 13 10 15 10% 5655 238657 3928 5%
c - 817.28 108 18 0 1097 849010 2 24206849 129096 1.2 16 13 10 15 11% 5655 238657 3928 5%
c - 818.36 100 18 0 1098 853920 2 24239969 127077 1.2 16 14 10 15 10% 5656 238657 3928 5%
c - 819.39 84 18 0 1099 857058 2 24273105 124963 1.2 17 14 10 15 9% 5656 238657 3928 5%
c - 820.45 103 20 0 1100 857977 2 24306256 124347 1.2 17 14 10 15 10% 5658 238657 3928 5%
c - 821.11 104 19 0 1101 858063 2 24339422 124947 1.2 17 14 10 15 9% 5658 238657 3928 5%
c - 821.73 105 18 0 1102 858132 1 24372603 127079 1.2 17 14 10 15 9% 5658 238657 3928 5%
c
c seconds    switched        rate             size/glue  tier1      binary        remaining
c          MB   reductions      conflicts           size    tier2      irredundant
c           level      restarts         redundant      glue     trail         variables
c
c - 823.50 182 21 0 1103 860353 2 24405800 131983 1.2 17 14 10 15 10% 5660 238657 3928 5%
c - 824.67 151 21 0 1104 861038 2 24439012 136942 1.2 17 14 10 15 11% 5661 238657 3928 5%
c - 825.41 104 20 0 1105 861436 2 24472239 140429 1.2 17 14 10 15 10% 5661 238657 3928 5%
c - 826.47 108 20 0 1106 861802 2 24505484 147176 1.2 16 13 10 15 10% 5662 238656 3928 5%
c - 827.66 95 22 0 1107 862890 2 24538741 156574 1.3 17 13 10 15 11% 5662 238656 3928 5%
c - 828.49 84 20 0 1108 864013 2 24572012 159180 1.3 16 13 10 15 11% 5663 238656 3928 5%
c o 829.14 86 20 0 1108 866795 2 24602541 182101 1.2 16 13 10 15 10% 5663 238656 3928 5%
c - 829.33 94 20 0 1109 867081 2 24605298 158478 1.2 16 13 10 15 10% 5663 238656 3928 5%
c u 829.99 111 20 0 1109 867116 2 24608660 146733 1.2 16 13 10 15 10% 5663 238656 3928 5%
c v 830.06 111 20 0 1109 867116 2 24608660 145320 1.2 16 13 10 15 10% 5663 238656 3928 5%
c w 830.08 111 20 0 1109 867116 2 24608660 145192 1.2 16 13 10 15 10% 5663 238656 3928 5%
c t 830.10 111 20 0 1109 867116 2 24608660 145192 1.2 16 13 10 15 10% 5661 238656 3928 5%
c - 832.14 133 24 0 1110 869575 2 24638599 148746 1.2 17 14 10 15 12% 5664 238656 3928 5%
c - 833.55 136 24 0 1111 871084 3 24671915 151925 1.2 17 14 10 15 12% 5666 238656 3928 5%
c - 834.29 125 22 0 1112 871889 2 24705246 151106 1.2 17 14 10 15 11% 5666 238656 3928 5%
c - 834.98 97 21 0 1113 872236 2 24738594 148445 1.2 17 14 10 15 10% 5666 238656 3928 5%
c - 835.68 74 20 0 1114 872438 2 24771955 147085 1.2 17 14 10 15 10% 5666 238656 3928 5%
c - 836.51 76 19 0 1115 872716 2 24805332 149675 1.2 17 14 10 15 10% 5666 238656 3928 5%
c - 837.15 77 18 0 1116 872800 2 24838723 152398 1.2 17 14 10 15 10% 5666 238656 3928 5%
c - 838.02 81 18 0 1117 873433 2 24872129 155591 1.2 17 13 10 15 10% 5666 238656 3928 5%
c
c seconds   switched        rate             size/glue  tier1      binary        remaining
c         MB   reductions      conflicts           size    tier2      irredundant
c          level      restarts         redundant      glue     trail         variables
c
c - 838.98 78 18 0 1118 875387 2 24905550 154967 1.2 17 14 10 15 10% 5666 238656 3928 5%
c - 839.87 80 18 0 1119 876047 2 24938990 151138 1.2 16 14 10 15 9% 5668 238656 3928 5%
c - 841.14 77 19 0 1120 877180 2 24972441 150400 1.2 17 14 10 15 10% 5668 238656 3928 5%
c - 841.95 73 19 0 1121 877992 2 25005907 150974 1.2 17 14 10 15 10% 5668 238656 3928 5%
c - 842.67 63 18 0 1122 878407 2 25039388 150637 1.2 16 14 10 15 10% 5668 238656 3928 5%
c - 843.35 64 17 0 1123 878659 1 25072884 150043 1.2 16 14 10 15 10% 5668 238656 3928 5%
c - 844.00 65 17 0 1124 878831 1 25106395 146456 1.2 16 13 10 15 10% 5668 238656 3928 5%
c - 844.78 71 17 0 1125 879177 1 25139922 149573 1.2 16 13 10 15 10% 5668 238656 3928 5%
c u 845.39 82 17 0 1125 879243 1 25144342 146562 1.2 16 13 10 15 10% 5668 238656 3928 5%
c v 845.56 82 17 0 1125 879243 1 25144342 146113 1.2 16 13 10 15 10% 5668 238656 3928 5%
c w 845.63 82 17 0 1125 879243 1 25144342 145976 1.2 16 13 10 15 10% 5668 238656 3928 5%
c x 846.13 77 17 0 1125 879243 1 25144342 145964 1.2 16 13 10 15 10% 5669 238562 3928 5%
c = 848.19 94 17 0 1125 879243 1 25144342 145964 1.2 16 13 10 15 10% 5669 238546 3927 5%
c t 848.21 94 17 0 1125 879243 1 25144342 145964 1.2 16 13 10 15 10% 5667 238543 3927 5%
c u 848.78 104 17 0 1125 879243 1 25144342 140994 1.2 16 13 10 15 10% 5667 238543 3927 5%
c v 848.92 104 17 0 1125 879243 1 25144342 140870 1.2 16 13 10 15 10% 5667 238543 3927 5%
c w 848.98 104 17 0 1125 879243 1 25144342 140858 1.2 16 13 10 15 10% 5667 238543 3927 5%
c = 850.96 98 17 0 1125 879243 1 25144342 140858 1.2 16 13 10 15 10% 5667 238539 3926 5%
c s 851.32 121 17 0 1125 880961 1 25154116 148154 1.2 16 13 10 15 10% 5673 238499 3926 5%
c e 851.33 125 17 0 1125 880961 1 25154116 148154 1.2 16 13 10 15 10% 5644 238667 3913 5%
c
c seconds    switched        rate             size/glue  tier1      binary        remaining
c          MB   reductions      conflicts           size    tier2      irredundant
c           level      restarts         redundant      glue     trail         variables
c
c s 851.36 125 17 0 1125 880961 1 25154116 148154 1.2 16 13 10 15 10% 5647 238612 3913 5%
c - 852.82 166 20 0 1126 883606 2 25173463 141311 1.2 17 14 10 15 11% 5648 238612 3913 5%
c - 853.77 143 19 0 1127 884857 2 25207020 141669 1.2 17 14 10 15 11% 5648 238612 3913 5%
c - 854.57 115 19 0 1128 885807 2 25240590 138950 1.2 17 14 10 15 11% 5650 238612 3913 5%
c - 855.35 82 19 0 1129 886804 2 25274175 138810 1.2 17 14 10 15 10% 5650 238612 3913 5%
c - 856.09 83 18 0 1130 887111 2 25307775 139458 1.2 17 14 10 15 9% 5650 238612 3913 5%
c - 856.76 84 18 0 1131 887639 2 25341393 139454 1.2 17 14 10 15 9% 5650 238612 3913 5%
c o 857.18 85 18 0 1131 887973 1 25361680 155020 1.2 17 14 10 15 9% 5650 238612 3913 5%
c - 857.63 90 18 0 1132 889152 2 25375024 139852 1.2 17 14 10 15 9% 5650 238612 3913 5%
c - 858.43 90 18 0 1133 889708 2 25408670 139871 1.2 17 14 10 15 9% 5650 238612 3913 5%
c - 859.03 90 17 0 1134 889727 1 25442330 138451 1.2 17 14 10 15 9% 5650 238612 3913 5%
c - 859.98 123 18 0 1135 891762 2 25476004 139709 1.2 17 14 10 15 10% 5652 238612 3913 5%
c - 861.47 121 21 0 1136 894537 2 25509696 141920 1.2 17 14 10 15 10% 5653 238612 3913 5%
c - 862.83 124 21 0 1137 896084 2 25543402 140736 1.2 17 14 10 15 11% 5654 238612 3913 5%
c - 864.22 114 23 0 1138 897305 2 25577122 138602 1.2 18 14 10 15 12% 5654 238612 3913 5%
c - 864.86 114 21 0 1139 897400 2 25610857 134798 1.2 17 14 10 15 11% 5654 238612 3913 5%
c - 865.56 82 19 0 1140 897455 2 25644606 138117 1.2 17 13 10 15 11% 5654 238612 3913 5%
c - 867.95 179 23 0 1141 899625 2 25678369 142892 1.3 17 14 10 15 13% 5657 238612 3913 5%
c u 868.70 144 23 0 1141 899643 2 25686274 147711 1.3 17 14 10 15 13% 5657 238612 3913 5%
c v 868.91 144 23 0 1141 899643 2 25686274 144610 1.3 17 14 10 15 13% 5657 238612 3913 5%
c
c seconds    switched        rate             size/glue  tier1      binary        remaining
c          MB   reductions      conflicts           size    tier2      irredundant
c           level      restarts         redundant      glue     trail         variables
c
c w 868.94 144 23 0 1141 899643 2 25686274 144351 1.3 17 14 10 15 13% 5657 238612 3913 5%
c t 871.48 118 23 0 1141 899643 2 25686274 144351 1.3 17 14 10 15 13% 5646 238612 3913 5%
c f 871.49 119 23 0 1141 899643 2 25686274 144351 1.3 17 14 10 15 13% 5650 238560 3915 5%
c u 872.14 145 23 0 1141 899643 2 25686274 142982 1.3 17 14 10 15 13% 5650 238560 3915 5%
c v 872.32 145 23 0 1141 899643 2 25686274 142711 1.3 17 14 10 15 13% 5650 238560 3915 5%
c w 872.34 145 23 0 1141 899643 2 25686274 142704 1.3 17 14 10 15 13% 5650 238560 3915 5%
c - 873.24 146 23 0 1142 903033 2 25712148 139138 1.2 17 14 10 15 12% 5650 238560 3915 5%
c - 874.14 128 22 0 1143 904420 2 25745942 141670 1.2 17 14 10 15 12% 5651 238560 3915 5%
c - 875.32 110 22 0 1144 905035 2 25779751 143467 1.2 17 14 10 15 12% 5654 238559 3915 5%
c - 876.14 114 21 0 1145 905644 2 25813574 144843 1.2 17 14 10 15 11% 5654 238559 3915 5%
c - 877.28 110 21 0 1146 906685 2 25847411 149538 1.2 17 14 10 15 11% 5657 238559 3915 5%
c - 878.51 86 21 0 1147 908100 2 25881263 153118 1.2 17 14 10 15 11% 5657 238559 3915 5%
c - 879.40 88 20 0 1148 908922 2 25915130 147407 1.2 17 14 10 15 11% 5657 238559 3915 5%
c - 881.20 94 23 0 1149 910815 2 25949012 148779 1.2 17 14 10 15 12% 5659 238559 3915 5%
c - 882.75 87 24 0 1150 912220 2 25982909 151244 1.2 18 14 10 15 13% 5666 238559 3915 5%
c - 883.56 90 22 0 1151 912703 2 26016820 146422 1.2 17 14 10 15 11% 5666 238559 3915 5%
c - 884.21 90 21 0 1152 913010 2 26050748 144175 1.2 17 14 10 15 10% 5666 238559 3915 5%
c - 884.85 91 20 0 1153 913158 2 26084689 143558 1.2 17 14 10 15 10% 5666 238559 3915 5%
c - 885.61 92 19 0 1154 913478 2 26118645 143287 1.2 17 14 10 15 9% 5666 238559 3915 5%
c - 886.40 93 18 0 1155 913715 2 26152616 140759 1.2 17 14 10 15 9% 5666 238559 3915 5%
c
c seconds   switched        rate             size/glue  tier1     binary        remaining
c         MB   reductions      conflicts           size    tier2     irredundant
c          level      restarts         redundant      glue    trail         variables
c
c - 887.11 83 18 0 1156 913810 1 26186601 134562 1.2 17 14 10 15 9% 5666 238559 3915 5%
c o 887.28 84 18 0 1156 913860 1 26195114 140901 1.2 17 14 10 15 9% 5666 238559 3915 5%
c - 887.85 93 17 0 1157 913909 1 26220601 136732 1.2 16 14 10 15 9% 5667 238559 3915 5%
c u 888.88 92 17 0 1157 913909 1 26234523 144224 1.2 16 13 10 15 9% 5686 238559 3912 5%
c v 889.04 93 17 0 1157 913909 1 26234523 139893 1.2 16 13 10 15 9% 5686 238559 3912 5%
c w 889.06 93 17 0 1157 913909 1 26234523 139749 1.2 16 13 10 15 9% 5686 238559 3912 5%
c t 891.16 100 17 0 1157 913909 1 26234523 139741 1.2 16 13 10 15 9% 5682 238526 3911 5%
c u 891.79 128 17 0 1157 913909 1 26234523 121258 1.2 16 13 10 15 9% 5682 238514 3911 5%
c v 891.92 130 17 0 1157 913909 1 26234523 121092 1.2 16 13 10 15 9% 5682 238514 3911 5%
c w 891.94 130 17 0 1157 913909 1 26234523 121092 1.2 16 13 10 15 9% 5682 238514 3911 5%
c i 891.96 130 17 0 1157 913909 1 26234523 121092 1.2 16 13 10 15 9% 5682 238514 3911 5%
c - 892.84 86 19 0 1158 916564 2 26254615 119092 1.2 17 14 10 15 10% 5659 238514 3911 5%
c - 893.45 74 18 0 1159 917263 2 26288644 119118 1.2 16 14 10 15 10% 5659 238514 3911 5%
c - 894.50 81 21 0 1160 918995 2 26322688 123111 1.2 17 14 10 15 10% 5660 238514 3911 5%
c - 895.26 78 20 0 1161 919853 2 26356746 126163 1.2 17 14 10 15 10% 5660 238514 3911 5%
c - 896.34 79 21 0 1162 921179 2 26390819 128036 1.2 17 14 10 15 10% 5662 238514 3911 5%
c - 897.25 82 20 0 1163 921840 2 26424909 128666 1.2 17 14 10 15 10% 5662 238514 3911 5%
c - 897.83 73 19 0 1164 921912 2 26459013 128473 1.2 17 14 10 15 10% 5662 238514 3911 5%
c - 898.32 74 18 0 1165 921956 2 26493131 128558 1.2 16 14 10 15 10% 5662 238514 3911 5%
c - 899.16 82 19 0 1166 923031 2 26527263 128048 1.2 16 14 10 15 10% 5663 238514 3911 5%
c
c seconds   switched        rate             size/glue  tier1      binary        remaining
c         MB   reductions      conflicts           size    tier2      irredundant
c          level      restarts         redundant      glue     trail         variables
c
c - 899.82 82 18 0 1167 923359 2 26561411 128953 1.2 16 14 10 15 10% 5663 238514 3911 5%
c - 900.56 83 17 0 1168 923581 2 26595572 129484 1.2 16 13 10 15 10% 5664 238514 3911 5%
c - 901.64 84 18 0 1169 925026 2 26629748 132164 1.2 16 13 10 15 10% 5666 238514 3911 5%
c - 902.51 75 18 0 1170 925629 2 26663938 136009 1.2 16 13 10 15 10% 5666 238514 3911 5%
c s 902.71 75 17 0 1170 925715 2 26673501 142578 1.2 16 13 10 15 10% 5671 238472 3911 5%
c e 902.72 82 17 0 1170 925715 2 26673501 142578 1.2 16 13 10 15 10% 5663 238532 3907 5%
c s 902.74 82 17 0 1170 925715 2 26673501 142578 1.2 16 13 10 15 10% 5666 238502 3907 5%
c e 902.75 82 17 0 1170 925715 2 26673501 142578 1.2 16 13 10 15 10% 5657 238552 3904 5%
c - 903.43 90 18 0 1171 926326 2 26698143 142263 1.2 16 13 10 15 10% 5657 238552 3904 5%
c - 904.32 91 17 0 1172 926970 2 26732363 138918 1.2 16 13 10 15 9% 5657 238552 3904 5%
c - 905.18 111 17 0 1173 927443 2 26766599 140900 1.2 16 13 10 15 9% 5658 238552 3904 5%
c u 906.16 123 17 0 1173 931069 2 26789064 155340 1.2 16 13 10 15 9% 5657 238552 3904 5%
c v 906.31 123 17 0 1173 931069 2 26789064 146631 1.2 16 13 10 15 9% 5657 238552 3904 5%
c w 906.43 123 17 0 1173 931069 2 26789064 139908 1.2 16 13 10 15 9% 5657 238552 3904 5%
c x 906.86 122 17 0 1173 931069 2 26789064 139900 1.2 16 13 10 15 9% 5657 238430 3904 5%
c t 906.88 122 17 0 1173 931069 2 26789064 139900 1.2 16 13 10 15 9% 5649 238430 3904 5%
c f 906.89 122 17 0 1173 931069 2 26789064 139900 1.2 16 13 10 15 9% 5651 238399 3905 5%
c u 907.48 153 17 0 1173 931069 2 26789064 132585 1.2 16 13 10 15 9% 5651 238399 3905 5%
c v 907.55 154 17 0 1173 931069 2 26789064 132405 1.2 16 13 10 15 9% 5651 238399 3905 5%
c w 907.58 154 17 0 1173 931069 2 26789064 132375 1.2 16 13 10 15 9% 5651 238399 3905 5%
c
c seconds    switched        rate             size/glue  tier1      binary        remaining
c          MB   reductions      conflicts           size    tier2      irredundant
c           level      restarts         redundant      glue     trail         variables
c
c - 910.13 122 19 0 1174 931821 2 26800848 128680 1.2 16 14 10 15 10% 5652 238399 3905 5%
c - 911.60 145 21 0 1175 933228 2 26835112 135312 1.2 17 14 10 15 11% 5653 238399 3905 5%
c - 912.42 106 20 0 1176 933576 2 26869390 138603 1.2 17 14 10 15 10% 5653 238399 3905 5%
c - 913.17 83 19 0 1177 933737 2 26903683 140614 1.2 17 13 10 15 10% 5653 238399 3905 5%
c o 913.81 84 18 0 1177 934081 2 26932905 162396 1.2 16 13 10 15 9% 5653 238399 3905 5%
c - 914.31 109 19 0 1178 934733 2 26937990 143383 1.2 16 13 10 15 10% 5653 238399 3905 5%
c - 915.61 108 20 0 1179 937648 2 26972312 145588 1.2 17 14 10 15 10% 5653 238399 3905 5%
c - 916.77 100 20 0 1180 939706 2 27006649 144211 1.2 17 14 10 15 10% 5655 238399 3905 5%
c - 918.09 138 21 0 1181 942949 2 27041001 142213 1.2 17 14 10 15 10% 5658 238398 3905 5%
c - 919.10 108 20 0 1182 944707 2 27075366 141535 1.2 17 15 10 15 9% 5658 238398 3905 5%
c - 920.22 144 20 0 1183 944962 2 27109746 148635 1.2 17 14 10 15 10% 5658 238398 3905 5%
c - 921.01 123 19 0 1184 945103 2 27144142 153135 1.2 17 14 10 15 10% 5658 238398 3905 5%
c - 921.72 101 18 0 1185 945121 2 27178551 158290 1.2 17 13 10 15 10% 5658 238398 3905 5%
c - 923.54 117 21 0 1186 947335 2 27212974 164418 1.2 17 14 10 15 11% 5659 238398 3905 5%
c - 924.27 105 19 0 1187 947451 2 27247412 167932 1.2 17 13 10 15 11% 5659 238398 3905 5%
c - 925.00 74 18 0 1188 947472 2 27281864 168616 1.2 16 13 10 15 10% 5659 238398 3905 5%
c - 926.46 110 19 0 1189 950513 2 27316331 167752 1.2 16 13 10 15 11% 5661 238398 3905 5%
c u 928.14 105 19 0 1189 952327 2 27349899 190062 1.2 16 14 10 15 10% 5661 238398 3905 5%
c v 928.76 106 19 0 1189 952327 2 27349899 177026 1.2 16 14 10 15 10% 5661 238398 3905 5%
c w 928.98 106 19 0 1189 952327 2 27349899 174329 1.2 16 14 10 15 10% 5661 238398 3905 5%
c
c seconds    switched        rate             size/glue  tier1      binary        remaining
c          MB   reductions      conflicts           size    tier2      irredundant
c           level      restarts         redundant      glue     trail         variables
c
c t 928.99 106 19 0 1189 952327 2 27349899 174329 1.2 16 14 10 15 10% 5660 238398 3905 5%
c - 929.12 119 19 0 1190 952428 2 27350812 163272 1.2 16 14 10 15 11% 5660 238398 3905 5%
c - 930.47 136 20 0 1191 953379 2 27385309 169817 1.2 16 13 10 15 11% 5661 238398 3905 5%
c - 931.72 140 21 0 1192 954733 2 27419819 175387 1.2 16 13 10 15 11% 5661 238398 3905 5%
c - 932.50 100 19 0 1193 955253 2 27454345 177548 1.2 16 13 10 15 11% 5661 238398 3905 5%
c - 933.62 107 20 0 1194 955772 2 27488884 182758 1.2 16 13 10 15 11% 5661 238398 3905 5%
c - 935.60 96 22 0 1195 958899 2 27523438 186437 1.2 16 13 10 15 12% 5664 238397 3905 5%
c - 937.11 87 21 0 1196 960775 2 27558007 187100 1.2 17 14 10 15 11% 5664 238397 3905 5%
c - 938.56 86 22 0 1197 962413 2 27592590 190329 1.2 17 14 10 15 11% 5664 238397 3905 5%
c - 939.53 76 21 0 1198 965842 2 27627187 194934 1.3 17 14 10 15 11% 5665 238397 3905 5%
c o 940.17 87 22 0 1198 967341 2 27636776 202926 1.3 18 14 10 15 11% 5665 238397 3905 5%
c - 941.01 85 22 0 1199 968321 2 27661801 190362 1.2 17 14 10 15 11% 5665 238397 3905 5%
c - 942.05 87 21 0 1200 968700 2 27696428 190509 1.2 17 14 10 15 10% 5666 238397 3905 5%
c - 942.90 77 19 0 1201 968874 2 27731070 190371 1.2 17 14 10 15 10% 5666 238397 3905 5%
c - 944.10 86 19 0 1202 969455 2 27765728 189618 1.2 17 13 10 15 10% 5666 238397 3905 5%
c - 945.54 78 20 0 1203 972103 2 27800401 190493 1.2 17 14 10 15 10% 5666 238397 3905 5%
c - 946.55 87 19 0 1204 973631 2 27835086 191108 1.2 16 13 10 15 10% 5666 238397 3905 5%
c - 947.42 78 18 0 1205 973662 2 27869786 201747 1.3 16 13 10 15 10% 5667 238397 3905 5%
c - 948.72 76 18 0 1206 975417 2 27904500 212164 1.3 16 12 10 15 10% 5667 238397 3905 5%
c u 949.99 96 18 0 1206 977425 2 27917051 220760 1.3 16 13 10 15 10% 5667 238397 3905 5%
c
c seconds   switched        rate             size/glue  tier1      binary        remaining
c         MB   reductions      conflicts           size    tier2      irredundant
c          level      restarts         redundant      glue     trail         variables
c
c v 950.22 96 18 0 1206 977425 2 27917051 213891 1.3 16 13 10 15 10% 5667 238397 3905 5%
c w 950.29 96 18 0 1206 977425 2 27917051 212032 1.3 16 13 10 15 10% 5667 238397 3905 5%
c t 950.31 96 18 0 1206 977425 2 27917051 212032 1.3 16 13 10 15 10% 5665 238397 3905 5%
c - 951.24 85 19 0 1207 978282 2 27939228 212840 1.3 16 13 10 15 10% 5665 238397 3905 5%
c - 952.10 86 18 0 1208 978756 2 27973969 213921 1.3 16 13 10 15 10% 5665 238397 3905 5%
c - 953.91 84 19 0 1209 981552 2 28008725 211707 1.2 16 13 10 15 10% 5667 238397 3905 5%
c - 954.88 76 19 0 1210 982061 2 28043497 213331 1.2 16 13 10 15 10% 5667 238397 3905 5%
c - 956.11 83 19 0 1211 983025 2 28078282 215628 1.2 16 13 10 15 10% 5667 238397 3905 5%
c - 957.28 85 19 0 1212 984469 2 28113081 216695 1.2 16 13 10 15 10% 5667 238397 3905 5%
c - 958.72 79 20 0 1213 986740 2 28147894 221544 1.2 17 14 10 15 10% 5668 238396 3905 5%
c - 960.25 81 21 0 1214 988681 2 28182722 217936 1.2 17 14 10 15 10% 5671 238396 3905 5%
c - 961.21 82 19 0 1215 988950 2 28217567 218643 1.2 17 14 10 15 10% 5671 238396 3905 5%
c s 961.84 82 18 0 1215 989043 2 28245709 237942 1.2 16 13 10 15 10% 5673 238352 3905 5%
c e 961.85 65 18 0 1215 989043 2 28245709 237942 1.2 16 13 10 15 10% 5667 238384 3903 5%
c s 961.86 65 18 0 1215 989043 2 28245709 237942 1.2 16 13 10 15 10% 5667 238374 3903 5%
c - 962.45 84 20 0 1216 990049 2 28252423 217560 1.2 16 14 10 15 10% 5672 238374 3903 5%
c - 964.39 103 21 0 1217 991531 2 28287294 216117 1.2 17 14 10 15 11% 5674 238374 3903 5%
c - 965.24 88 20 0 1218 991727 2 28322179 216287 1.2 17 13 10 15 11% 5674 238374 3903 5%
c - 966.11 90 19 0 1219 992109 2 28357079 214675 1.2 16 13 10 15 11% 5674 238374 3903 5%
c - 967.00 90 18 0 1220 992287 2 28391995 214912 1.2 16 13 10 15 10% 5674 238374 3903 5%
c
c seconds   switched        rate             size/glue  tier1      binary        remaining
c         MB   reductions      conflicts           size    tier2      irredundant
c          level      restarts         redundant      glue     trail         variables
c
c o 967.78 79 17 0 1220 992619 2 28426175 238265 1.2 16 13 10 15 10% 5674 238374 3903 5%
c - 967.92 91 17 0 1221 992684 2 28426923 217308 1.2 16 13 10 15 10% 5678 238374 3903 5%
c - 970.49 90 21 0 1222 996154 2 28461865 216068 1.2 16 13 10 15 12% 5681 238374 3903 5%
c u 972.41 104 21 0 1222 997949 2 28490546 237341 1.2 17 13 10 15 11% 5681 238374 3903 5%
c v 973.21 105 21 0 1222 997949 2 28490546 229638 1.2 17 13 10 15 11% 5681 238374 3903 5%
c w 973.48 105 21 0 1222 997949 2 28490546 228144 1.2 17 13 10 15 11% 5681 238374 3903 5%
c t 973.50 105 21 0 1222 997949 2 28490546 228144 1.2 17 13 10 15 11% 5671 238374 3903 5%
c f 973.51 105 21 0 1222 997949 2 28490546 228144 1.2 17 13 10 15 11% 5672 238356 3904 5%
c u 974.42 163 21 0 1222 997949 2 28490546 220524 1.2 17 13 10 15 11% 5695 238356 3904 5%
c v 975.11 164 21 0 1222 997949 2 28490546 216821 1.2 17 13 10 15 11% 5695 238356 3904 5%
c w 975.42 165 21 0 1222 997949 2 28490546 215883 1.2 17 13 10 15 11% 5695 238356 3904 5%
c t 979.11 120 21 0 1222 997949 2 28490546 215883 1.2 17 13 10 15 11% 5690 238356 3904 5%
c - 979.61 119 21 0 1223 998521 2 28496822 201999 1.2 17 13 10 15 11% 5690 238356 3904 5%
c - 980.46 111 20 0 1224 998870 2 28531793 205768 1.2 16 13 10 15 11% 5690 238356 3904 5%
c - 982.13 131 20 0 1225 1000752 2 28566779 201720 1.2 17 14 10 15 11% 5691 238356 3904 5%
c - 984.05 227 23 0 1226 1002317 2 28601780 204250 1.3 18 14 10 15 12% 5691 238356 3904 5%
c - 985.05 147 21 0 1227 1003103 2 28636798 201593 1.2 17 14 10 15 11% 5691 238356 3904 5%
c - 985.91 79 20 0 1228 1003333 2 28671826 198467 1.2 17 14 10 15 10% 5691 238356 3904 5%
c - 986.89 80 19 0 1229 1003700 2 28706870 192431 1.2 17 14 10 15 9% 5691 238356 3904 5%
c - 987.83 81 18 0 1230 1004101 2 28741927 191992 1.2 17 14 10 15 9% 5691 238356 3904 5%
c
c seconds   switched         rate             size/glue  tier1     binary        remaining
c         MB   reductions       conflicts           size    tier2     irredundant
c          level      restarts          redundant      glue    trail         variables
c
c - 988.96 82 18 0 1231 1004742 1 28776998 191581 1.2 17 14 10 15 9% 5691 238356 3904 5%
c - 990.03 82 18 0 1232 1005035 1 28812083 189913 1.2 17 14 10 15 8% 5691 238356 3904 5%
c - 991.08 82 17 0 1233 1005173 1 28847184 186931 1.2 16 14 10 15 8% 5691 238356 3904 5%
c - 992.56 110 18 0 1234 1007248 1 28882298 187787 1.2 17 14 10 15 9% 5692 238356 3904 5%
c - 993.68 102 18 0 1235 1008371 2 28917426 182524 1.2 17 14 10 15 9% 5692 238356 3904 5%
c - 995.23 103 19 0 1236 1009012 2 28952568 176379 1.2 17 14 10 15 9% 5693 238355 3904 5%
c - 996.89 119 20 0 1237 1010710 2 28987724 167531 1.2 17 14 10 15 10% 5698 238355 3904 5%
c - 998.00 81 19 0 1238 1011557 2 29022895 164232 1.2 17 14 10 15 10% 5698 238355 3904 5%
c - 998.89 83 18 0 1239 1011900 2 29058080 165560 1.2 16 13 10 15 10% 5698 238355 3904 5%
c u 1000.06 96 18 0 1239 1011928 2 29070381 160186 1.2 16 13 10 15 10% 5698 238355 3904 5%
c v 1000.44 96 18 0 1239 1011928 2 29070381 157350 1.2 16 13 10 15 10% 5698 238355 3904 5%
c w 1000.50 96 18 0 1239 1011928 2 29070381 157072 1.2 16 13 10 15 10% 5698 238355 3904 5%
c t 1000.52 96 18 0 1239 1011928 2 29070381 157072 1.2 16 13 10 15 10% 5695 238355 3904 5%
c - 1001.77 158 20 0 1240 1013997 2 29093279 150123 1.2 17 14 10 15 11% 5695 238355 3904 5%
c - 1002.74 151 20 0 1241 1015418 2 29128492 156796 1.2 16 13 10 15 11% 5696 238355 3904 5%
c - 1003.64 138 19 0 1242 1016826 2 29163719 162727 1.2 16 13 10 15 10% 5696 238355 3904 5%
c o 1004.08 138 18 0 1242 1018168 2 29181072 175736 1.2 16 13 10 15 10% 5696 238355 3904 5%
c - 1004.84 147 19 0 1243 1018876 2 29198962 164968 1.2 16 13 10 15 10% 5696 238355 3904 5%
c - 1005.58 124 18 0 1244 1019313 2 29234218 163977 1.2 16 13 10 15 9% 5696 238355 3904 5%
c - 1006.33 100 17 0 1245 1019484 1 29269489 166136 1.2 16 13 10 15 9% 5696 238355 3904 5%
c
c  seconds   switched         rate             size/glue  tier1     binary        remaining
c          MB   reductions       conflicts           size    tier2     irredundant
c           level      restarts          redundant      glue    trail         variables
c
c - 1007.12 76 17 0 1246 1020454 1 29304773 167120 1.2 16 13 10 15 8% 5696 238355 3904 5%
c - 1008.35 107 18 0 1247 1021363 2 29340073 165414 1.2 16 13 10 15 9% 5696 238355 3904 5%
c - 1009.18 109 17 0 1248 1021964 2 29375386 166504 1.2 16 13 10 15 9% 5696 238355 3904 5%
c - 1010.13 92 17 0 1249 1022559 2 29410714 166424 1.2 16 13 10 15 9% 5696 238355 3904 5%
c - 1010.95 78 17 0 1250 1022877 2 29446055 166758 1.2 16 13 10 15 9% 5696 238355 3904 5%
c - 1012.37 133 18 0 1251 1023913 2 29481410 176622 1.3 16 12 10 15 11% 5696 238355 3904 5%
c - 1014.25 142 20 0 1252 1026138 2 29516780 179974 1.3 17 13 10 15 11% 5697 238355 3904 5%
c - 1015.39 108 20 0 1253 1030983 2 29552163 177217 1.2 17 14 10 15 10% 5698 238355 3904 5%
c - 1016.19 90 19 0 1254 1033162 2 29587560 176301 1.2 17 14 10 15 10% 5698 238355 3904 5%
c - 1017.30 110 20 0 1255 1033977 2 29622972 177146 1.2 17 14 10 15 10% 5700 238355 3904 5%
c u 1019.07 135 21 0 1255 1035150 2 29656583 199576 1.2 17 14 10 15 10% 5700 238355 3904 5%
c v 1019.51 138 21 0 1255 1035150 2 29656583 186848 1.2 17 14 10 15 10% 5700 238355 3904 5%
c w 1019.66 138 21 0 1255 1035150 2 29656583 184558 1.2 17 14 10 15 10% 5700 238355 3904 5%
c x 1020.01 131 21 0 1255 1035150 2 29656583 184557 1.2 17 14 10 15 10% 5700 238327 3904 5%
c t 1020.03 131 21 0 1255 1035150 2 29656583 184557 1.2 17 14 10 15 10% 5697 238327 3904 5%
c - 1020.26 164 21 0 1256 1035273 2 29658397 169515 1.2 17 14 10 15 10% 5697 238327 3904 5%
c - 1021.11 150 20 0 1257 1035374 2 29693837 169642 1.2 17 14 10 15 10% 5697 238327 3904 5%
c - 1021.96 116 19 0 1258 1035472 2 29729291 173452 1.2 16 13 10 15 10% 5697 238327 3904 5%
c - 1024.69 74 26 0 1259 1038266 2 29764759 179827 1.2 17 14 10 15 13% 5699 238327 3904 5%
c - 1025.95 87 24 0 1260 1039091 2 29800242 182462 1.2 17 14 10 15 12% 5701 238327 3904 5%
c
c  seconds   switched         rate             size/glue  tier1      binary        remaining
c          MB   reductions       conflicts           size    tier2      irredundant
c           level      restarts          redundant      glue     trail         variables
c
c - 1028.10 85 26 0 1261 1041173 2 29835739 185492 1.2 18 15 10 15 13% 5702 238327 3904 5%
c s 1029.28 84 24 0 1261 1041658 2 29871233 213163 1.2 18 15 10 15 12% 5709 238299 3904 5%
c e 1029.29 90 24 0 1261 1041658 2 29871233 213163 1.2 18 15 10 15 12% 5705 238324 3902 5%
c s 1029.32 90 24 0 1261 1041658 2 29871233 213163 1.2 18 15 10 15 12% 5705 238322 3902 5%
c e 1029.33 90 24 0 1261 1041658 2 29871233 213163 1.2 18 15 10 15 12% 5703 238347 3900 5%
c - 1029.37 91 24 0 1262 1041658 2 29871251 187094 1.2 18 15 10 15 12% 5703 238347 3900 5%
c - 1030.73 99 23 0 1263 1042522 2 29906776 190870 1.2 18 14 10 15 11% 5703 238347 3900 5%
c - 1031.55 88 21 0 1264 1042560 2 29942314 193437 1.2 17 14 10 15 11% 5703 238347 3900 5%
c - 1032.42 79 19 0 1265 1042646 2 29977867 195699 1.2 17 13 10 15 11% 5703 238347 3900 5%
c - 1033.35 79 18 0 1266 1042818 2 30013433 199758 1.2 17 13 10 15 11% 5703 238347 3900 5%
c - 1034.15 80 17 0 1267 1042863 1 30049014 199885 1.2 16 13 10 15 10% 5703 238347 3900 5%
c - 1035.16 82 17 0 1268 1043341 2 30084608 198617 1.2 16 13 10 15 10% 5703 238347 3900 5%
c - 1036.08 83 16 0 1269 1043676 1 30120217 201501 1.2 16 13 10 15 9% 5703 238347 3900 5%
c o 1036.54 83 16 0 1269 1043911 2 30138225 215240 1.2 16 13 10 15 9% 5703 238347 3900 5%
c - 1038.06 87 19 0 1270 1045904 2 30155840 203868 1.2 16 13 10 15 10% 5706 238347 3900 5%
c - 1039.77 81 21 0 1271 1050252 2 30191477 200918 1.2 17 14 10 15 10% 5707 238347 3900 5%
c - 1041.16 78 21 0 1272 1050924 2 30227129 193960 1.2 17 14 10 15 11% 5708 238347 3900 5%
c u 1042.61 119 20 0 1272 1051185 2 30249123 207101 1.2 17 14 10 15 11% 5708 238347 3900 5%
c v 1042.95 121 20 0 1272 1051185 2 30249123 196793 1.2 17 14 10 15 11% 5708 238347 3900 5%
c w 1043.04 121 20 0 1272 1051185 2 30249123 194914 1.2 17 14 10 15 11% 5708 238347 3900 5%
c
c  seconds    switched         rate             size/glue  tier1      binary        remaining
c           MB   reductions       conflicts           size    tier2      irredundant
c            level      restarts          redundant      glue     trail         variables
c
c t 1043.06 121 20 0 1272 1051185 2 30249123 194914 1.2 17 14 10 15 11% 5704 238347 3900 5%
c - 1043.53 152 20 0 1273 1051357 2 30262794 181084 1.2 17 14 10 15 11% 5704 238347 3900 5%
c - 1044.53 132 19 0 1274 1051519 2 30298475 182651 1.2 16 14 10 15 11% 5704 238347 3900 5%
c - 1046.27 150 21 0 1275 1053116 2 30334168 186484 1.2 17 14 10 15 11% 5705 238347 3900 5%
c - 1047.38 102 20 0 1276 1053740 2 30369877 186398 1.2 17 14 10 15 10% 5705 238347 3900 5%
c - 1048.31 79 18 0 1277 1053863 2 30405600 187629 1.2 16 13 10 15 9% 5705 238347 3900 5%
c - 1050.64 149 22 0 1278 1056895 2 30441336 190016 1.2 17 14 10 15 11% 5706 238347 3900 5%
c - 1051.73 123 21 0 1279 1057092 2 30477088 192610 1.2 17 14 10 15 11% 5706 238347 3900 5%
c - 1053.81 109 22 0 1280 1060307 2 30512851 192551 1.2 17 14 10 15 11% 5707 238347 3900 5%
c - 1054.84 94 21 0 1281 1060653 2 30548628 186104 1.2 17 14 10 15 11% 5707 238347 3900 5%
c - 1055.69 94 19 0 1282 1060761 2 30584420 175153 1.2 17 14 10 15 10% 5707 238347 3900 5%
c - 1056.68 78 18 0 1283 1060900 1 30620225 169271 1.2 17 14 10 15 10% 5707 238347 3900 5%
c - 1057.54 80 17 0 1284 1060909 1 30656045 169105 1.2 16 13 10 15 10% 5707 238347 3900 5%
c - 1058.82 93 18 0 1285 1063064 1 30691877 170879 1.2 16 14 10 15 10% 5707 238347 3900 5%
c - 1061.20 150 21 0 1286 1065377 2 30727724 172825 1.2 17 14 10 15 11% 5708 238347 3900 5%
c - 1063.34 138 23 0 1287 1066697 2 30763585 177356 1.2 17 14 10 15 12% 5709 238347 3900 5%
c - 1065.28 145 24 0 1288 1068148 2 30799459 181666 1.3 17 14 10 15 12% 5710 238347 3900 5%
c - 1066.28 105 21 0 1289 1068561 2 30835347 177954 1.2 17 14 10 15 11% 5710 238347 3900 5%
c u 1067.71 129 22 0 1289 1069299 2 30848060 186199 1.2 17 14 10 15 11% 5710 238347 3900 5%
c v 1068.23 130 22 0 1289 1069299 2 30848060 182327 1.2 17 14 10 15 11% 5710 238347 3900 5%
c
c  seconds    switched         rate             size/glue  tier1      binary        remaining
c           MB   reductions       conflicts           size    tier2      irredundant
c            level      restarts          redundant      glue     trail         variables
c
c w 1068.56 130 22 0 1289 1069299 2 30848060 180288 1.2 17 14 10 15 11% 5710 238347 3900 5%
c - 1069.93 140 22 0 1290 1070775 2 30871250 171735 1.2 17 14 10 15 11% 5710 238347 3900 5%
c o 1070.42 148 22 0 1290 1070960 2 30887434 184396 1.2 17 14 10 15 11% 5711 238347 3900 5%
c - 1071.01 156 21 0 1291 1071012 2 30907167 173649 1.2 17 14 10 15 11% 5712 238347 3900 5%
c - 1071.93 133 19 0 1292 1071052 2 30943097 174823 1.2 17 14 10 15 11% 5712 238347 3900 5%
c - 1072.93 135 18 0 1293 1071211 2 30979042 178230 1.2 16 13 10 15 11% 5712 238347 3900 5%
c - 1073.82 88 18 0 1294 1071437 2 31015001 181572 1.2 16 13 10 15 10% 5712 238347 3900 5%
c - 1074.85 104 18 0 1295 1071651 2 31050973 185858 1.2 16 13 10 15 11% 5712 238347 3900 5%
c - 1075.69 109 18 0 1296 1071699 2 31086960 192453 1.3 16 12 10 15 11% 5712 238347 3900 5%
c - 1076.79 112 17 0 1297 1071847 1 31122961 206102 1.4 16 12 10 15 11% 5712 238347 3900 5%
c - 1078.09 115 18 0 1298 1073342 2 31158974 212399 1.3 16 12 10 15 11% 5713 238347 3900 5%
c - 1079.33 83 16 0 1299 1073471 1 31195003 223027 1.3 15 11 10 15 11% 5714 238347 3900 5%
c - 1081.03 78 17 0 1300 1074637 2 31231044 233294 1.3 15 11 10 15 11% 5714 238347 3900 5%
c - 1083.15 83 20 0 1301 1078921 2 31267100 232526 1.3 16 12 10 15 12% 5717 238347 3900 5%
c - 1085.09 78 22 0 1302 1082103 2 31303169 236042 1.3 16 13 10 15 12% 5721 238347 3900 5%
c - 1086.33 75 21 0 1303 1084040 2 31339253 238431 1.2 16 13 10 15 11% 5722 238347 3900 5%
c - 1087.65 86 21 0 1304 1085488 2 31375351 240194 1.2 16 13 10 15 11% 5722 238347 3900 5%
c - 1088.56 74 19 0 1305 1086426 2 31411461 238388 1.2 16 13 10 15 10% 5722 238347 3900 5%
c - 1089.61 76 19 0 1306 1087768 2 31447587 237777 1.2 16 14 10 15 10% 5722 238347 3900 5%
c u 1090.69 145 19 0 1306 1087904 2 31453366 237021 1.2 16 14 10 15 10% 5762 238347 3900 5%
c
c  seconds    switched         rate             size/glue  tier1      binary        remaining
c           MB   reductions       conflicts           size    tier2      irredundant
c            level      restarts          redundant      glue     trail         variables
c
c v 1090.85 162 19 0 1306 1087904 2 31453366 234868 1.2 16 14 10 15 10% 5762 238347 3900 5%
c w 1090.90 167 19 0 1306 1087904 2 31453366 234471 1.2 16 14 10 15 10% 5762 238347 3900 5%
c t 1093.63 96 19 0 1306 1087904 2 31453366 234471 1.2 16 14 10 15 10% 5746 238347 3900 5%
c - 1095.01 152 20 0 1307 1089544 2 31483726 238487 1.2 17 14 10 15 11% 5747 238347 3900 5%
c - 1096.83 116 21 0 1308 1091256 2 31519878 236566 1.2 17 14 10 15 11% 5747 238347 3900 5%
c s 1097.69 93 19 0 1308 1091474 2 31550628 258926 1.2 17 14 10 15 11% 5756 238312 3900 5%
c e 1097.70 107 19 0 1308 1091474 2 31550628 258926 1.2 17 14 10 15 11% 5755 238327 3899 5%
c s 1097.72 107 19 0 1308 1091474 2 31550628 258926 1.2 17 14 10 15 11% 5755 238324 3899 5%
c - 1098.17 152 21 0 1309 1091844 2 31556044 233981 1.2 17 14 10 15 11% 5755 238324 3899 5%
c - 1099.14 142 19 0 1310 1091936 2 31592227 233476 1.2 16 13 10 15 10% 5755 238324 3899 5%
c - 1100.65 130 19 0 1311 1093699 2 31628420 238238 1.2 16 13 10 15 10% 5756 238324 3899 5%
c - 1101.95 106 19 0 1312 1094719 2 31664627 242964 1.2 16 13 10 15 10% 5756 238324 3899 5%
c - 1102.81 91 18 0 1313 1094821 2 31700848 245675 1.2 16 13 10 15 10% 5756 238324 3899 5%
c o 1103.25 92 17 0 1313 1094922 2 31716961 256828 1.2 16 13 10 15 10% 5756 238324 3899 5%
c - 1103.95 97 18 0 1314 1095176 2 31737084 251317 1.2 16 13 10 15 10% 5756 238324 3899 5%
c - 1105.07 98 17 0 1315 1095782 2 31773333 251727 1.2 16 13 10 15 10% 5756 238324 3899 5%
c - 1106.27 109 17 0 1316 1096117 2 31809595 253864 1.2 16 13 10 15 10% 5758 238324 3899 5%
c - 1109.36 150 21 0 1317 1099960 2 31845872 258347 1.3 17 13 10 15 13% 5762 238324 3899 5%
c - 1110.82 133 21 0 1318 1100859 2 31882164 258137 1.3 17 13 10 15 12% 5763 238324 3899 5%
c - 1111.80 95 19 0 1319 1101084 2 31918468 255247 1.3 17 13 10 15 11% 5763 238324 3899 5%
c
c  seconds    switched         rate             size/glue  tier1      binary        remaining
c           MB   reductions       conflicts           size    tier2      irredundant
c            level      restarts          redundant      glue     trail         variables
c
c - 1113.61 112 20 0 1320 1102509 2 31954786 261766 1.3 17 13 10 15 12% 5764 238324 3899 5%
c - 1115.71 131 21 0 1321 1106311 2 31991117 263024 1.2 17 14 10 15 11% 5770 238324 3899 5%
c - 1117.66 176 22 0 1322 1107534 2 32027462 263449 1.2 17 14 10 15 11% 5774 238324 3899 5%
c - 1119.00 139 21 0 1323 1108853 2 32063821 259409 1.2 17 14 10 15 10% 5774 238324 3899 5%
c b 1119.06 143 21 0 1323 1108879 2 32065072 260397 1.2 17 14 10 15 10% 5774 238324 3898 5%
c u 1120.09 170 21 0 1323 1108879 2 32065072 220262 1.2 17 14 10 15 10% 5774 238324 3898 5%
c v 1120.17 170 21 0 1323 1108879 2 32065072 219779 1.2 17 14 10 15 10% 5774 238324 3898 5%
c w 1120.20 170 21 0 1323 1108879 2 32065072 219598 1.2 17 14 10 15 10% 5774 238324 3898 5%
c t 1120.23 131 21 0 1323 1108879 2 32065072 219598 1.2 17 14 10 15 10% 5770 238315 3898 5%
c u 1121.19 132 21 0 1323 1108879 2 32065072 184352 1.2 17 14 10 15 10% 5770 238315 3898 5%
c v 1121.22 132 21 0 1323 1108879 2 32065072 184270 1.2 17 14 10 15 10% 5770 238315 3898 5%
c w 1121.25 132 21 0 1323 1108879 2 32065072 184260 1.2 17 14 10 15 10% 5770 238315 3898 5%
c - 1122.87 130 22 0 1324 1109647 2 32100197 182781 1.2 17 14 10 15 11% 5769 238315 3898 5%
c - 1123.95 95 21 0 1325 1110211 2 32136584 182564 1.2 17 14 10 15 10% 5769 238315 3898 5%
c - 1124.77 95 19 0 1326 1110330 2 32172985 179798 1.2 17 14 10 15 9% 5769 238315 3898 5%
c - 1125.65 96 19 0 1327 1110687 2 32209399 175292 1.2 17 14 10 15 9% 5769 238315 3898 5%
c - 1126.42 98 18 0 1328 1110808 1 32245829 166194 1.2 17 14 10 15 9% 5769 238315 3898 5%
c - 1127.39 98 18 0 1329 1111103 1 32282270 158376 1.2 17 14 10 15 9% 5769 238315 3898 5%
c - 1128.49 114 18 0 1330 1113724 2 32318726 151268 1.2 17 14 10 15 9% 5770 238315 3898 5%
c - 1129.68 115 19 0 1331 1114216 2 32355195 148876 1.2 17 14 10 15 10% 5771 238315 3898 5%
c
c  seconds   switched         rate             size/glue  tier1      binary        remaining
c          MB   reductions       conflicts           size    tier2      irredundant
c           level      restarts          redundant      glue     trail         variables
c
c - 1131.09 98 20 0 1332 1114842 2 32391678 147119 1.2 17 14 10 15 10% 5771 238315 3898 5%
c - 1131.95 82 19 0 1333 1115049 2 32428175 142391 1.2 17 14 10 15 10% 5771 238315 3898 5%
c - 1132.75 83 18 0 1334 1115148 1 32464685 139951 1.2 17 14 10 15 10% 5771 238315 3898 5%
c - 1133.49 83 17 0 1335 1115296 1 32501208 137628 1.2 17 14 10 15 10% 5771 238315 3898 5%
c - 1134.24 84 17 0 1336 1115342 1 32537745 137230 1.2 16 14 10 15 10% 5771 238315 3898 5%
c o 1134.62 84 16 0 1336 1115353 1 32555646 147864 1.2 16 13 10 15 10% 5771 238315 3898 5%
c - 1135.46 94 18 0 1337 1117881 1 32574296 138393 1.2 17 14 10 15 10% 5772 238315 3898 5%
c - 1136.70 96 19 0 1338 1119924 2 32610862 136670 1.2 17 14 10 15 10% 5774 238315 3898 5%
c - 1137.62 96 18 0 1339 1120782 2 32647440 135903 1.2 17 14 10 15 10% 5774 238315 3898 5%
c u 1139.24 127 18 0 1339 1121193 1 32683196 157817 1.2 17 14 10 15 10% 5774 238315 3898 5%
c v 1139.61 130 18 0 1339 1121193 1 32683196 140275 1.2 17 14 10 15 10% 5774 238315 3898 5%
c w 1139.73 130 18 0 1339 1121193 1 32683196 137493 1.2 17 14 10 15 10% 5774 238315 3898 5%
c t 1139.75 130 18 0 1339 1121193 1 32683196 137493 1.2 17 14 10 15 10% 5771 238315 3898 5%
c - 1139.87 127 19 0 1340 1121238 1 32684032 128253 1.2 17 14 10 15 10% 5771 238315 3898 5%
c - 1141.14 91 19 0 1341 1123891 2 32720638 132408 1.2 17 14 10 15 10% 5772 238315 3898 5%
c - 1142.43 97 20 0 1342 1125221 2 32757257 130137 1.2 17 15 10 15 10% 5772 238315 3898 5%
c - 1143.82 80 21 0 1343 1126496 2 32793890 130032 1.2 18 15 10 15 10% 5772 238315 3898 5%
c - 1144.78 82 20 0 1344 1126716 2 32830536 126931 1.2 18 15 10 15 9% 5772 238315 3898 5%
c - 1145.66 85 19 0 1345 1126910 1 32867196 122954 1.2 17 15 10 15 9% 5772 238315 3898 5%
c - 1146.43 86 19 0 1346 1127106 1 32903871 121904 1.2 17 15 10 15 9% 5772 238315 3898 5%
c
c  seconds   switched         rate             size/glue  tier1     binary        remaining
c          MB   reductions       conflicts           size    tier2     irredundant
c           level      restarts          redundant      glue    trail         variables
c
c - 1147.12 86 18 0 1347 1127136 1 32940558 120483 1.2 17 14 10 15 9% 5772 238315 3898 5%
c - 1147.80 86 17 0 1348 1127147 1 32977260 114798 1.2 16 14 10 15 9% 5772 238315 3898 5%
c - 1148.37 87 17 0 1349 1127218 1 33013977 113657 1.2 16 14 10 15 9% 5772 238315 3898 5%
c - 1148.93 87 16 0 1350 1127241 1 33050706 111924 1.2 16 13 10 15 9% 5772 238315 3898 5%
c - 1149.70 81 17 0 1351 1128690 1 33087448 106379 1.2 16 13 10 15 9% 5773 238315 3898 5%
c - 1150.69 72 18 0 1352 1131708 2 33124203 107155 1.2 16 14 10 15 9% 5773 238315 3898 5%
c - 1152.18 77 19 0 1353 1135229 2 33160973 105936 1.2 17 14 10 15 9% 5773 238315 3898 5%
c - 1153.22 78 19 0 1354 1136398 2 33197756 105221 1.2 17 15 10 15 9% 5773 238315 3898 5%
c - 1153.99 80 19 0 1355 1136638 2 33234555 106639 1.2 17 14 10 15 9% 5774 238315 3898 5%
c - 1154.83 80 19 0 1356 1136778 2 33271366 112595 1.2 17 14 10 15 9% 5775 238315 3898 5%
c s 1155.06 80 18 0 1356 1136798 2 33284417 123227 1.2 17 14 10 15 9% 5782 238295 3898 5%
c e 1155.07 85 18 0 1356 1136798 2 33284417 123227 1.2 17 14 10 15 9% 5781 238307 3897 5%
c u 1156.57 88 19 0 1356 1137616 2 33307737 139726 1.2 17 14 10 15 9% 5781 238307 3897 5%
c v 1157.26 89 19 0 1356 1137616 2 33307737 127346 1.2 17 14 10 15 9% 5781 238307 3897 5%
c w 1157.50 89 19 0 1356 1137616 2 33307737 125139 1.2 17 14 10 15 9% 5781 238307 3897 5%
c t 1157.52 89 19 0 1356 1137616 2 33307737 125139 1.2 17 14 10 15 9% 5776 238307 3897 5%
c - 1157.60 86 19 0 1357 1137668 2 33308190 110550 1.2 17 14 10 15 9% 5776 238307 3897 5%
c - 1159.07 133 21 0 1358 1138788 2 33345027 118140 1.2 17 14 10 15 11% 5778 238307 3897 5%
c - 1159.88 96 20 0 1359 1138906 2 33381878 120695 1.2 17 14 10 15 10% 5778 238307 3897 5%
c o 1160.37 97 19 0 1359 1139103 2 33403780 136230 1.2 16 13 10 15 10% 5778 238307 3897 5%
c
c  seconds   switched         rate             size/glue  tier1      binary        remaining
c          MB   reductions       conflicts           size    tier2      irredundant
c           level      restarts          redundant      glue     trail         variables
c
c - 1160.93 86 19 0 1360 1139447 2 33418744 123187 1.2 17 13 10 15 10% 5780 238307 3897 5%
c - 1162.52 118 21 0 1361 1141136 2 33455624 127491 1.2 17 14 10 15 11% 5780 238307 3897 5%
c - 1163.37 98 20 0 1362 1141206 2 33492515 132190 1.2 16 13 10 15 10% 5780 238307 3897 5%
c - 1164.45 119 19 0 1363 1142556 2 33529421 138900 1.2 16 13 10 15 11% 5780 238307 3897 5%
c - 1165.58 98 19 0 1364 1144399 2 33566339 144043 1.2 16 13 10 15 10% 5780 238307 3897 5%
c - 1166.56 73 18 0 1365 1144972 2 33603271 146839 1.2 16 13 10 15 10% 5780 238307 3897 5%
c - 1168.14 105 20 0 1366 1146592 2 33640216 151795 1.2 16 13 10 15 10% 5782 238307 3897 5%
c - 1168.99 81 19 0 1367 1147002 2 33677177 153596 1.2 16 13 10 15 10% 5782 238307 3897 5%
c - 1169.76 65 18 0 1368 1147330 2 33714149 153794 1.2 16 13 10 15 9% 5782 238307 3897 5%
c - 1171.55 123 20 0 1369 1149772 2 33751135 155825 1.2 17 13 10 15 10% 5783 238307 3897 5%
c - 1172.73 96 19 0 1370 1150386 2 33788136 160537 1.2 16 13 10 15 10% 5783 238307 3897 5%
c - 1173.68 80 18 0 1371 1150711 2 33825149 163421 1.2 16 13 10 15 10% 5784 238307 3897 5%
c - 1174.48 81 17 0 1372 1150939 2 33862176 167305 1.2 16 13 10 15 9% 5784 238307 3897 5%
c - 1176.53 146 21 0 1373 1153397 2 33899217 174914 1.2 16 13 10 15 11% 5786 238307 3897 5%
c - 1177.41 123 20 0 1374 1153648 2 33936272 178564 1.2 16 13 10 15 11% 5786 238307 3897 5%
c u 1178.01 136 19 0 1374 1153648 2 33938698 179093 1.2 16 13 10 15 11% 5786 238307 3897 5%
c v 1178.09 136 19 0 1374 1153648 2 33938698 178133 1.2 16 13 10 15 11% 5786 238307 3897 5%
c w 1178.10 136 19 0 1374 1153648 2 33938698 178107 1.2 16 13 10 15 11% 5786 238307 3897 5%
c x 1178.87 132 19 0 1374 1153648 2 33938698 178097 1.2 16 13 10 15 11% 5793 238064 3893 5%
c t 1178.89 116 19 0 1374 1153648 2 33938698 178097 1.2 16 13 10 15 11% 5802 238031 3893 5%
c
c  seconds    switched         rate             size/glue  tier1      binary        remaining
c           MB   reductions       conflicts           size    tier2      irredundant
c            level      restarts          redundant      glue     trail         variables
c
c f 1178.90 116 19 0 1374 1153648 2 33938698 178097 1.2 16 13 10 15 11% 5804 238012 3894 5%
c u 1179.74 151 19 0 1374 1153648 2 33938698 176740 1.2 16 13 10 15 11% 5804 238012 3894 5%
c v 1179.81 152 19 0 1374 1153648 2 33938698 176638 1.2 16 13 10 15 11% 5804 238012 3894 5%
c i 1182.32 90 19 0 1374 1153648 2 33938698 176638 1.2 16 13 10 15 11% 5804 238012 3894 5%
c - 1184.68 152 23 0 1375 1157254 2 33973339 180672 1.2 17 14 10 15 12% 5791 238011 3894 5%
c - 1186.06 133 22 0 1376 1158453 2 34010420 184319 1.2 17 14 10 15 11% 5793 238011 3894 5%
c - 1186.90 101 20 0 1377 1158611 2 34047516 189721 1.2 17 13 10 15 11% 5793 238011 3894 5%
c - 1188.30 125 20 0 1378 1159494 2 34084623 193660 1.2 17 13 10 15 11% 5793 238011 3894 5%
c - 1189.55 94 19 0 1379 1160668 2 34121744 196122 1.2 17 13 10 15 10% 5795 238011 3894 5%
c - 1191.02 93 20 0 1380 1162099 2 34158878 206277 1.4 18 13 10 15 11% 5795 238011 3894 5%
c o 1192.15 95 19 0 1380 1163265 2 34194844 230170 1.3 17 13 10 15 11% 5795 238011 3894 5%
c - 1192.30 95 19 0 1381 1163359 2 34196026 207788 1.3 17 13 10 15 11% 5795 238011 3894 5%
c - 1194.23 96 21 0 1382 1164845 2 34233187 208979 1.3 17 14 10 15 11% 5795 238011 3894 5%
c - 1195.75 93 20 0 1383 1165431 2 34270362 211364 1.3 17 13 10 15 10% 5795 238011 3894 5%
c - 1197.82 88 21 0 1384 1167176 2 34307550 214538 1.3 17 14 10 15 11% 5799 238011 3894 5%
c - 1198.78 90 20 0 1385 1167269 2 34344753 219822 1.3 17 13 10 15 10% 5799 238011 3894 5%
c - 1199.85 94 19 0 1386 1167353 2 34381969 222847 1.3 16 13 10 15 10% 5799 238011 3894 5%
c - 1201.08 93 18 0 1387 1167897 2 34419201 225275 1.3 16 13 10 15 9% 5800 238011 3894 5%
c - 1203.75 95 20 0 1388 1171453 2 34456443 226120 1.2 17 14 10 15 10% 5803 238011 3894 5%
c - 1206.42 95 22 0 1389 1174624 2 34493698 225149 1.2 17 14 10 15 11% 5804 238011 3894 5%
c
c  seconds   switched         rate             size/glue  tier1      binary        remaining
c          MB   reductions       conflicts           size    tier2      irredundant
c           level      restarts          redundant      glue     trail         variables
c
c - 1208.43 87 21 0 1390 1175889 2 34530968 222528 1.2 17 14 10 15 10% 5805 238010 3894 5%
c - 1210.20 90 20 0 1391 1177577 2 34568251 216037 1.2 17 15 10 15 10% 5805 238010 3894 5%
c u 1211.69 101 20 0 1391 1177638 2 34576038 216212 1.2 17 15 10 15 10% 5828 238010 3894 5%
c v 1212.03 102 20 0 1391 1177638 2 34576038 214268 1.2 17 15 10 15 10% 5828 238010 3894 5%
c w 1212.14 102 20 0 1391 1177638 2 34576038 213334 1.2 17 15 10 15 10% 5828 238010 3894 5%
c t 1212.16 102 20 0 1391 1177638 2 34576038 213334 1.2 17 15 10 15 10% 5816 238010 3894 5%
c - 1214.17 91 22 0 1392 1178495 2 34605547 208547 1.2 18 15 10 15 11% 5818 238010 3894 5%
c - 1215.04 92 20 0 1393 1178502 2 34642856 206769 1.2 17 14 10 15 11% 5818 238010 3894 5%
c - 1216.63 86 21 0 1394 1179106 2 34680180 201392 1.2 17 14 10 15 11% 5818 238010 3894 5%
c - 1217.87 89 20 0 1395 1179325 2 34717516 200128 1.2 17 14 10 15 11% 5818 238010 3894 5%
c - 1218.82 90 18 0 1396 1179401 1 34754867 199866 1.2 17 14 10 15 10% 5818 238010 3894 5%
c - 1219.83 94 18 0 1397 1179574 1 34792232 193389 1.2 16 14 10 15 10% 5818 238010 3894 5%
c - 1221.41 84 19 0 1398 1180509 2 34829609 195357 1.2 16 14 10 15 11% 5818 238010 3894 5%
c - 1223.14 91 20 0 1399 1182066 2 34866998 198471 1.2 17 14 10 15 11% 5819 238010 3894 5%
c - 1225.03 95 20 0 1400 1183284 2 34904404 196564 1.2 17 14 10 15 11% 5819 238010 3894 5%
c - 1227.21 90 21 0 1401 1185304 2 34941821 196214 1.2 17 14 10 15 12% 5822 238009 3894 5%
c - 1229.29 78 22 0 1402 1186055 2 34979251 197689 1.2 17 14 10 15 13% 5823 238009 3894 5%
c o 1230.43 70 21 0 1402 1186555 2 35008131 220282 1.3 17 14 10 15 12% 5823 238009 3894 5%
c - 1230.88 70 21 0 1403 1187664 2 35016694 200058 1.2 17 14 10 15 12% 5825 238009 3894 5%
c - 1232.85 75 22 0 1404 1189611 2 35054153 196368 1.2 17 14 10 15 12% 5828 238009 3894 5%
c
c  seconds   switched         rate             size/glue  tier1      binary        remaining
c          MB   reductions       conflicts           size    tier2      irredundant
c           level      restarts          redundant      glue     trail         variables
c
c s 1233.55 77 21 0 1404 1190298 2 35073079 210473 1.2 17 14 10 15 11% 5835 237931 3894 5%
c e 1233.57 60 21 0 1404 1190298 2 35073079 210473 1.2 17 14 10 15 11% 5786 238325 3864 5%
c s 1233.62 60 21 0 1404 1190298 2 35073079 210473 1.2 17 14 10 15 11% 5788 238214 3864 5%
c e 1233.63 60 21 0 1404 1190298 2 35073079 210473 1.2 17 14 10 15 11% 5784 238237 3862 5%
c - 1234.79 81 22 0 1405 1191088 2 35091624 192471 1.2 17 14 10 15 11% 5784 238237 3862 5%
c - 1236.53 89 23 0 1406 1191505 2 35129109 195465 1.3 18 14 10 15 12% 5784 238237 3862 5%
c - 1238.71 99 23 0 1407 1192802 2 35166606 202150 1.3 17 14 10 15 12% 5784 238237 3862 5%
c - 1240.80 79 22 0 1408 1195852 2 35204116 200335 1.2 18 14 10 15 11% 5785 238237 3862 5%
c u 1242.91 101 23 0 1408 1196571 2 35219822 209503 1.2 18 14 10 15 11% 5786 238237 3862 5%
c v 1243.49 102 23 0 1408 1196571 2 35219822 203223 1.2 18 14 10 15 11% 5786 238237 3862 5%
c w 1243.95 103 23 0 1408 1196571 2 35219822 200423 1.2 18 14 10 15 11% 5786 238237 3862 5%
c t 1243.96 103 23 0 1408 1196571 2 35219822 200423 1.2 18 14 10 15 11% 5778 238237 3862 5%
c f 1243.98 103 23 0 1408 1196571 2 35219822 200423 1.2 18 14 10 15 11% 5787 238077 3870 5%
c u 1245.26 154 23 0 1408 1196571 2 35219822 196303 1.2 18 14 10 15 11% 5787 238077 3870 5%
c v 1245.62 157 23 0 1408 1196571 2 35219822 195870 1.2 18 14 10 15 11% 5787 238077 3870 5%
c w 1245.95 157 23 0 1408 1196571 2 35219822 195753 1.2 18 14 10 15 11% 5787 238077 3870 5%
c - 1246.89 81 23 0 1409 1197070 2 35241639 186264 1.2 18 14 10 15 11% 5787 238077 3870 5%
c - 1248.46 90 22 0 1410 1197652 2 35279175 186675 1.2 18 14 10 15 11% 5788 238077 3870 5%
c - 1249.74 73 21 0 1411 1198051 2 35316724 178090 1.2 17 14 10 15 11% 5788 238077 3870 5%
c - 1251.51 75 21 0 1412 1198964 2 35354287 180571 1.2 17 14 10 15 11% 5788 238077 3870 5%
c
c  seconds   switched         rate             size/glue  tier1      binary        remaining
c          MB   reductions       conflicts           size    tier2      irredundant
c           level      restarts          redundant      glue     trail         variables
c
c - 1252.39 76 20 0 1413 1199015 2 35391863 181558 1.2 17 14 10 15 10% 5788 238077 3870 5%
c - 1253.49 78 19 0 1414 1201133 2 35429454 182789 1.2 17 14 10 15 10% 5788 238077 3870 5%
c - 1254.85 74 18 0 1415 1202265 2 35467058 180706 1.2 17 14 10 15 10% 5788 238077 3870 5%
c - 1256.00 70 19 0 1416 1202720 2 35504674 180388 1.2 17 14 10 15 10% 5788 238077 3870 5%
c - 1258.30 76 22 0 1417 1204562 2 35542303 181595 1.2 17 14 10 15 11% 5789 238077 3870 5%
c - 1260.58 78 23 0 1418 1206328 2 35579946 185284 1.2 17 14 10 15 13% 5789 238077 3870 5%
c - 1261.52 70 21 0 1419 1206397 2 35617602 188060 1.3 17 13 10 15 12% 5789 238077 3870 5%
c - 1263.52 75 22 0 1420 1209927 2 35655272 189018 1.2 17 14 10 15 12% 5791 238077 3870 5%
c - 1265.17 78 22 0 1421 1210674 2 35692954 192809 1.2 17 14 10 15 12% 5794 238076 3870 5%
c - 1266.48 72 21 0 1422 1212035 2 35730651 197727 1.2 17 14 10 15 11% 5794 238076 3870 5%
c - 1267.57 72 19 0 1423 1212554 2 35768360 196474 1.2 17 14 10 15 10% 5794 238076 3870 5%
c - 1268.77 75 19 0 1424 1213304 2 35806082 193046 1.2 17 14 10 15 9% 5794 238076 3870 5%
c - 1270.00 76 18 0 1425 1213642 2 35843817 191282 1.2 17 14 10 15 9% 5794 238076 3870 5%
c u 1272.07 90 18 0 1425 1214727 2 35870082 209559 1.2 17 14 10 15 9% 5794 238076 3870 5%
c v 1272.80 90 18 0 1425 1214727 2 35870082 198031 1.2 17 14 10 15 9% 5794 238076 3870 5%
c w 1273.06 90 18 0 1425 1214727 2 35870082 193714 1.2 17 14 10 15 9% 5794 238076 3870 5%
c o 1273.09 90 18 0 1425 1214727 2 35870082 193714 1.2 17 14 10 15 9% 5794 238076 3870 5%
c - 1273.95 76 20 0 1426 1215542 2 35881566 186501 1.2 17 14 10 15 10% 5797 238076 3870 5%
c - 1275.54 72 20 0 1427 1217838 2 35919329 190675 1.2 17 15 10 15 10% 5798 238076 3870 5%
c - 1276.80 69 20 0 1428 1218374 2 35957104 189053 1.2 17 15 10 15 10% 5801 238076 3870 5%
c
c  seconds   switched         rate             size/glue  tier1      binary        remaining
c          MB   reductions       conflicts           size    tier2      irredundant
c           level      restarts          redundant      glue     trail         variables
c
c - 1278.46 74 21 0 1429 1219191 2 35994893 189623 1.2 18 15 10 15 10% 5803 238075 3870 5%
c - 1279.62 74 20 0 1430 1219362 2 36032695 184871 1.2 17 14 10 15 10% 5803 238075 3870 5%
c - 1280.85 76 19 0 1431 1219792 2 36070510 181070 1.2 17 14 10 15 9% 5803 238075 3870 5%
c - 1282.29 76 23 0 1432 1221104 2 36108338 179487 1.2 17 15 10 15 10% 5806 238075 3870 5%
c - 1283.59 76 22 0 1433 1221629 2 36146179 174385 1.2 18 15 10 15 10% 5806 238075 3870 5%
c - 1284.83 68 20 0 1434 1221797 2 36184034 168180 1.2 17 15 10 15 10% 5806 238075 3870 5%
c - 1285.82 71 19 0 1435 1222023 1 36221902 165643 1.2 17 14 10 15 9% 5806 238075 3870 5%
c - 1286.88 71 19 0 1436 1222247 1 36259783 165706 1.2 17 14 10 15 9% 5806 238075 3870 5%
c - 1288.57 72 19 0 1437 1223182 2 36297677 171890 1.3 17 13 10 15 10% 5806 238075 3870 5%
c - 1290.16 67 19 0 1438 1224352 2 36335585 170802 1.3 17 13 10 15 10% 5806 238075 3870 5%
c - 1291.30 69 19 0 1439 1226031 2 36373505 171151 1.2 17 14 10 15 10% 5806 238075 3870 5%
c - 1292.75 70 19 0 1440 1226999 2 36411439 173307 1.2 17 14 10 15 10% 5806 238075 3870 5%
c - 1295.29 73 22 0 1441 1229571 2 36449387 176037 1.2 17 14 10 15 11% 5811 238074 3870 5%
c - 1296.52 77 20 0 1442 1230021 2 36487347 173475 1.2 17 14 10 15 10% 5811 238074 3870 5%
c - 1297.75 70 19 0 1443 1230458 2 36525320 169735 1.2 17 14 10 15 10% 5811 238074 3870 5%
c u 1298.89 83 19 0 1443 1230488 2 36526789 167692 1.2 17 14 10 15 10% 5811 238074 3870 5%
c v 1298.97 83 19 0 1443 1230488 2 36526789 167139 1.2 17 14 10 15 10% 5811 238074 3870 5%
c w 1298.99 83 19 0 1443 1230488 2 36526789 167041 1.2 17 14 10 15 10% 5811 238074 3870 5%
c t 1299.01 83 19 0 1443 1230488 2 36526789 167041 1.2 17 14 10 15 10% 5806 238074 3870 5%
c - 1300.91 74 22 0 1444 1232893 2 36563306 164557 1.2 17 14 10 15 11% 5806 238074 3870 5%
c
c  seconds   switched         rate             size/glue  tier1      binary        remaining
c          MB   reductions       conflicts           size    tier2      irredundant
c           level      restarts          redundant      glue     trail         variables
c
c - 1302.08 66 21 0 1445 1233561 2 36601306 159109 1.2 17 15 10 15 10% 5806 238074 3870 5%
c - 1303.21 68 20 0 1446 1233979 2 36639319 157976 1.2 17 15 10 15 9% 5806 238074 3870 5%
c - 1304.36 70 19 0 1447 1234323 2 36677345 155087 1.2 17 15 10 15 9% 5806 238074 3870 5%
c o 1304.88 71 19 0 1447 1234349 1 36700818 172285 1.2 17 14 10 15 9% 5806 238074 3870 5%
c - 1305.77 65 20 0 1448 1234738 2 36715384 151384 1.2 17 14 10 15 9% 5806 238074 3870 5%
c - 1306.78 68 19 0 1449 1234780 1 36753436 148151 1.2 17 14 10 15 9% 5806 238074 3870 5%
c - 1307.75 70 18 0 1450 1234858 1 36791501 147367 1.2 17 13 10 15 9% 5806 238074 3870 5%
c - 1310.29 75 24 0 1451 1236862 2 36829579 153884 1.3 17 14 10 15 12% 5812 238074 3870 5%
c - 1311.96 70 23 0 1452 1238050 2 36867670 153346 1.3 17 14 10 15 12% 5812 238074 3870 5%
c - 1313.17 72 21 0 1453 1238613 2 36905775 150654 1.2 17 14 10 15 11% 5812 238074 3870 5%
c s 1313.46 72 21 0 1453 1238718 2 36917068 158619 1.2 17 14 10 15 11% 5814 238044 3870 5%
c e 1313.48 79 21 0 1453 1238718 2 36917068 158619 1.2 17 14 10 15 11% 5808 238112 3866 5%
c s 1313.50 79 21 0 1453 1238718 2 36917068 158619 1.2 17 14 10 15 11% 5808 238102 3866 5%
c - 1314.54 81 21 0 1454 1239080 2 36943893 154348 1.2 17 14 10 15 12% 5811 238102 3866 5%
c - 1315.39 82 19 0 1455 1239123 2 36982024 159670 1.2 16 13 10 15 11% 5811 238102 3866 5%
c - 1316.37 83 18 0 1456 1239366 2 37020171 165810 1.2 16 13 10 15 10% 5811 238102 3866 5%
c - 1317.30 73 17 0 1457 1239676 2 37058328 169733 1.2 16 13 10 15 10% 5811 238102 3866 5%
c - 1318.97 71 18 0 1458 1242127 2 37096498 173261 1.2 16 13 10 15 10% 5812 238102 3866 5%
c - 1320.16 73 18 0 1459 1243328 2 37134682 175338 1.2 16 13 10 15 10% 5812 238102 3866 5%
c - 1321.56 76 18 0 1460 1243968 2 37172878 176340 1.2 16 13 10 15 10% 5812 238102 3866 5%
c
c  seconds   switched         rate             size/glue  tier1      binary        remaining
c          MB   reductions       conflicts           size    tier2      irredundant
c           level      restarts          redundant      glue     trail         variables
c
c u 1323.01 84 17 0 1460 1244026 2 37189965 187539 1.2 16 13 10 15 10% 5812 238102 3866 5%
c v 1323.33 85 17 0 1460 1244026 2 37189965 180878 1.2 16 13 10 15 10% 5812 238102 3866 5%
c w 1323.37 85 17 0 1460 1244026 2 37189965 180632 1.2 16 13 10 15 10% 5812 238102 3866 5%
c t 1323.38 85 17 0 1460 1244026 2 37189965 180632 1.2 16 13 10 15 10% 5807 238102 3866 5%
c f 1323.39 85 17 0 1460 1244026 2 37189965 180632 1.2 16 13 10 15 10% 5809 238082 3867 5%
c u 1324.39 114 17 0 1460 1244026 2 37189965 179490 1.2 16 13 10 15 10% 5809 238082 3867 5%
c v 1324.57 116 17 0 1460 1244026 2 37189965 178668 1.2 16 13 10 15 10% 5809 238082 3867 5%
c w 1324.58 116 17 0 1460 1244026 2 37189965 178668 1.2 16 13 10 15 10% 5809 238082 3867 5%
c = 1327.44 104 17 0 1460 1244026 2 37189965 178668 1.2 16 13 10 15 10% 5809 238073 3866 5%
c - 1328.47 157 18 0 1461 1245195 2 37211088 177857 1.2 16 13 10 15 11% 5809 238066 3866 5%
c - 1329.55 153 18 0 1462 1245595 2 37249311 184191 1.2 16 13 10 15 11% 5809 238066 3866 5%
c - 1330.81 150 17 0 1463 1246890 2 37287549 189001 1.2 16 13 10 15 10% 5809 238066 3866 5%
c - 1332.04 116 17 0 1464 1247602 2 37325798 194695 1.2 16 13 10 15 10% 5809 238066 3866 5%
c - 1333.27 88 17 0 1465 1247874 2 37364061 200988 1.2 16 13 10 15 10% 5809 238066 3866 5%
c - 1334.88 193 18 0 1466 1249930 2 37402336 211077 1.3 17 13 10 15 11% 5810 238066 3866 5%
c - 1337.70 135 21 0 1467 1253509 2 37440624 218218 1.4 18 13 10 15 12% 5812 238066 3866 5%
c - 1338.95 103 20 0 1468 1254509 2 37478926 212846 1.3 17 13 10 15 11% 5812 238066 3866 5%
c - 1340.76 122 20 0 1469 1255655 2 37517240 210701 1.3 17 13 10 15 11% 5812 238066 3866 5%
c - 1341.92 99 19 0 1470 1256006 2 37555568 212383 1.3 17 13 10 15 11% 5812 238066 3866 5%
c o 1342.70 102 18 0 1470 1256210 2 37584959 233613 1.3 16 13 10 15 10% 5812 238066 3866 5%
c
c  seconds    switched         rate             size/glue  tier1      binary        remaining
c           MB   reductions       conflicts           size    tier2      irredundant
c            level      restarts          redundant      glue     trail         variables
c
c - 1343.68 143 19 0 1471 1257433 2 37593909 214974 1.3 17 13 10 15 11% 5813 238066 3866 5%
c - 1346.31 180 21 0 1472 1260097 2 37632264 216414 1.3 17 13 10 15 11% 5814 238066 3866 5%
c - 1348.22 141 22 0 1473 1261467 2 37670630 221201 1.3 17 14 10 15 12% 5815 238066 3866 5%
c - 1350.91 122 24 0 1474 1264607 2 37709009 226606 1.3 18 14 10 15 12% 5815 238066 3866 5%
c - 1352.65 113 22 0 1475 1265352 2 37747401 225416 1.2 17 14 10 15 11% 5815 238066 3866 5%
c - 1354.38 121 21 0 1476 1265719 2 37785807 227677 1.2 17 14 10 15 11% 5820 238066 3866 5%
c - 1357.12 129 22 0 1477 1268035 2 37824225 229583 1.2 17 14 10 15 11% 5820 238066 3866 5%
c u 1359.77 113 21 0 1477 1269686 2 37859638 251359 1.2 17 15 10 15 10% 5853 238066 3866 5%
c v 1360.61 114 21 0 1477 1269686 2 37859638 238198 1.2 17 15 10 15 10% 5853 238066 3866 5%
c w 1360.97 114 21 0 1477 1269686 2 37859638 232213 1.2 17 15 10 15 10% 5853 238066 3866 5%
c x 1361.54 146 21 0 1477 1269686 2 37859638 232209 1.2 17 15 10 15 10% 5857 237956 3866 5%
c t 1361.57 146 21 0 1477 1269686 2 37859638 232209 1.2 17 15 10 15 10% 5840 237956 3866 5%
c - 1362.09 160 22 0 1478 1269869 2 37862657 223461 1.2 17 15 10 15 11% 5841 237956 3866 5%
c - 1363.64 113 20 0 1479 1269957 2 37901102 226227 1.2 17 14 10 15 10% 5841 237956 3866 5%
c - 1365.87 197 21 0 1480 1271639 2 37939559 231153 1.2 17 14 10 15 11% 5841 237956 3866 5%
c - 1367.57 170 21 0 1481 1272691 2 37978030 228446 1.2 17 14 10 15 11% 5844 237956 3866 5%
c - 1368.94 115 19 0 1482 1272964 2 38016513 221596 1.2 17 14 10 15 10% 5844 237956 3866 5%
c - 1369.82 116 18 0 1483 1272977 2 38055009 219817 1.2 17 14 10 15 10% 5844 237956 3866 5%
c - 1370.81 116 17 0 1484 1273008 1 38093518 220699 1.2 16 13 10 15 9% 5844 237956 3866 5%
c - 1372.34 136 18 0 1485 1275073 2 38132040 222025 1.2 16 14 10 15 9% 5844 237956 3866 5%
c
c  seconds    switched         rate             size/glue  tier1      binary        remaining
c           MB   reductions       conflicts           size    tier2      irredundant
c            level      restarts          redundant      glue     trail         variables
c
c - 1374.02 109 18 0 1486 1275692 2 38170575 222635 1.2 16 14 10 15 10% 5848 237956 3866 5%
c - 1375.14 93 17 0 1487 1275796 1 38209123 220619 1.2 16 13 10 15 10% 5848 237956 3866 5%
c - 1377.50 117 19 0 1488 1278459 2 38247686 218777 1.2 16 14 10 15 10% 5848 237956 3866 5%
c - 1379.47 126 21 0 1489 1280499 2 38286260 216906 1.2 17 14 10 15 11% 5850 237956 3866 5%
c - 1381.05 120 20 0 1490 1281558 2 38324847 217419 1.2 17 14 10 15 11% 5851 237956 3866 5%
c - 1383.04 119 21 0 1491 1282899 2 38363447 216500 1.2 17 14 10 15 12% 5851 237956 3866 5%
c - 1385.07 120 21 0 1492 1284223 2 38402062 213623 1.2 17 14 10 15 11% 5852 237956 3866 5%
c - 1386.27 115 20 0 1493 1284483 2 38440688 215150 1.2 17 14 10 15 11% 5852 237956 3866 5%
c o 1386.46 115 19 0 1493 1284503 2 38447330 220489 1.2 17 14 10 15 11% 5852 237956 3866 5%
c - 1387.71 87 19 0 1494 1284731 2 38479327 214726 1.3 17 13 10 15 10% 5852 237956 3866 5%
c - 1390.23 143 21 0 1495 1286518 2 38517979 216270 1.3 17 14 10 15 11% 5854 237956 3866 5%
c b 1390.83 136 20 0 1495 1286731 2 38535766 230257 1.3 17 14 10 15 11% 5858 237956 3865 5%
c u 1392.15 145 20 0 1495 1286731 2 38535766 215842 1.3 17 14 10 15 11% 5859 237956 3865 5%
c v 1392.93 148 20 0 1495 1286731 2 38535766 207935 1.3 17 14 10 15 11% 5859 237956 3865 5%
c w 1393.05 148 20 0 1495 1286731 2 38535766 206812 1.3 17 14 10 15 11% 5859 237956 3865 5%
c t 1393.08 111 20 0 1495 1286731 2 38535766 206812 1.3 17 14 10 15 11% 5858 237948 3865 5%
c u 1394.38 115 20 0 1495 1286731 2 38535766 200343 1.3 17 14 10 15 11% 5858 237948 3865 5%
c v 1394.83 115 20 0 1495 1286731 2 38535766 199514 1.3 17 14 10 15 11% 5858 237948 3865 5%
c w 1394.88 115 20 0 1495 1286731 2 38535766 199480 1.3 17 14 10 15 11% 5858 237948 3865 5%
c - 1395.77 119 20 0 1496 1287131 2 38556644 190449 1.3 17 14 10 15 11% 5853 237948 3865 5%
c
c  seconds    switched         rate             size/glue  tier1      binary        remaining
c           MB   reductions       conflicts           size    tier2      irredundant
c            level      restarts          redundant      glue     trail         variables
c
c - 1397.19 110 20 0 1497 1288016 2 38595322 188192 1.2 17 13 10 15 10% 5853 237948 3865 5%
c - 1399.30 95 23 0 1498 1290451 2 38634014 188886 1.3 17 14 10 15 12% 5857 237948 3865 5%
c - 1401.28 79 23 0 1499 1291573 2 38672718 192115 1.3 17 14 10 15 12% 5859 237948 3865 5%
c - 1402.19 79 21 0 1500 1291663 2 38711435 192231 1.3 17 13 10 15 11% 5859 237948 3865 5%
c - 1403.43 73 19 0 1501 1292118 2 38750165 194485 1.2 16 13 10 15 10% 5859 237948 3865 5%
c - 1405.10 69 20 0 1502 1292861 2 38788907 195730 1.2 16 13 10 15 11% 5862 237948 3865 5%
c s 1406.24 71 20 0 1502 1293569 2 38816850 217417 1.2 16 13 10 15 11% 5866 237908 3865 5%
c e 1406.26 77 20 0 1502 1293569 2 38816850 217417 1.2 16 13 10 15 11% 5849 238061 3854 5%
c 2 1406.26 77 20 0 1502 1293569 2 38816850 217417 1.2 16 13 10 15 11% 5848 238061 3854 5%
c s 1406.30 77 20 0 1502 1293569 2 38816850 217417 1.2 16 13 10 15 11% 5851 238000 3854 5%
c e 1406.31 77 20 0 1502 1293569 2 38816850 217417 1.2 16 13 10 15 11% 5849 238031 3852 5%
c - 1407.08 90 21 0 1503 1294229 2 38827662 198265 1.2 16 13 10 15 11% 5849 238031 3852 5%
c - 1408.10 92 19 0 1504 1294504 2 38866430 199090 1.3 16 13 10 15 11% 5849 238031 3852 5%
c - 1409.32 102 18 0 1505 1294997 2 38905211 198585 1.3 16 13 10 15 11% 5849 238031 3852 5%
c - 1411.93 151 21 0 1506 1298279 2 38944006 203909 1.3 17 13 10 15 12% 5852 238031 3852 5%
c - 1414.64 110 23 0 1507 1302043 2 38982813 204938 1.2 17 14 10 15 12% 5858 238031 3852 5%
c - 1417.08 121 23 0 1508 1303649 2 39021633 205127 1.2 17 14 10 15 12% 5858 238031 3852 5%
c - 1419.42 151 24 0 1509 1305529 2 39060465 205937 1.2 18 14 10 15 12% 5859 238031 3852 5%
c - 1420.90 111 22 0 1510 1306060 2 39099311 209190 1.2 17 14 10 15 12% 5859 238031 3852 5%
c - 1421.89 79 20 0 1511 1306117 2 39138170 207404 1.2 17 14 10 15 11% 5859 238031 3852 5%
c
c  seconds   switched         rate             size/glue  tier1      binary        remaining
c          MB   reductions       conflicts           size    tier2      irredundant
c           level      restarts          redundant      glue     trail         variables
c
c - 1423.33 91 19 0 1512 1307217 2 39177041 207473 1.2 17 14 10 15 10% 5860 238031 3852 5%
c - 1425.31 103 19 0 1513 1308564 2 39215925 208356 1.2 17 14 10 15 10% 5861 238031 3852 5%
c u 1426.84 121 19 0 1513 1308913 2 39218392 207981 1.2 17 14 10 15 10% 5861 238031 3852 5%
c v 1426.96 121 19 0 1513 1308913 2 39218392 207434 1.2 17 14 10 15 10% 5861 238031 3852 5%
c w 1427.05 121 19 0 1513 1308913 2 39218392 206820 1.2 17 14 10 15 10% 5861 238031 3852 5%
c = 1432.01 131 19 0 1513 1308913 2 39218392 206820 1.2 17 14 10 15 10% 5861 238018 3851 5%
c t 1432.03 131 19 0 1513 1308913 2 39218392 206820 1.2 17 14 10 15 10% 5856 238016 3851 5%
c u 1433.33 132 19 0 1513 1308913 2 39218392 203858 1.2 17 14 10 15 10% 5856 238016 3851 5%
c v 1433.41 132 19 0 1513 1308913 2 39218392 203723 1.2 17 14 10 15 10% 5856 238016 3851 5%
c w 1433.45 132 19 0 1513 1308913 2 39218392 203674 1.2 17 14 10 15 10% 5856 238016 3851 5%
c - 1435.03 161 20 0 1514 1309736 2 39254822 202834 1.2 17 14 10 15 10% 5856 238016 3851 5%
c - 1436.17 143 18 0 1515 1310042 2 39293734 200907 1.2 17 14 10 15 10% 5856 238016 3851 5%
c - 1437.35 103 18 0 1516 1310364 1 39332660 199142 1.2 16 14 10 15 10% 5856 238016 3851 5%
c o 1438.27 103 17 0 1516 1310418 1 39371495 221867 1.2 16 13 10 15 9% 5856 238016 3851 5%
c - 1438.32 125 17 0 1517 1310422 1 39371597 200611 1.2 16 13 10 15 10% 5856 238016 3851 5%
c - 1440.47 131 19 0 1518 1312942 2 39410547 203976 1.2 16 14 10 15 10% 5859 238016 3851 5%
c - 1441.46 99 18 0 1519 1313074 2 39449509 208913 1.2 16 13 10 15 10% 5859 238016 3851 5%
c - 1442.41 84 17 0 1520 1313167 2 39488483 213206 1.2 16 13 10 15 9% 5859 238016 3851 5%
c - 1443.53 85 17 0 1521 1313507 1 39527470 216593 1.2 16 13 10 15 9% 5859 238016 3851 5%
c - 1445.65 138 18 0 1522 1315300 2 39566471 219874 1.2 16 13 10 15 10% 5861 238016 3851 5%
c
c  seconds    switched         rate             size/glue  tier1      binary        remaining
c           MB   reductions       conflicts           size    tier2      irredundant
c            level      restarts          redundant      glue     trail         variables
c
c - 1447.21 100 18 0 1523 1316135 2 39605483 225836 1.3 16 13 10 15 10% 5862 238016 3851 5%
c - 1448.40 85 17 0 1524 1316736 2 39644509 226973 1.2 16 13 10 15 9% 5862 238016 3851 5%
c - 1451.23 110 19 0 1525 1319252 2 39683548 232225 1.3 16 13 10 15 10% 5864 238016 3851 5%
c - 1453.76 93 22 0 1526 1322734 2 39722599 232579 1.2 17 14 10 15 11% 5865 238016 3851 5%
c - 1455.40 88 20 0 1527 1323221 2 39761664 232415 1.2 17 13 10 15 10% 5865 238016 3851 5%
c - 1457.23 81 20 0 1528 1323564 2 39800740 240701 1.3 17 13 10 15 11% 5865 238016 3851 5%
c - 1460.03 93 22 0 1529 1326350 2 39839829 241294 1.3 17 13 10 15 12% 5866 238016 3851 5%
c - 1461.82 92 21 0 1530 1327244 2 39878932 242718 1.3 17 13 10 15 11% 5867 238016 3851 5%
c u 1464.45 132 21 0 1530 1327991 2 39907551 263093 1.3 17 13 10 15 11% 5867 238016 3851 5%
c v 1465.68 134 21 0 1530 1327991 2 39907551 253636 1.3 17 13 10 15 11% 5867 238016 3851 5%
c w 1466.15 135 21 0 1530 1327991 2 39907551 252400 1.3 17 13 10 15 11% 5867 238016 3851 5%
c - 1471.19 165 22 0 1531 1328418 2 39918047 239267 1.3 17 13 10 15 12% 5868 238015 3851 5%
c - 1474.11 180 24 0 1532 1330739 2 39957175 243647 1.3 17 14 10 15 13% 5873 238015 3851 5%
c - 1475.72 145 23 0 1533 1331249 2 39996316 249288 1.3 17 13 10 15 12% 5875 238015 3851 5%
c - 1478.50 142 22 0 1534 1333095 2 40035470 255600 1.3 17 13 10 15 12% 5878 238015 3851 5%
c - 1480.81 131 24 0 1535 1336072 2 40074637 258712 1.3 17 13 10 15 12% 5881 238015 3851 5%
c - 1483.35 188 24 0 1536 1339356 2 40113816 254790 1.3 17 14 10 15 12% 5883 238015 3851 5%
c - 1484.62 160 21 0 1537 1339688 2 40153007 251637 1.2 17 13 10 15 11% 5883 238015 3851 5%
c - 1485.71 108 20 0 1538 1340110 2 40192211 249999 1.2 16 13 10 15 11% 5883 238015 3851 5%
c - 1486.83 93 18 0 1539 1340480 2 40231432 250315 1.2 16 13 10 15 10% 5883 238015 3851 5%
c
c  seconds   switched         rate             size/glue  tier1      binary        remaining
c          MB   reductions       conflicts           size    tier2      irredundant
c           level      restarts          redundant      glue     trail         variables
c
c o 1487.59 93 17 0 1539 1340543 1 40266030 267700 1.2 16 13 10 15 10% 5883 238015 3851 5%
c - 1488.00 131 18 0 1540 1341102 2 40270662 250990 1.2 16 13 10 15 10% 5883 238015 3851 5%
c - 1491.51 152 21 0 1541 1344262 2 40309904 255024 1.2 17 14 10 15 11% 5883 238015 3851 5%
c - 1494.05 197 23 0 1542 1346274 2 40349161 254548 1.2 17 14 10 15 12% 5886 238015 3851 5%
c - 1495.87 138 22 0 1543 1346750 2 40388429 253867 1.2 17 14 10 15 11% 5886 238015 3851 5%
c - 1498.49 106 24 0 1544 1348811 2 40427710 257451 1.2 18 14 10 15 13% 5891 238015 3851 5%
c - 1501.07 102 24 0 1545 1350702 2 40467004 258749 1.2 18 14 10 15 12% 5891 238015 3851 5%
c - 1502.26 104 22 0 1546 1350812 2 40506310 261995 1.2 17 14 10 15 11% 5891 238015 3851 5%
c - 1503.52 97 20 0 1547 1350946 2 40545630 265718 1.3 17 14 10 15 10% 5891 238015 3851 5%
c - 1504.75 100 19 0 1548 1351106 2 40584962 266110 1.3 17 13 10 15 11% 5891 238015 3851 5%
c u 1506.74 119 18 0 1548 1351166 2 40603206 276909 1.3 17 13 10 15 10% 5891 238015 3851 5%
c v 1507.18 119 18 0 1548 1351166 2 40603206 270288 1.3 17 13 10 15 10% 5891 238015 3851 5%
c w 1507.24 119 18 0 1548 1351166 2 40603206 269978 1.3 17 13 10 15 10% 5891 238015 3851 5%
c t 1507.27 119 18 0 1548 1351166 2 40603206 269978 1.3 17 13 10 15 10% 5887 238015 3851 5%
c - 1509.14 99 20 0 1549 1353455 2 40624306 264957 1.2 17 14 10 15 11% 5888 238015 3851 5%
c - 1510.88 96 19 0 1550 1353757 2 40663669 270125 1.3 17 13 10 15 11% 5888 238015 3851 5%
c - 1512.18 99 18 0 1551 1354187 2 40703040 212432 1.2 16 13 9 15 10% 5888 238015 3851 5%
c - 1513.24 100 17 0 1552 1354576 2 40742422 200788 1.2 16 13 9 15 10% 5888 238015 3851 5%
c s 1515.59 94 21 0 1552 1356935 2 40772924 226824 1.3 17 13 9 15 11% 5895 237980 3851 5%
c e 1515.60 101 21 0 1552 1356935 2 40772924 226824 1.3 17 13 9 15 11% 5882 238037 3848 5%
c
c  seconds    switched         rate             size/glue  tier1     binary        remaining
c           MB   reductions       conflicts           size   tier2      irredundant
c            level      restarts          redundant      glue    trail         variables
c
c s 1515.63 101 21 0 1552 1356935 2 40772924 226824 1.3 17 13 9 15 11% 5882 238012 3848 5%
c - 1516.08 113 20 0 1553 1356975 2 40781818 198112 1.2 17 13 9 15 11% 5883 238012 3848 5%
c - 1517.60 130 20 0 1554 1357593 2 40821226 201011 1.3 16 13 9 15 11% 5884 238012 3848 5%
c - 1519.89 169 22 0 1555 1359997 2 40860646 202302 1.3 17 13 9 15 12% 5884 238012 3848 5%
c - 1521.32 149 20 0 1556 1360639 2 40900079 199546 1.3 16 13 9 15 11% 5884 238012 3848 5%
c - 1522.47 117 19 0 1557 1360819 2 40939525 201180 1.3 16 12 9 15 11% 5884 238012 3848 5%
c - 1524.35 139 20 0 1558 1362323 2 40978985 204837 1.3 16 13 9 15 11% 5884 238012 3848 5%
c - 1526.91 134 22 0 1559 1364641 2 41018457 201251 1.3 17 13 9 15 12% 5884 238012 3848 5%
c - 1529.17 141 23 0 1560 1368282 2 41057942 198059 1.2 17 14 9 15 12% 5886 238012 3848 5%
c - 1531.16 165 23 0 1561 1370390 2 41097438 196890 1.2 17 14 9 15 12% 5888 238012 3848 5%
c - 1532.34 133 21 0 1562 1370863 2 41136948 192848 1.2 17 14 9 15 11% 5888 238012 3848 5%
c - 1533.51 133 20 0 1563 1371213 2 41176470 188164 1.2 17 14 9 15 11% 5888 238012 3848 5%
c - 1534.50 133 18 0 1564 1371355 2 41216004 180136 1.2 17 14 9 15 10% 5888 238012 3848 5%
c - 1535.51 110 17 0 1565 1371417 1 41255551 172563 1.2 16 13 9 15 10% 5888 238012 3848 5%
c o 1535.73 110 17 0 1565 1371424 1 41266002 178422 1.2 16 13 9 15 10% 5888 238012 3848 5%
c - 1537.22 127 19 0 1566 1372540 2 41295112 170689 1.2 16 13 9 15 11% 5889 238012 3848 5%
c u 1538.78 138 19 0 1566 1374041 2 41305416 177317 1.2 16 14 9 15 11% 5891 238012 3848 5%
c v 1539.15 143 19 0 1566 1374041 2 41305416 174273 1.2 16 14 9 15 11% 5891 238012 3848 5%
c w 1539.39 143 19 0 1566 1374041 2 41305416 170895 1.2 16 14 9 15 11% 5891 238012 3848 5%
c t 1539.40 143 19 0 1566 1374041 2 41305416 170895 1.2 16 14 9 15 11% 5886 238012 3848 5%
c
c  seconds    switched         rate             size/glue  tier1     binary        remaining
c           MB   reductions       conflicts           size   tier2      irredundant
c            level      restarts          redundant      glue    trail         variables
c
c - 1540.89 137 20 0 1567 1375245 2 41334684 168280 1.2 17 14 9 15 11% 5887 238012 3848 5%
c - 1541.97 114 19 0 1568 1375430 2 41374269 170068 1.2 17 13 9 15 11% 5887 238012 3848 5%
c - 1542.86 98 18 0 1569 1375594 2 41413867 172084 1.2 16 13 9 15 11% 5887 238012 3848 5%
c - 1544.97 132 20 0 1570 1378854 2 41453481 175546 1.2 17 14 9 15 11% 5888 238012 3848 5%
c - 1547.63 140 25 0 1571 1381584 2 41493104 176848 1.2 18 14 9 15 13% 5892 238012 3848 5%
c - 1549.68 137 25 0 1572 1383219 2 41532739 176457 1.2 18 14 9 15 13% 5894 238012 3848 5%
c - 1551.03 96 23 0 1573 1384865 2 41572388 173962 1.2 18 15 9 15 11% 5894 238012 3848 5%
c - 1552.16 99 21 0 1574 1385385 2 41612050 172122 1.2 18 15 9 15 11% 5894 238012 3848 5%
c - 1553.08 90 20 0 1575 1385527 2 41651723 172323 1.2 17 14 9 15 11% 5894 238012 3848 5%
c - 1554.08 91 18 0 1576 1385573 2 41691411 173844 1.3 17 13 9 15 10% 5894 238012 3848 5%
c - 1555.20 93 18 0 1577 1385806 2 41731111 176035 1.3 16 13 9 15 10% 5894 238012 3848 5%
c - 1556.14 94 17 0 1578 1385960 2 41770824 175012 1.2 16 13 9 15 9% 5894 238012 3848 5%
c - 1557.76 99 18 0 1579 1387140 2 41810549 176523 1.3 16 13 9 15 10% 5894 238012 3848 5%
c - 1559.60 97 19 0 1580 1389951 2 41850286 175458 1.2 17 13 9 15 11% 5895 238012 3848 5%
c - 1561.12 92 20 0 1581 1391500 2 41890035 174548 1.2 17 14 9 15 11% 5895 238012 3848 5%
c - 1562.54 93 20 0 1582 1392358 2 41929796 176258 1.2 17 14 9 15 11% 5896 238012 3848 5%
c - 1563.50 94 19 0 1583 1392561 2 41969571 172524 1.2 17 13 9 15 10% 5896 238012 3848 5%
c - 1564.96 89 19 0 1584 1393606 2 42009357 171580 1.2 16 13 9 15 10% 5896 238012 3848 5%
c u 1566.07 100 19 0 1584 1393606 2 42014143 172160 1.3 16 13 9 15 10% 5938 238012 3848 5%
c v 1566.21 101 19 0 1584 1393606 2 42014143 170697 1.3 16 13 9 15 10% 5938 238012 3848 5%
c
c  seconds    switched         rate             size/glue  tier1     binary        remaining
c           MB   reductions       conflicts           size   tier2      irredundant
c            level      restarts          redundant      glue    trail         variables
c
c w 1566.23 101 19 0 1584 1393606 2 42014143 170610 1.3 16 13 9 15 10% 5938 238012 3848 5%
c t 1570.68 122 19 0 1584 1393606 2 42014143 170610 1.3 16 13 9 15 10% 5927 238012 3848 5%
c - 1572.14 161 19 0 1585 1395042 2 42049158 168294 1.3 16 13 9 15 11% 5928 238012 3848 5%
c - 1573.56 163 19 0 1586 1396121 2 42088972 170996 1.3 16 13 9 15 11% 5930 238012 3848 5%
c - 1574.94 186 19 0 1587 1397109 2 42128796 170990 1.3 16 13 9 15 11% 5930 238012 3848 5%
c - 1575.78 170 18 0 1588 1397416 2 42168633 165699 1.2 16 13 9 15 11% 5930 238012 3848 5%
c o 1575.79 170 18 0 1588 1397418 2 42168839 165791 1.2 16 13 9 15 11% 5930 238012 3848 5%
c - 1577.58 143 19 0 1589 1401197 2 42208482 163014 1.2 16 13 9 15 11% 5933 238012 3848 5%
c - 1578.74 143 18 0 1590 1401605 2 42248345 160433 1.2 16 13 9 15 10% 5933 238012 3848 5%
c - 1579.62 96 17 0 1591 1401759 2 42288222 160458 1.2 16 13 9 15 10% 5933 238012 3848 5%
c - 1580.84 75 17 0 1592 1402731 2 42328109 162419 1.2 16 13 9 15 10% 5933 238012 3848 5%
c - 1582.57 111 19 0 1593 1404872 2 42368009 164941 1.2 16 13 9 15 10% 5935 238012 3848 5%
c - 1584.21 142 19 0 1594 1405418 2 42407921 171255 1.3 16 13 9 15 11% 5939 238012 3848 5%
c - 1585.35 120 18 0 1595 1405717 2 42447845 173758 1.3 16 13 9 15 10% 5939 238012 3848 5%
c - 1586.60 91 18 0 1596 1407814 2 42487782 174446 1.2 16 13 9 15 10% 5940 238012 3848 5%
c - 1588.47 95 20 0 1597 1410146 2 42527731 174283 1.2 16 13 9 15 11% 5941 238012 3848 5%
c - 1589.35 97 19 0 1598 1410352 2 42567694 185050 1.3 16 12 9 15 10% 5941 238012 3848 5%
c - 1591.27 127 20 0 1599 1412394 2 42607669 195289 1.3 17 12 9 15 11% 5941 238012 3848 5%
c - 1593.32 119 21 0 1600 1415212 2 42647659 196049 1.3 17 13 9 15 11% 5941 238012 3848 5%
c - 1595.14 153 22 0 1601 1417675 2 42687659 197072 1.3 17 13 9 15 11% 5941 238012 3848 5%
c
c  seconds    switched         rate             size/glue  tier1     binary        remaining
c           MB   reductions       conflicts           size   tier2      irredundant
c            level      restarts          redundant      glue    trail         variables
c
c - 1596.65 133 20 0 1602 1419585 2 42727671 193555 1.3 17 13 9 15 10% 5941 238012 3848 5%
c u 1597.78 148 20 0 1602 1419588 2 42729423 184430 1.3 17 13 9 15 10% 5941 238012 3848 5%
c v 1597.87 148 20 0 1602 1419588 2 42729423 183539 1.3 17 13 9 15 10% 5941 238012 3848 5%
c w 1597.90 148 20 0 1602 1419588 2 42729423 183483 1.3 17 13 9 15 10% 5941 238012 3848 5%
c t 1597.91 97 20 0 1602 1419588 2 42729423 183483 1.3 17 13 9 15 10% 5933 238012 3848 5%
c - 1599.54 140 20 0 1603 1421558 2 42767695 181104 1.2 17 14 9 15 11% 5934 238011 3848 5%
c s 1600.07 140 20 0 1603 1421976 2 42785745 193869 1.2 17 14 9 15 10% 5945 237961 3848 5%
c e 1600.07 146 20 0 1603 1421976 2 42785745 193869 1.2 17 14 9 15 10% 5940 238038 3843 5%
c s 1600.10 146 20 0 1603 1421976 2 42785745 193869 1.2 17 14 9 15 10% 5942 237996 3843 5%
c e 1600.11 146 20 0 1603 1421976 2 42785745 193869 1.2 17 14 9 15 10% 5941 238012 3842 5%
c - 1601.13 147 21 0 1604 1422452 2 42807733 183970 1.2 17 14 9 15 11% 5943 238012 3842 5%
c - 1602.24 116 19 0 1605 1422867 2 42847782 184353 1.2 17 14 9 15 10% 5943 238012 3842 5%
c - 1603.83 98 19 0 1606 1423962 2 42887844 185118 1.2 17 14 9 15 10% 5943 238012 3842 5%
c - 1605.08 79 18 0 1607 1424225 2 42927920 183894 1.2 17 14 9 15 10% 5943 238012 3842 5%
c - 1606.06 90 17 0 1608 1424316 1 42968011 182592 1.2 16 14 9 15 10% 5943 238012 3842 5%
c - 1607.02 69 16 0 1609 1424394 1 43008110 181265 1.2 16 13 9 15 9% 5943 238012 3842 5%
c - 1608.50 75 17 0 1610 1425110 2 43048222 182966 1.2 16 13 9 15 10% 5943 238012 3842 5%
c o 1609.30 77 17 0 1610 1425194 1 43083439 209108 1.2 16 13 9 15 9% 5943 238012 3842 5%
c - 1609.96 74 18 0 1611 1425736 2 43088346 183785 1.2 16 13 9 15 10% 5944 238012 3842 5%
c - 1612.25 72 20 0 1612 1428556 2 43128483 184667 1.2 17 13 9 15 11% 5944 238012 3842 5%
c
c  seconds   switched         rate             size/glue  tier1     binary        remaining
c          MB   reductions       conflicts           size   tier2      irredundant
c           level      restarts          redundant      glue    trail         variables
c
c - 1613.78 74 20 0 1613 1429209 2 43168632 186787 1.2 17 13 9 15 11% 5944 238012 3842 5%
c - 1614.77 77 18 0 1614 1430126 2 43208795 188483 1.2 16 13 9 15 11% 5944 238012 3842 5%
c - 1616.15 78 18 0 1615 1432378 2 43248970 186946 1.2 16 13 9 15 10% 5944 238012 3842 5%
c - 1617.67 79 19 0 1616 1434362 2 43289158 183168 1.2 17 14 9 15 10% 5944 238012 3842 5%
c - 1619.90 77 21 0 1617 1435637 2 43329357 180093 1.2 17 14 9 15 11% 5944 238012 3842 5%
c - 1621.64 70 20 0 1618 1436482 2 43369568 180726 1.2 17 13 9 15 11% 5944 238012 3842 5%
c - 1623.81 75 21 0 1619 1440131 2 43409793 180659 1.2 17 14 9 15 11% 5949 238012 3842 5%
c - 1625.37 79 21 0 1620 1441504 2 43450029 183376 1.2 17 14 9 15 12% 5950 238012 3842 5%
c u 1626.25 85 21 0 1620 1441504 2 43451253 181910 1.2 17 14 9 15 12% 5950 238012 3842 5%
c v 1626.36 85 21 0 1620 1441504 2 43451253 181593 1.2 17 14 9 15 12% 5950 238012 3842 5%
c w 1626.38 85 21 0 1620 1441504 2 43451253 181580 1.2 17 14 9 15 12% 5950 238012 3842 5%
c x 1627.65 92 21 0 1620 1441504 2 43451253 181520 1.2 17 14 9 15 12% 6100 237225 3834 5%
c d 1627.66 92 21 0 1620 1441504 2 43451253 181519 1.2 17 14 9 15 12% 6117 237135 3833 5%
c t 1627.67 92 21 0 1620 1441504 2 43451253 181519 1.2 17 14 9 15 12% 6068 237135 3831 5%
c f 1627.69 92 21 0 1620 1441504 2 43451253 181519 1.2 17 14 9 15 12% 6072 237079 3834 5%
c u 1628.85 125 21 0 1620 1441504 2 43451253 178289 1.2 17 14 9 15 12% 6075 237057 3834 5%
c v 1628.94 125 21 0 1620 1441504 2 43451253 178225 1.2 17 14 9 15 12% 6075 237057 3834 5%
c w 1628.95 125 21 0 1620 1441504 2 43451253 178220 1.2 17 14 9 15 12% 6075 237057 3834 5%
c i 1628.98 109 21 0 1620 1441504 2 43451253 178220 1.2 17 14 9 15 12% 6075 237057 3834 5%
c - 1630.51 110 21 0 1621 1443019 2 43490278 177640 1.2 17 14 9 15 11% 6041 237057 3834 5%
c
c  seconds    switched         rate             size/glue  tier1     binary        remaining
c           MB   reductions       conflicts           size   tier2      irredundant
c            level      restarts          redundant      glue    trail         variables
c
c - 1632.89 169 23 0 1622 1444553 2 43530540 182089 1.3 18 14 9 15 13% 6043 237057 3834 5%
c - 1634.21 155 22 0 1623 1445168 2 43570814 181366 1.2 17 14 9 15 12% 6043 237057 3834 5%
c - 1635.28 90 20 0 1624 1445597 2 43611100 179541 1.2 17 14 9 15 11% 6043 237057 3834 5%
c - 1636.32 75 19 0 1625 1445856 2 43651398 176374 1.2 17 14 9 15 11% 6043 237057 3834 5%
c - 1637.18 75 18 0 1626 1446038 2 43691711 174772 1.2 16 13 9 15 10% 6043 237057 3834 5%
c - 1638.27 90 17 0 1627 1446669 2 43732034 175099 1.2 16 13 9 14 10% 6043 237057 3834 5%
c - 1639.19 89 17 0 1628 1446951 1 43772371 176207 1.2 16 13 9 14 10% 6043 237057 3834 5%
c - 1641.10 117 19 0 1629 1449646 2 43812720 169977 1.2 16 13 9 14 11% 6044 237057 3834 5%
c - 1643.88 147 22 0 1630 1452735 2 43853080 161230 1.2 17 14 9 14 12% 6045 237057 3834 5%
c - 1645.64 120 23 0 1631 1453752 2 43893453 160859 1.2 17 14 9 14 12% 6048 237057 3834 5%
c - 1646.49 120 20 0 1632 1453781 2 43933839 157990 1.2 16 13 9 14 12% 6048 237057 3834 5%
c - 1648.21 112 21 0 1633 1456450 2 43974237 159325 1.2 17 14 9 14 11% 6048 237057 3834 5%
c o 1648.54 112 21 0 1633 1456883 2 43988500 170099 1.2 17 14 9 14 11% 6048 237057 3834 5%
c - 1650.13 95 22 0 1634 1457917 2 44014647 159202 1.2 17 14 9 14 11% 6050 237057 3834 5%
c - 1651.42 103 21 0 1635 1458389 2 44055070 156764 1.2 17 14 9 14 11% 6050 237057 3834 5%
c - 1652.75 73 19 0 1636 1458910 2 44095506 156158 1.2 17 14 9 14 10% 6050 237057 3834 5%
c - 1654.10 92 19 0 1637 1459303 2 44135955 159966 1.3 17 14 9 14 10% 6051 237057 3834 5%
c - 1655.43 94 18 0 1638 1459649 1 44176417 161235 1.2 17 14 9 14 10% 6051 237057 3834 5%
c u 1656.63 104 18 0 1638 1459698 1 44179486 160605 1.2 17 14 9 14 9% 6051 237057 3834 5%
c v 1656.72 104 18 0 1638 1459698 1 44179486 159347 1.2 17 14 9 14 9% 6051 237057 3834 5%
c
c  seconds    switched         rate             size/glue  tier1    binary        remaining
c           MB   reductions       conflicts           size   tier2     irredundant
c            level      restarts          redundant      glue   trail         variables
c
c w 1656.75 104 18 0 1638 1459698 1 44179486 158788 1.2 17 14 9 14 9% 6051 237057 3834 5%
c = 1660.26 128 18 0 1638 1459698 1 44179486 158788 1.2 17 14 9 14 9% 6051 237034 3831 5%
c t 1660.28 128 18 0 1638 1459698 1 44179486 158787 1.2 17 14 9 14 9% 6050 237031 3831 5%
c u 1661.37 128 18 0 1638 1459698 1 44179486 156596 1.2 17 14 9 14 9% 6050 237031 3831 5%
c v 1661.43 128 18 0 1638 1459698 1 44179486 156554 1.2 17 14 9 14 9% 6050 237031 3831 5%
c w 1661.45 128 18 0 1638 1459698 1 44179486 156543 1.2 17 14 9 14 9% 6050 237031 3831 5%
c - 1662.84 145 19 0 1639 1460557 2 44216889 156042 1.2 17 14 9 14 9% 6039 237031 3831 5%
c - 1664.33 110 19 0 1640 1461605 2 44257374 155235 1.2 17 14 9 14 10% 6039 237031 3831 5%
c - 1665.21 94 18 0 1641 1461677 2 44297872 156871 1.3 16 13 9 14 10% 6039 237031 3831 5%
c - 1666.25 102 18 0 1642 1461901 2 44338381 161628 1.3 16 13 9 14 11% 6039 237031 3831 5%
c - 1668.51 101 20 0 1643 1464652 2 44378906 164969 1.3 17 13 9 14 11% 6041 237031 3831 5%
c - 1670.47 103 21 0 1644 1466530 2 44419440 167786 1.3 17 13 9 14 12% 6042 237031 3831 5%
c - 1672.17 99 21 0 1645 1469151 2 44459990 166499 1.3 17 14 9 14 11% 6042 237031 3831 5%
c - 1673.85 88 22 0 1646 1471189 2 44500548 169154 1.2 17 14 9 14 11% 6043 237031 3831 5%
c i 1674.06 91 22 0 1646 1471377 2 44502611 171048 1.3 17 14 9 14 11% 6048 237029 3826 5%
c - 1675.55 88 21 0 1647 1472151 2 44541118 178706 1.3 18 13 9 14 11% 6034 237029 3826 5%
c - 1677.55 91 21 0 1648 1475799 2 44581702 177198 1.3 18 14 9 14 11% 6034 237029 3826 5%
c - 1679.49 85 21 0 1649 1478029 2 44622297 175328 1.3 18 14 9 14 11% 6036 237029 3826 5%
c - 1680.88 90 20 0 1650 1478423 2 44662905 172852 1.2 17 14 9 14 10% 6036 237029 3826 5%
c - 1682.09 91 19 0 1651 1478674 2 44703525 168133 1.2 17 14 9 14 9% 6036 237029 3826 5%
c
c  seconds   switched         rate             size/glue  tier1    binary        remaining
c          MB   reductions       conflicts           size   tier2     irredundant
c           level      restarts          redundant      glue   trail         variables
c
c - 1683.33 92 17 0 1652 1478845 2 44744158 167542 1.2 16 13 9 14 8% 6036 237029 3826 5%
c - 1684.97 93 19 0 1653 1479873 2 44784804 167236 1.2 16 13 9 14 9% 6038 237029 3826 5%
c - 1686.28 91 19 0 1654 1480771 2 44825461 168664 1.2 16 13 9 14 10% 6038 237029 3826 5%
c s 1687.45 92 19 0 1654 1481517 2 44855825 190068 1.2 16 13 9 14 10% 6048 236865 3826 5%
c e 1687.47 96 19 0 1654 1481517 2 44855825 190068 1.2 16 13 9 14 10% 5945 237820 3758 5%
c s 1687.65 97 19 0 1654 1481517 2 44855825 190068 1.2 16 13 9 14 10% 5952 237550 3758 5%
c e 1687.66 97 19 0 1654 1481517 2 44855825 190068 1.2 16 13 9 14 10% 5935 237602 3747 5%
c - 1688.38 98 20 0 1655 1482597 2 44866130 168717 1.2 16 13 9 14 10% 5931 237600 3747 5%
c o 1690.24 100 22 0 1655 1484051 2 44893007 191110 1.2 17 14 9 14 11% 5933 237600 3747 5%
c - 1691.18 104 22 0 1656 1485171 2 44906812 172723 1.2 17 14 9 14 11% 5934 237600 3747 5%
c b 1691.48 94 22 0 1656 1485604 2 44914283 178241 1.2 17 14 9 14 11% 5949 237585 3745 5%
c u 1692.66 110 22 0 1656 1485604 2 44914283 176023 1.2 17 14 9 14 11% 5949 237585 3745 5%
c v 1692.89 129 22 0 1656 1485604 2 44914283 173991 1.2 17 14 9 14 11% 5949 237585 3745 5%
c w 1693.05 131 22 0 1656 1485604 2 44914283 171133 1.2 17 14 9 14 11% 5949 237585 3745 5%
c t 1698.89 116 22 0 1656 1485604 2 44914283 171133 1.2 17 14 9 14 11% 5919 237567 3745 5%
c f 1698.92 116 22 0 1656 1485604 2 44914283 171133 1.2 17 14 9 14 11% 5938 237254 3760 5%
c u 1699.77 151 22 0 1656 1485604 2 44914283 170005 1.2 17 14 9 14 11% 5939 237254 3760 5%
c v 1699.91 156 22 0 1656 1485604 2 44914283 169847 1.2 17 14 9 14 11% 5939 237254 3760 5%
c w 1699.98 157 22 0 1656 1485604 2 44914283 169821 1.2 17 14 9 14 11% 5939 237254 3760 5%
c x 1701.07 167 22 0 1656 1485604 2 44914283 169815 1.2 17 14 9 14 11% 5940 237180 3760 5%
c
c  seconds    switched         rate             size/glue  tier1     binary        remaining
c           MB   reductions       conflicts           size   tier2      irredundant
c            level      restarts          redundant      glue    trail         variables
c
c - 1701.88 166 21 0 1657 1485699 2 44947505 168541 1.2 17 14 9 14 11% 5929 237180 3760 5%
c - 1703.34 124 20 0 1658 1486570 2 44988211 169516 1.3 17 13 9 14 11% 5929 237180 3760 5%
c - 1705.12 122 20 0 1659 1488128 2 45028929 169069 1.2 17 14 9 14 10% 5929 237180 3760 5%
c - 1706.32 120 20 0 1660 1489708 2 45069659 169661 1.2 17 14 9 14 11% 5929 237180 3760 5%
c - 1707.66 116 19 0 1661 1490739 2 45110402 168937 1.2 17 14 9 14 11% 5929 237180 3760 5%
c - 1709.16 111 20 0 1662 1492725 2 45151158 169354 1.2 17 14 9 14 11% 5931 237179 3760 5%
c - 1710.21 113 18 0 1663 1492956 2 45191925 169599 1.2 17 13 9 14 10% 5931 237179 3760 5%
c - 1711.21 91 17 0 1664 1493046 2 45232705 170939 1.3 16 13 9 14 10% 5931 237179 3760 5%
c - 1712.61 104 17 0 1665 1493318 2 45273497 180820 1.3 17 12 9 14 10% 5931 237179 3760 5%
c - 1714.33 108 17 0 1666 1496545 2 45314301 189557 1.3 17 13 9 14 10% 5931 237179 3760 5%
c - 1716.46 137 19 0 1667 1498968 2 45355117 195224 1.3 17 13 9 14 10% 5934 237179 3760 5%
c - 1718.96 178 21 0 1668 1502306 2 45395946 198926 1.3 17 13 9 14 12% 5935 237179 3760 5%
c - 1720.68 129 22 0 1669 1503700 2 45436788 203217 1.3 17 13 9 14 11% 5937 237179 3760 5%
c - 1722.85 130 22 0 1670 1505910 2 45477641 206194 1.3 17 14 9 14 12% 5938 237179 3760 5%
c - 1724.73 112 22 0 1671 1508008 2 45518507 205639 1.2 17 14 9 14 11% 5938 237179 3760 5%
c - 1726.82 131 22 0 1672 1509479 2 45559386 207969 1.3 18 14 9 14 12% 5939 237179 3760 5%
c - 1729.03 96 23 0 1673 1511138 2 45600276 201007 1.3 18 14 9 14 12% 5939 237179 3760 5%
c - 1730.16 88 21 0 1674 1511418 2 45641178 196510 1.2 17 14 9 14 11% 5939 237179 3760 5%
c u 1731.73 107 21 0 1674 1511505 2 45655656 197071 1.2 17 14 9 14 11% 6002 237179 3760 5%
c v 1731.82 108 21 0 1674 1511505 2 45655656 191655 1.2 17 14 9 14 11% 6002 237179 3760 5%
c
c  seconds    switched         rate             size/glue  tier1     binary        remaining
c           MB   reductions       conflicts           size   tier2      irredundant
c            level      restarts          redundant      glue    trail         variables
c
c w 1731.93 109 21 0 1674 1511505 2 45655656 190966 1.2 17 14 9 14 11% 6002 237179 3760 5%
c t 1731.95 109 21 0 1674 1511505 2 45655656 190966 1.2 17 14 9 14 11% 5979 237179 3760 5%
c - 1733.05 94 20 0 1675 1512265 2 45682093 185750 1.2 17 14 9 14 11% 5979 237179 3760 5%
c - 1734.90 97 21 0 1676 1513954 2 45723019 187649 1.2 17 14 9 14 11% 5979 237179 3760 5%
c - 1736.27 95 21 0 1677 1514788 2 45763958 187817 1.2 17 14 9 14 11% 5979 237179 3760 5%
c - 1737.12 93 19 0 1678 1514820 2 45804912 182865 1.2 16 13 9 14 11% 5979 237179 3760 5%
c o 1737.28 82 18 0 1678 1514835 2 45811653 187238 1.2 16 13 9 14 11% 5979 237179 3760 5%
c - 1739.48 82 21 0 1679 1517801 2 45845875 185142 1.2 17 14 9 14 12% 5985 237178 3760 5%
c - 1740.68 97 20 0 1680 1518127 2 45886851 185710 1.2 16 13 9 14 11% 5985 237178 3760 5%
c - 1741.73 89 19 0 1681 1518219 2 45927839 189728 1.3 16 13 9 14 10% 5985 237178 3760 5%
c - 1744.45 130 21 0 1682 1520908 2 45968841 195134 1.3 17 13 9 14 11% 5987 237178 3760 5%
c - 1746.49 115 22 0 1683 1522247 2 46009854 198848 1.3 17 13 9 14 12% 5990 237178 3760 5%
c - 1747.96 104 21 0 1684 1523403 2 46050880 198601 1.3 17 13 9 14 12% 5990 237178 3760 5%
c i 1749.83 114 23 0 1684 1525570 2 46091919 231181 1.3 17 13 9 14 12% 6002 237178 3727 5%
c - 1749.85 115 23 0 1685 1525570 2 46091919 200905 1.3 17 13 9 14 12% 5966 237178 3727 5%
c - 1751.42 106 23 0 1686 1527648 2 46132967 208121 1.3 17 13 9 14 14% 5972 237178 3727 5%
c - 1754.01 115 25 0 1687 1530484 3 46174028 217476 1.3 18 13 9 14 17% 5975 237177 3727 5%
c - 1756.85 117 26 0 1688 1533530 3 46215101 219325 1.3 18 14 9 14 16% 5977 237177 3727 5%
c - 1758.09 85 23 0 1689 1533791 2 46256187 215675 1.3 18 14 9 14 14% 5977 237177 3727 5%
c - 1759.19 86 20 0 1690 1533967 2 46297285 214931 1.3 17 14 9 14 13% 5977 237177 3727 5%
c
c  seconds   switched         rate             size/glue  tier1     binary        remaining
c          MB   reductions       conflicts           size   tier2      irredundant
c           level      restarts          redundant      glue    trail         variables
c
c - 1760.51 87 19 0 1691 1534358 2 46338395 212576 1.2 17 13 9 14 12% 5977 237177 3727 5%
c - 1762.05 115 19 0 1692 1535416 2 46379516 214936 1.2 17 13 9 14 12% 5977 237177 3727 5%
c u 1764.17 115 18 0 1692 1535416 2 46403608 231657 1.3 16 13 9 14 12% 6027 236676 3727 5%
c v 1764.81 115 18 0 1692 1535416 2 46403608 222850 1.3 16 13 9 14 12% 6027 236676 3727 5%
c w 1764.86 115 18 0 1692 1535416 2 46403608 222440 1.3 16 13 9 14 12% 6027 236676 3727 5%
c = 1768.80 118 18 0 1692 1535416 2 46403608 222440 1.3 16 13 9 14 12% 6029 236674 3726 5%
c d 1768.81 118 18 0 1692 1535416 2 46403608 222440 1.3 16 13 9 14 12% 6025 236674 3726 5%
c t 1768.83 118 18 0 1692 1535416 2 46403608 222440 1.3 16 13 9 14 12% 6013 236674 3726 5%
c u 1770.11 120 18 0 1692 1535416 2 46403608 217016 1.3 16 13 9 14 12% 6013 236674 3726 5%
c v 1770.44 120 18 0 1692 1535416 2 46403608 216660 1.3 16 13 9 14 12% 6013 236674 3726 5%
c w 1770.47 120 18 0 1692 1535416 2 46403608 216658 1.3 16 13 9 14 12% 6013 236674 3726 5%
c - 1771.20 157 19 0 1693 1536693 2 46420650 211127 1.3 16 13 9 14 12% 6014 236674 3726 5%
c - 1773.34 170 20 0 1694 1539270 2 46461796 221799 1.3 17 13 9 14 12% 6016 236674 3726 5%
c - 1776.30 107 23 0 1695 1543471 2 46502955 223928 1.3 18 14 9 14 13% 6019 236674 3726 5%
c - 1778.33 107 23 0 1696 1544311 2 46544126 220594 1.3 17 14 9 14 12% 6021 236674 3726 5%
c - 1780.82 108 24 0 1697 1546588 2 46585308 218749 1.3 18 14 9 14 13% 6024 236674 3726 5%
c - 1782.46 104 22 0 1698 1547867 2 46626503 215587 1.2 17 14 9 14 12% 6024 236674 3726 5%
c - 1783.86 98 21 0 1699 1548315 2 46667709 209121 1.2 17 14 9 14 11% 6024 236674 3726 5%
c - 1785.30 88 20 0 1700 1548801 2 46708927 204748 1.2 17 14 9 14 10% 6024 236674 3726 5%
c o 1786.49 95 21 0 1700 1550006 2 46731938 223287 1.2 17 14 9 14 11% 6024 236674 3726 5%
c
c  seconds   switched         rate             size/glue  tier1     binary        remaining
c          MB   reductions       conflicts           size   tier2      irredundant
c           level      restarts          redundant      glue    trail         variables
c
c - 1787.20 91 20 0 1701 1550388 2 46750160 202891 1.2 17 14 9 14 11% 6024 236674 3726 5%
c - 1788.50 90 19 0 1702 1550876 2 46791405 202206 1.2 17 14 9 14 10% 6024 236674 3726 5%
c - 1789.99 95 19 0 1703 1551394 2 46832661 197867 1.2 17 14 9 14 9% 6024 236674 3726 5%
c - 1791.18 96 18 0 1704 1551563 1 46873928 196638 1.2 17 14 9 14 9% 6024 236674 3726 5%
c - 1792.45 97 18 0 1705 1552197 1 46915208 195852 1.2 17 14 9 14 9% 6024 236674 3726 5%
c - 1793.67 90 17 0 1706 1552559 1 46956500 191566 1.2 17 14 9 14 8% 6024 236674 3726 5%
c s 1794.81 98 18 0 1706 1553131 1 46983358 212428 1.2 16 14 9 14 9% 6043 236530 3726 5%
c e 1794.82 101 18 0 1706 1553131 1 46983358 212428 1.2 16 14 9 14 9% 5978 237141 3674 5%
c s 1794.89 101 18 0 1706 1553131 1 46983358 212428 1.2 16 14 9 14 9% 5981 236954 3674 5%
c e 1794.90 101 18 0 1706 1553131 1 46983358 212428 1.2 16 14 9 14 9% 5966 237079 3665 5%
c - 1796.14 106 21 0 1707 1554493 2 46997803 193364 1.2 17 14 9 14 10% 5969 237079 3665 5%
c - 1797.40 118 20 0 1708 1554983 2 47039118 197061 1.3 17 14 9 14 10% 5971 237079 3665 5%
c - 1798.87 131 20 0 1709 1555447 2 47080445 201006 1.3 17 13 9 14 11% 5973 237079 3665 5%
c - 1800.10 140 19 0 1710 1555802 2 47121785 201644 1.3 16 13 9 14 10% 5973 237079 3665 5%
c u 1803.69 161 21 0 1710 1559015 2 47158071 228413 1.3 17 13 9 14 11% 5974 237079 3665 5%
c v 1805.08 162 21 0 1710 1559015 2 47158071 219549 1.3 17 13 9 14 11% 5974 237079 3665 5%
c w 1805.63 162 21 0 1710 1559015 2 47158071 217091 1.3 17 13 9 14 11% 5974 237079 3665 5%
c t 1808.37 130 21 0 1710 1559015 2 47158071 217091 1.3 17 13 9 14 11% 5959 237079 3665 5%
c f 1808.38 130 21 0 1710 1559015 2 47158071 217091 1.3 17 13 9 14 11% 5964 236788 3678 5%
c u 1809.81 143 21 0 1710 1559015 2 47158071 213748 1.3 17 13 9 14 11% 5964 236788 3678 5%
c
c  seconds    switched         rate             size/glue  tier1     binary        remaining
c           MB   reductions       conflicts           size   tier2      irredundant
c            level      restarts          redundant      glue    trail         variables
c
c v 1810.83 107 21 0 1710 1559015 2 47158071 212483 1.3 17 13 9 14 11% 5964 236788 3678 5%
c w 1811.70 107 21 0 1710 1559015 2 47158071 209459 1.3 17 13 9 14 11% 5964 236788 3678 5%
c - 1811.98 142 21 0 1711 1559377 2 47163138 192372 1.3 17 14 9 14 11% 5964 236788 3678 5%
c - 1814.45 149 22 0 1712 1563170 2 47204502 194356 1.3 18 14 9 14 12% 5964 236788 3678 5%
c - 1816.20 116 22 0 1713 1564819 2 47245878 191489 1.2 18 14 9 14 11% 5964 236788 3678 5%
c - 1817.84 136 21 0 1714 1565839 2 47287266 187706 1.2 17 14 9 14 10% 5966 236788 3678 5%
c - 1819.91 173 22 0 1715 1566958 2 47328667 186489 1.2 18 15 9 14 11% 5968 236788 3678 5%
c - 1821.23 130 23 0 1716 1567197 2 47370079 185466 1.2 17 14 9 14 11% 5969 236788 3678 5%
c - 1822.67 112 21 0 1717 1567532 2 47411504 181605 1.3 17 14 9 14 11% 5970 236788 3678 5%
c - 1824.37 120 21 0 1718 1568659 2 47452940 172659 1.2 17 14 9 14 11% 5970 236788 3678 5%
c - 1825.01 125 19 0 1719 1568737 2 47494388 176602 1.4 17 13 9 14 11% 5970 236788 3678 5%
c - 1827.45 165 22 0 1720 1572545 2 47535849 183101 1.4 18 13 9 14 12% 5972 236788 3678 5%
c - 1828.58 120 19 0 1721 1572684 2 47577322 185334 1.3 17 13 9 14 11% 5972 236788 3678 5%
c - 1830.89 115 20 0 1722 1575209 2 47618806 186990 1.3 17 13 9 14 11% 5972 236788 3678 5%
c - 1833.07 147 22 0 1723 1576939 2 47660302 188089 1.3 18 14 9 14 12% 5972 236788 3678 5%
c o 1833.25 149 22 0 1723 1577301 2 47664130 191092 1.3 18 14 9 14 12% 5972 236788 3678 5%
c - 1834.38 122 20 0 1724 1577512 2 47701811 187893 1.3 17 13 9 14 11% 5972 236788 3678 5%
c - 1836.35 89 21 0 1725 1580201 2 47743334 183304 1.3 17 13 9 14 12% 5972 236788 3678 5%
c - 1837.88 89 20 0 1726 1581471 2 47784868 180810 1.3 17 13 9 14 11% 5972 236788 3678 5%
c - 1839.19 88 19 0 1727 1583043 2 47826413 178812 1.2 17 13 9 14 11% 5972 236788 3678 5%
c
c  seconds   switched         rate             size/glue  tier1     binary        remaining
c          MB   reductions       conflicts           size   tier2      irredundant
c           level      restarts          redundant      glue    trail         variables
c
c - 1841.29 92 20 0 1728 1584582 2 47867970 178830 1.2 17 14 9 14 11% 5972 236788 3678 5%
c - 1842.90 97 19 0 1729 1585549 2 47909539 177804 1.2 17 14 9 14 10% 5972 236788 3678 5%
c u 1844.76 150 21 0 1729 1586585 2 47919144 184327 1.2 17 14 9 14 11% 5973 236788 3678 5%
c v 1845.18 155 21 0 1729 1586585 2 47919144 182743 1.2 17 14 9 14 11% 5973 236788 3678 5%
c w 1846.12 157 21 0 1729 1586585 2 47919144 181180 1.2 17 14 9 14 11% 5973 236788 3678 5%
c x 1846.78 158 21 0 1729 1586585 2 47919144 181178 1.2 17 14 9 14 11% 5974 236753 3675 5%
c t 1846.81 158 21 0 1729 1586585 2 47919144 181171 1.2 17 14 9 14 11% 5980 236738 3675 5%
c u 1848.12 168 21 0 1729 1586585 2 47919144 178317 1.2 17 14 9 14 11% 5971 236738 3675 5%
c v 1848.44 168 21 0 1729 1586585 2 47919144 178054 1.2 17 14 9 14 11% 5971 236738 3675 5%
c w 1849.62 167 21 0 1729 1586585 2 47919144 177598 1.2 17 14 9 14 11% 5971 236738 3675 5%
c = 1854.63 113 21 0 1729 1586585 2 47919144 177598 1.2 17 14 9 14 11% 5971 236672 3667 5%
c t 1854.65 113 21 0 1729 1586585 2 47919144 177598 1.2 17 14 9 14 11% 5979 236649 3667 5%
c i 1854.66 113 21 0 1729 1586585 2 47919144 177598 1.2 17 14 9 14 11% 5979 236649 3667 5%
c - 1855.99 144 21 0 1730 1587461 2 47951120 174376 1.2 17 14 9 14 11% 5959 236649 3667 5%
c - 1857.43 144 20 0 1731 1587798 2 47992714 175437 1.2 17 14 9 14 10% 5959 236649 3667 5%
c - 1859.76 122 24 0 1732 1589582 2 48034319 177906 1.2 17 14 9 14 12% 5960 236649 3667 5%
c - 1861.57 125 24 0 1733 1590538 2 48075936 180901 1.2 17 14 9 14 12% 5961 236649 3667 5%
c - 1863.35 146 23 0 1734 1591546 2 48117567 181977 1.2 17 14 9 14 12% 5962 236649 3667 5%
c - 1864.76 121 22 0 1735 1592407 2 48159209 186576 1.2 17 14 9 14 12% 5962 236649 3667 5%
c - 1866.58 113 22 0 1736 1594025 2 48200864 187492 1.2 17 14 9 14 11% 5962 236649 3667 5%
c
c  seconds    switched         rate             size/glue  tier1     binary        remaining
c           MB   reductions       conflicts           size   tier2      irredundant
c            level      restarts          redundant      glue    trail         variables
c
c - 1868.15 124 20 0 1737 1594984 2 48242529 188422 1.2 17 14 9 14 10% 5962 236649 3667 5%
c - 1869.75 132 20 0 1738 1595767 2 48284206 184766 1.2 17 14 9 14 10% 5962 236649 3667 5%
c - 1871.78 131 21 0 1739 1596681 2 48325896 182557 1.2 17 14 9 14 10% 5963 236649 3667 5%
c - 1873.69 145 21 0 1740 1597928 2 48367598 177800 1.2 18 14 9 14 10% 5964 236649 3667 5%
c - 1874.76 113 19 0 1741 1598048 2 48409311 182051 1.3 17 13 9 14 11% 5964 236649 3667 5%
c - 1875.94 114 17 0 1742 1598048 2 48451036 192985 1.3 16 12 9 14 11% 5964 236649 3667 5%
c - 1877.31 98 16 0 1743 1598075 1 48492774 207317 1.3 15 11 9 14 11% 5964 236649 3667 5%
c - 1878.78 99 15 0 1744 1598103 1 48534523 225306 1.3 14 11 9 14 11% 5964 236649 3667 5%
c - 1881.78 159 20 0 1745 1602600 2 48576287 235063 1.3 15 12 9 14 12% 5965 236649 3667 5%
c o 1883.18 118 19 0 1745 1603583 2 48608325 262717 1.4 16 12 9 14 12% 5965 236649 3667 5%
c - 1883.91 133 20 0 1746 1604729 2 48618061 247817 1.3 16 12 9 14 12% 5965 236649 3667 5%
c - 1887.17 149 23 0 1747 1609405 3 48659847 248811 1.3 17 13 9 14 12% 5968 236649 3667 5%
c u 1889.59 115 21 0 1747 1609692 2 48686789 268923 1.3 16 13 9 14 12% 5968 236649 3667 5%
c v 1890.52 116 21 0 1747 1609692 2 48686789 258679 1.3 16 13 9 14 12% 5968 236649 3667 5%
c w 1890.96 116 21 0 1747 1609692 2 48686789 256923 1.3 16 13 9 14 12% 5968 236649 3667 5%
c t 1890.99 116 21 0 1747 1609692 2 48686789 256923 1.3 16 13 9 14 12% 5966 236649 3667 5%
c - 1891.81 89 22 0 1748 1610362 2 48701644 246215 1.3 16 13 9 14 12% 5966 236649 3667 5%
c - 1893.30 92 21 0 1749 1610434 2 48743453 264491 1.4 16 12 9 14 12% 5966 236649 3667 5%
c - 1896.00 98 20 0 1750 1614012 2 48785275 266937 1.3 16 12 9 14 11% 5970 236649 3667 5%
c - 1897.92 100 17 0 1751 1614022 2 48827108 274278 1.3 15 11 9 14 11% 5970 236649 3667 5%
c
c  seconds    switched         rate             size/glue  tier1     binary        remaining
c           MB   reductions       conflicts           size   tier2      irredundant
c            level      restarts          redundant      glue    trail         variables
c
c - 1900.30 100 19 0 1752 1619362 2 48868952 276274 1.3 16 12 9 14 11% 5972 236648 3667 5%
c - 1902.71 98 20 0 1753 1621563 2 48910808 286551 1.4 17 12 9 14 11% 5972 236648 3667 5%
c - 1904.15 102 17 0 1754 1621580 2 48952676 295886 1.4 16 11 9 14 11% 5972 236648 3667 5%
c - 1906.89 102 19 0 1755 1624826 2 48994556 299727 1.3 16 12 9 14 11% 5974 236648 3667 5%
c - 1909.60 106 20 0 1756 1629759 2 49036448 298823 1.3 16 13 9 14 11% 5974 236648 3667 5%
c - 1911.55 104 19 0 1757 1630714 2 49078352 303513 1.3 16 12 9 14 11% 5975 236648 3667 5%
c - 1915.31 103 23 0 1758 1633867 2 49120268 307308 1.3 17 13 9 14 12% 5982 236648 3667 5%
c - 1918.68 80 24 0 1759 1637291 2 49162197 308062 1.2 17 14 9 14 12% 5984 236648 3667 5%
c s 1918.98 80 24 0 1759 1637515 2 49168727 313188 1.2 17 14 9 14 12% 5994 236498 3667 5%
c e 1919.00 65 24 0 1759 1637515 2 49168727 313188 1.2 17 14 9 14 12% 5970 236747 3650 5%
c 2 1919.00 65 24 0 1759 1637515 2 49168727 313188 1.2 17 14 9 14 12% 5969 236747 3650 5%
c s 1919.04 65 24 0 1759 1637515 2 49168727 313188 1.2 17 14 9 14 12% 5971 236693 3650 5%
c e 1919.05 65 24 0 1759 1637515 2 49168727 313188 1.2 17 14 9 14 12% 5967 236731 3647 5%
c - 1920.51 110 22 0 1760 1638023 2 49204137 305536 1.2 17 14 9 14 11% 5967 236731 3647 5%
c - 1922.02 113 20 0 1761 1638479 2 49246089 304123 1.2 17 14 9 14 10% 5967 236731 3647 5%
c - 1923.58 94 19 0 1762 1638852 2 49288053 303287 1.2 17 14 9 14 9% 5967 236731 3647 5%
c - 1925.15 82 18 0 1763 1639258 2 49330030 300551 1.2 17 14 9 14 9% 5967 236731 3647 5%
c - 1926.67 82 17 0 1764 1639476 1 49372019 298225 1.2 16 14 9 14 9% 5967 236731 3647 5%
c - 1928.39 106 17 0 1765 1639849 1 49414020 299984 1.2 16 13 9 14 9% 5968 236731 3647 5%
c - 1929.64 108 16 0 1766 1639895 1 49456032 301166 1.2 16 13 9 14 9% 5968 236731 3647 5%
c
c  seconds    switched         rate             size/glue  tier1    binary        remaining
c           MB   reductions       conflicts           size   tier2     irredundant
c            level      restarts          redundant      glue   trail         variables
c
c u 1931.60 107 16 0 1766 1639895 1 49461055 219883 1.2 16 13 9 14 9% 5999 236731 3647 5%
c v 1931.76 107 16 0 1766 1639895 1 49461055 218099 1.2 16 13 9 14 9% 5999 236731 3647 5%
c w 1931.77 107 16 0 1766 1639895 1 49461055 218041 1.2 16 13 9 14 9% 5999 236731 3647 5%
c t 1939.69 130 16 0 1766 1639895 1 49461055 218041 1.2 16 13 9 14 9% 5968 236731 3647 5%
c f 1939.70 130 16 0 1766 1639895 1 49461055 218041 1.2 16 13 9 14 9% 5970 236639 3651 5%
c u 1941.46 137 16 0 1766 1639895 1 49461055 203940 1.2 16 13 9 14 9% 5970 236639 3651 5%
c v 1941.56 139 16 0 1766 1639895 1 49461055 203770 1.2 16 13 9 14 9% 5970 236639 3651 5%
c w 1941.57 139 16 0 1766 1639895 1 49461055 203768 1.2 16 13 9 14 9% 5970 236639 3651 5%
c - 1943.52 150 18 0 1767 1643228 2 49498056 205777 1.2 16 13 9 14 9% 5971 236639 3651 5%
c - 1945.53 107 20 0 1768 1645430 2 49540094 210524 1.2 17 13 9 14 10% 5972 236639 3651 5%
c o 1946.94 144 21 0 1768 1647835 2 49558666 225925 1.2 17 14 9 14 11% 5973 236639 3651 5%
c - 1948.24 116 21 0 1769 1648508 2 49582143 213600 1.2 17 14 9 14 11% 5974 236639 3651 5%
c - 1949.74 98 20 0 1770 1648998 2 49624202 213387 1.2 17 14 9 14 10% 5974 236639 3651 5%
c - 1950.82 98 19 0 1771 1649045 2 49666273 215629 1.2 17 13 9 14 10% 5974 236639 3651 5%
c - 1953.09 141 21 0 1772 1650115 2 49708356 219039 1.3 16 13 9 14 11% 5974 236639 3651 5%
c - 1955.28 125 26 0 1773 1652295 2 49750451 223501 1.3 17 13 9 14 12% 5974 236639 3651 5%
c - 1957.69 139 25 0 1774 1654274 2 49792558 225911 1.3 17 13 9 14 12% 5975 236639 3651 5%
c - 1958.95 106 22 0 1775 1654438 2 49834676 228861 1.3 17 13 9 14 11% 5975 236639 3651 5%
c - 1960.66 107 20 0 1776 1655725 2 49876806 227712 1.3 16 13 9 14 11% 5975 236639 3651 5%
c - 1962.87 158 20 0 1777 1657602 2 49918948 222334 1.2 16 13 9 14 11% 5975 236639 3651 5%
c
c  seconds    switched         rate             size/glue  tier1     binary        remaining
c           MB   reductions       conflicts           size   tier2      irredundant
c            level      restarts          redundant      glue    trail         variables
c
c - 1964.19 121 19 0 1778 1657937 2 49961103 222347 1.2 16 13 9 14 10% 5975 236639 3651 5%
c - 1965.32 91 17 0 1779 1658130 2 50003269 220636 1.2 16 13 9 14 10% 5975 236639 3651 5%
c - 1967.59 118 19 0 1780 1661346 2 50045447 208104 1.2 16 13 9 14 10% 5976 236639 3651 5%
c - 1970.60 187 23 0 1781 1664120 2 50087638 207123 1.2 17 14 9 14 12% 5978 236638 3651 5%
c - 1972.49 120 23 0 1782 1664962 2 50129839 206714 1.3 17 14 9 14 12% 5978 236638 3651 5%
c - 1973.52 90 20 0 1783 1665032 2 50172052 206504 1.3 16 13 9 14 11% 5978 236638 3651 5%
c - 1974.79 93 19 0 1784 1665716 2 50214277 201204 1.3 16 13 9 14 10% 5978 236638 3651 5%
c u 1977.52 109 19 0 1784 1666725 2 50241941 215627 1.2 16 13 9 14 10% 5978 236638 3651 5%
c v 1978.62 111 19 0 1784 1666725 2 50241941 205729 1.2 16 13 9 14 10% 5978 236638 3651 5%
c w 1979.35 111 19 0 1784 1666725 2 50241941 203141 1.2 16 13 9 14 10% 5978 236638 3651 5%
c t 1979.37 111 19 0 1784 1666725 2 50241941 203141 1.2 16 13 9 14 10% 5977 236638 3651 5%
c - 1980.37 96 20 0 1785 1667607 2 50256515 188126 1.2 16 13 9 14 11% 5981 236638 3651 5%
c - 1982.47 97 20 0 1786 1668868 2 50298764 186439 1.2 16 13 9 14 11% 5982 236638 3651 5%
c - 1983.67 95 19 0 1787 1669413 2 50341027 189512 1.3 16 13 9 14 11% 5982 236638 3651 5%
c - 1986.10 96 21 0 1788 1671118 2 50383299 193869 1.3 17 13 9 14 11% 5984 236638 3651 5%
c - 1987.16 86 19 0 1789 1671407 2 50425584 193185 1.3 16 13 9 14 10% 5984 236638 3651 5%
c - 1989.08 85 19 0 1790 1673407 2 50467881 201928 1.3 16 12 9 14 10% 5984 236638 3651 5%
c - 1990.78 97 18 0 1791 1674418 2 50510189 211260 1.3 16 12 9 14 10% 5986 236638 3651 5%
c o 1991.41 84 17 0 1791 1674495 2 50532102 226972 1.3 15 12 9 14 10% 5986 236638 3651 5%
c - 1992.72 95 18 0 1792 1676410 2 50552511 218131 1.3 16 12 9 14 10% 5987 236638 3651 5%
c
c  seconds   switched         rate             size/glue  tier1     binary        remaining
c          MB   reductions       conflicts           size   tier2      irredundant
c           level      restarts          redundant      glue    trail         variables
c
c - 1994.59 88 18 0 1793 1677793 2 50594843 226068 1.3 15 12 9 14 10% 5988 236637 3651 5%
c - 1996.56 92 18 0 1794 1678922 2 50637186 234067 1.3 15 12 9 14 10% 5988 236637 3651 5%
c - 1998.60 87 19 0 1795 1681371 2 50679542 243461 1.3 16 12 9 14 10% 5989 236637 3651 5%
c - 2001.60 93 21 0 1796 1684950 2 50721910 246116 1.3 17 13 9 14 11% 5991 236637 3651 5%
c - 2004.34 100 22 0 1797 1686844 2 50764290 247096 1.3 17 13 9 14 11% 5992 236637 3651 5%
c - 2005.60 89 19 0 1798 1687006 2 50806682 246226 1.3 16 13 9 14 11% 5992 236637 3651 5%
c - 2008.77 84 21 0 1799 1690956 2 50849084 243676 1.3 17 13 9 14 11% 5995 236637 3651 5%
c - 2011.03 97 20 0 1800 1692410 2 50891498 242850 1.2 17 13 9 14 10% 5996 236637 3651 5%
c - 2013.02 97 20 0 1801 1693692 2 50933925 246936 1.3 17 13 9 14 11% 5999 236637 3651 5%
c - 2015.85 100 21 0 1802 1695063 2 50976363 246955 1.2 17 14 9 14 11% 5999 236637 3651 5%
c - 2018.76 95 21 0 1803 1697044 2 51018812 246860 1.3 17 14 9 14 11% 6000 236636 3651 5%
c u 2020.81 113 21 0 1803 1697045 2 51029450 253087 1.3 17 13 9 14 11% 6000 236636 3651 5%
c v 2021.50 113 21 0 1803 1697045 2 51029450 251786 1.3 17 13 9 14 11% 6000 236636 3651 5%
c w 2021.63 113 21 0 1803 1697045 2 51029450 251036 1.3 17 13 9 14 11% 6000 236636 3651 5%
c = 2027.46 137 21 0 1803 1697045 2 51029450 251036 1.3 17 13 9 14 11% 6002 236636 3650 5%
c d 2027.47 137 21 0 1803 1697045 2 51029450 251036 1.3 17 13 9 14 11% 5999 236636 3650 5%
c t 2027.48 137 21 0 1803 1697045 2 51029450 251036 1.3 17 13 9 14 11% 5995 236636 3650 5%
c u 2028.68 137 21 0 1803 1697045 2 51029450 249468 1.3 17 13 9 14 11% 5995 236636 3650 5%
c v 2029.18 138 21 0 1803 1697045 2 51029450 248770 1.3 17 13 9 14 11% 5995 236636 3650 5%
c w 2029.27 138 21 0 1803 1697045 2 51029450 248717 1.3 17 13 9 14 11% 5995 236636 3650 5%
c
c  seconds    switched         rate             size/glue  tier1     binary        remaining
c           MB   reductions       conflicts           size   tier2      irredundant
c            level      restarts          redundant      glue    trail         variables
c
c x 2030.50 142 21 0 1803 1697045 2 51029450 248703 1.3 17 13 9 14 11% 6005 236499 3650 5%
c t 2030.51 132 21 0 1803 1697045 2 51029450 248703 1.3 17 13 9 14 11% 6004 236499 3650 5%
c - 2033.27 197 23 0 1804 1699194 2 51061273 242347 1.3 17 14 9 14 11% 6005 236499 3650 5%
c - 2035.67 185 22 0 1805 1700132 2 51103746 240525 1.2 17 14 9 14 11% 6007 236499 3650 5%
c - 2037.23 105 20 0 1806 1700267 2 51146231 244036 1.3 17 13 9 14 11% 6007 236499 3650 5%
c - 2039.81 170 20 0 1807 1701800 2 51188728 245660 1.3 17 13 9 14 11% 6008 236499 3650 5%
c - 2042.57 146 21 0 1808 1703454 2 51231237 245578 1.3 17 13 9 14 11% 6009 236499 3650 5%
c - 2045.19 138 22 0 1809 1704892 2 51273757 248979 1.3 17 13 9 14 11% 6010 236499 3650 5%
c - 2046.59 114 20 0 1810 1705101 2 51316290 249264 1.3 16 13 9 14 10% 6010 236499 3650 5%
c - 2049.70 162 21 0 1811 1708302 2 51358836 249693 1.2 17 13 9 14 11% 6010 236499 3650 5%
c - 2051.36 150 20 0 1812 1708565 2 51401391 250810 1.3 17 13 9 14 10% 6011 236499 3650 5%
c s 2051.76 150 19 0 1812 1708603 2 51412435 258551 1.3 17 13 9 14 10% 6018 236410 3650 5%
c e 2051.77 157 19 0 1812 1708603 2 51412435 258551 1.3 17 13 9 14 10% 6004 236562 3638 5%
c s 2051.81 157 19 0 1812 1708603 2 51412435 258551 1.3 17 13 9 14 10% 6007 236516 3638 5%
c - 2054.10 165 22 0 1813 1710131 2 51443958 253349 1.3 17 13 9 14 11% 6009 236516 3638 5%
c - 2057.48 121 23 0 1814 1712793 2 51486537 253836 1.3 17 13 9 14 11% 6010 236516 3638 5%
c - 2059.14 127 21 0 1815 1713065 2 51529129 255420 1.3 17 13 9 14 11% 6010 236516 3638 5%
c o 2060.30 105 19 0 1815 1713317 2 51569467 285772 1.3 16 13 9 14 10% 6010 236516 3638 5%
c - 2060.61 131 19 0 1816 1713493 2 51571731 256752 1.3 16 13 9 14 11% 6010 236516 3638 5%
c - 2063.57 155 19 0 1817 1715746 2 51614345 256195 1.3 16 13 9 14 10% 6010 236516 3638 5%
c
c  seconds    switched         rate             size/glue  tier1     binary        remaining
c           MB   reductions       conflicts           size   tier2      irredundant
c            level      restarts          redundant      glue    trail         variables
c
c - 2066.43 209 20 0 1818 1718219 2 51656972 253742 1.2 17 14 9 14 10% 6010 236516 3638 5%
c - 2069.22 158 20 0 1819 1719450 2 51699610 249247 1.2 17 14 9 14 10% 6010 236516 3638 5%
c - 2071.12 145 19 0 1820 1719820 2 51742261 258269 1.3 16 13 9 14 11% 6011 236516 3638 5%
c - 2074.66 213 21 0 1821 1723184 2 51784922 251116 1.2 17 13 9 14 11% 6012 236516 3638 5%
c u 2078.59 139 19 0 1821 1723294 2 51823585 276421 1.2 16 13 9 14 10% 6012 236516 3638 5%
c v 2079.46 142 19 0 1821 1723294 2 51823585 258729 1.2 16 13 9 14 10% 6012 236516 3638 5%
c w 2079.61 142 19 0 1821 1723294 2 51823585 256141 1.2 16 13 9 14 10% 6012 236516 3638 5%
c = 2085.35 132 19 0 1821 1723294 2 51823585 256141 1.2 16 13 9 14 10% 6014 236448 3632 5%
c t 2085.36 132 19 0 1821 1723294 2 51823585 256141 1.2 16 13 9 14 10% 6020 236431 3632 5%
c u 2087.51 134 19 0 1821 1723294 2 51823585 254987 1.2 16 13 9 14 10% 6019 236431 3632 5%
c v 2088.08 135 19 0 1821 1723294 2 51823585 254139 1.2 16 13 9 14 10% 6019 236431 3632 5%
c w 2088.13 135 19 0 1821 1723294 2 51823585 254119 1.2 16 13 9 14 10% 6019 236431 3632 5%
c - 2094.29 146 20 0 1822 1723699 2 51827596 239892 1.2 16 13 9 14 10% 5995 236431 3632 5%
c - 2096.87 266 20 0 1823 1724771 2 51870280 243272 1.3 17 13 9 14 11% 5996 236431 3632 5%
c - 2099.66 128 20 0 1824 1726036 2 51912976 246074 1.3 16 13 9 14 11% 5996 236431 3632 5%
c - 2101.67 96 20 0 1825 1726901 2 51955684 246233 1.3 16 13 9 14 11% 5998 236431 3632 5%
c - 2103.78 126 20 0 1826 1727871 2 51998404 249108 1.4 17 12 9 14 11% 5998 236431 3632 5%
c - 2106.94 149 22 0 1827 1730385 2 52041136 255421 1.4 18 12 9 14 11% 5998 236431 3632 5%
c - 2109.87 129 21 0 1828 1733445 2 52083879 255571 1.3 17 13 9 14 11% 6000 236431 3632 5%
c - 2113.01 88 20 0 1829 1734364 2 52126635 255664 1.3 17 13 9 14 10% 6000 236431 3632 5%
c
c  seconds   switched         rate             size/glue  tier1     binary        remaining
c          MB   reductions       conflicts           size   tier2      irredundant
c           level      restarts          redundant      glue    trail         variables
c
c - 2116.28 96 20 0 1830 1735654 2 52169402 256305 1.3 17 13 9 14 10% 6001 236431 3632 5%
c - 2119.04 94 19 0 1831 1736352 2 52212181 258113 1.3 16 13 9 14 9% 6001 236431 3632 5%
c - 2120.99 95 17 0 1832 1736370 2 52254971 259124 1.3 15 12 9 14 8% 6001 236431 3632 5%
c - 2122.40 97 15 0 1833 1736377 1 52297772 266066 1.3 14 12 9 14 7% 6001 236431 3632 5%
c - 2125.86 85 21 0 1834 1739761 2 52340587 272698 1.3 15 12 9 14 10% 6023 236431 3632 5%
c - 2130.61 93 24 0 1835 1743361 2 52383413 273594 1.3 16 13 9 14 12% 6025 236431 3632 5%
c - 2134.99 92 24 0 1836 1746422 3 52426249 276940 1.3 17 13 9 14 12% 6025 236431 3632 5%
c - 2138.56 89 24 0 1837 1747761 2 52469097 276582 1.3 17 13 9 14 12% 6025 236431 3632 5%
c i 2139.02 94 24 0 1837 1748188 2 52474664 281330 1.3 17 13 9 14 12% 6027 236430 3603 5%
c - 2141.59 117 23 0 1838 1749106 2 52511957 275902 1.3 17 13 9 14 12% 6003 236068 3603 5%
c - 2144.50 183 22 0 1839 1750884 2 52554828 276494 1.3 17 13 9 14 11% 6003 236068 3603 5%
c o 2144.91 151 21 0 1839 1750895 2 52568261 287231 1.3 17 13 9 14 11% 6003 236068 3603 5%
c - 2148.17 92 23 0 1840 1753117 2 52597712 275972 1.3 17 14 9 14 11% 6004 236068 3603 5%
c b 2149.72 91 21 0 1840 1753759 2 52624357 296610 1.3 17 13 9 14 10% 6004 236068 3602 5%
c u 2152.15 101 21 0 1840 1753759 2 52624357 285203 1.3 17 13 9 14 10% 6029 236068 3602 5%
c v 2154.29 104 21 0 1840 1753759 2 52624357 276522 1.3 17 13 9 14 10% 6029 236068 3602 5%
c w 2155.19 104 21 0 1840 1753759 2 52624357 272799 1.3 17 13 9 14 10% 6029 236068 3602 5%
c t 2155.21 104 21 0 1840 1753759 2 52624357 272799 1.3 17 13 9 14 10% 6017 236051 3602 5%
c u 2157.66 118 21 0 1840 1753759 2 52624357 239916 1.3 17 13 9 14 10% 6017 236051 3602 5%
c v 2159.11 118 21 0 1840 1753759 2 52624357 238647 1.3 17 13 9 14 10% 6017 236051 3602 5%
c
c  seconds    switched         rate             size/glue  tier1     binary        remaining
c           MB   reductions       conflicts           size   tier2      irredundant
c            level      restarts          redundant      glue    trail         variables
c
c w 2159.68 118 21 0 1840 1753759 2 52624357 238490 1.3 17 13 9 14 10% 6017 236051 3602 5%
c = 2166.09 136 21 0 1840 1753759 2 52624357 238490 1.3 17 13 9 14 10% 6017 236008 3598 5%
c t 2166.11 136 21 0 1840 1753759 2 52624357 238489 1.3 17 13 9 14 10% 6025 236000 3595 5%
c - 2166.80 165 21 0 1841 1753821 2 52640608 229164 1.3 17 13 9 14 10% 5997 236000 3595 5%
c - 2168.22 160 19 0 1842 1753951 2 52683518 231427 1.3 16 13 9 14 9% 5997 236000 3595 5%
c - 2170.41 136 20 0 1843 1755102 2 52726438 234451 1.3 16 13 9 14 10% 5999 236000 3595 5%
c - 2173.82 127 21 0 1844 1757881 2 52769371 233328 1.3 17 13 9 14 10% 6000 236000 3595 5%
c - 2176.27 104 20 0 1845 1759395 2 52812312 231538 1.2 16 13 9 14 9% 6001 236000 3595 5%
c - 2178.79 111 19 0 1846 1760218 2 52855266 231336 1.2 16 13 9 14 9% 6001 236000 3595 5%
c - 2181.24 122 19 0 1847 1761466 2 52898232 228887 1.2 16 13 9 14 9% 6002 236000 3595 5%
c - 2184.19 136 20 0 1848 1763124 2 52941208 231633 1.3 17 13 9 14 10% 6003 236000 3595 5%
c - 2185.34 105 18 0 1849 1763194 2 52984198 234210 1.3 16 13 9 14 10% 6003 236000 3595 5%
c - 2187.76 148 18 0 1850 1764862 2 53027198 238219 1.3 16 13 9 14 9% 6003 236000 3595 5%
c - 2190.33 133 19 0 1851 1766344 2 53070210 230533 1.3 16 13 9 14 10% 6005 236000 3595 5%
c - 2193.23 120 19 0 1852 1768721 2 53113233 227562 1.2 16 13 9 14 9% 6005 236000 3595 5%
c - 2195.79 116 19 0 1853 1770866 2 53156267 227344 1.2 17 14 9 14 9% 6005 236000 3595 5%
c - 2198.47 112 19 0 1854 1771724 2 53199313 223372 1.2 17 14 9 14 9% 6006 236000 3595 5%
c - 2200.95 106 20 0 1855 1773170 2 53242372 217085 1.3 17 14 9 14 10% 6006 236000 3595 5%
c - 2203.12 125 19 0 1856 1774097 2 53285441 213541 1.3 17 14 9 14 9% 6007 236000 3595 5%
c - 2205.40 109 19 0 1857 1775535 2 53328522 205780 1.2 17 14 9 14 9% 6007 236000 3595 5%
c
c  seconds    switched         rate             size/glue  tier1     binary        remaining
c           MB   reductions       conflicts           size   tier2      irredundant
c            level      restarts          redundant      glue    trail         variables
c
c - 2207.67 106 20 0 1858 1776627 2 53371614 197034 1.2 17 14 9 14 10% 6007 236000 3595 5%
c - 2209.01 105 18 0 1859 1776693 2 53414719 207533 1.3 16 13 9 14 10% 6007 236000 3595 5%
c u 2211.48 123 17 0 1859 1776693 2 53431694 215100 1.3 16 12 9 14 10% 6017 235974 3595 5%
c v 2211.93 123 17 0 1859 1776693 2 53431694 213438 1.3 16 12 9 14 10% 6017 235974 3595 5%
c w 2211.95 123 17 0 1859 1776693 2 53431694 213421 1.3 16 12 9 14 10% 6017 235974 3595 5%
c = 2219.61 145 17 0 1859 1776693 2 53431694 213421 1.3 16 12 9 14 10% 6017 235974 3594 5%
c t 2219.63 145 17 0 1859 1776693 2 53431694 213421 1.3 16 12 9 14 10% 6015 235960 3594 5%
c u 2221.60 146 17 0 1859 1776693 2 53431694 210381 1.3 16 12 9 14 10% 6015 235960 3594 5%
c v 2221.93 146 17 0 1859 1776693 2 53431694 210217 1.3 16 12 9 14 10% 6015 235960 3594 5%
c w 2221.94 146 17 0 1859 1776693 2 53431694 210217 1.3 16 12 9 14 10% 6015 235960 3594 5%
c = 2227.58 131 17 0 1859 1776693 2 53431694 210217 1.3 16 12 9 14 10% 6015 235890 3586 5%
c - 2229.13 169 18 0 1860 1778520 2 53457835 212830 1.3 16 12 9 14 10% 6006 235878 3586 5%
c - 2233.36 206 22 0 1861 1782894 2 53500963 217586 1.3 17 13 9 14 11% 6008 235878 3586 5%
c - 2235.75 159 21 0 1862 1784770 2 53544103 222511 1.3 17 13 9 14 11% 6011 235878 3586 5%
c - 2238.41 131 20 0 1863 1785856 2 53587253 225446 1.3 16 13 9 14 9% 6011 235878 3586 5%
c o 2239.23 106 19 0 1863 1786025 2 53605658 238512 1.2 16 13 9 14 9% 6011 235878 3586 5%
c - 2240.34 123 19 0 1864 1786227 2 53630415 229699 1.3 16 13 9 14 9% 6011 235878 3586 5%
c - 2242.35 132 19 0 1865 1787848 2 53673589 229257 1.3 16 13 9 14 9% 6011 235878 3586 5%
c s 2245.80 178 22 0 1865 1790398 2 53715004 262001 1.3 17 13 9 14 10% 6025 235825 3586 5%
c e 2245.82 215 22 0 1865 1790398 2 53715004 262001 1.3 17 13 9 14 10% 5956 236204 3549 5%
c
c  seconds    switched         rate             size/glue  tier1     binary        remaining
c           MB   reductions       conflicts           size   tier2      irredundant
c            level      restarts          redundant      glue    trail         variables
c
c s 2245.87 215 22 0 1865 1790398 2 53715004 262001 1.3 17 13 9 14 10% 5960 236027 3549 5%
c e 2245.89 215 22 0 1865 1790398 2 53715004 262001 1.3 17 13 9 14 10% 5958 236081 3544 5%
c - 2246.01 245 22 0 1866 1790422 2 53716774 228501 1.3 17 13 9 14 10% 5958 236081 3544 5%
c - 2248.72 175 21 0 1867 1791939 2 53759971 226064 1.2 17 13 9 14 9% 5958 236081 3544 5%
c - 2251.46 115 20 0 1868 1794171 2 53803179 226272 1.2 17 14 9 14 9% 5958 236081 3544 5%
c - 2253.74 144 20 0 1869 1795631 2 53846399 226540 1.2 17 14 9 14 10% 5958 236081 3544 5%
c - 2255.77 118 20 0 1870 1796020 2 53889633 227197 1.2 16 13 9 14 9% 5958 236081 3544 5%
c - 2258.64 132 20 0 1871 1797617 2 53932876 229585 1.3 17 13 9 14 9% 5959 236081 3544 5%
c - 2262.07 128 21 0 1872 1800259 2 53976131 230073 1.2 17 14 9 14 9% 5959 236081 3544 5%
c - 2264.73 115 20 0 1873 1801663 2 54019397 233104 1.3 17 13 9 14 9% 5963 236081 3544 5%
c - 2268.06 94 21 0 1874 1803783 2 54062675 232113 1.3 17 14 9 14 10% 5964 236081 3544 5%
c - 2270.94 100 21 0 1875 1805306 2 54105964 230114 1.2 17 14 9 14 9% 5965 236081 3544 5%
c - 2273.19 94 20 0 1876 1805694 2 54149265 229784 1.2 17 14 9 14 9% 5965 236081 3544 5%
c - 2276.42 89 21 0 1877 1807101 2 54192577 232339 1.3 17 14 9 14 9% 5966 236080 3544 5%
c - 2279.99 98 23 0 1878 1808580 2 54235901 235112 1.3 17 14 9 14 10% 5967 236080 3544 5%
c u 2282.64 137 22 0 1878 1808749 2 54245680 236975 1.3 17 14 9 14 10% 5967 236080 3544 5%
c v 2283.08 138 22 0 1878 1808749 2 54245680 233130 1.3 17 14 9 14 10% 5967 236080 3544 5%
c w 2283.22 138 22 0 1878 1808749 2 54245680 231807 1.3 17 14 9 14 10% 5967 236080 3544 5%
c = 2291.34 142 22 0 1878 1808749 2 54245680 231807 1.3 17 14 9 14 10% 5967 236055 3543 5%
c t 2291.36 142 22 0 1878 1808749 2 54245680 231807 1.3 17 14 9 14 10% 5956 236051 3543 5%
c
c  seconds    switched         rate             size/glue  tier1     binary        remaining
c           MB   reductions       conflicts           size   tier2      irredundant
c            level      restarts          redundant      glue    trail         variables
c
c f 2291.37 142 22 0 1878 1808749 2 54245680 231807 1.3 17 14 9 14 10% 5953 235913 3549 5%
c u 2292.91 173 22 0 1878 1808749 2 54245680 229006 1.3 17 14 9 14 10% 5953 235913 3549 5%
c v 2293.20 174 22 0 1878 1808749 2 54245680 228572 1.3 17 14 9 14 10% 5953 235913 3549 5%
c w 2293.28 174 22 0 1878 1808749 2 54245680 228537 1.3 17 14 9 14 10% 5953 235913 3549 5%
c x 2295.34 200 22 0 1878 1808749 2 54245680 228515 1.3 17 14 9 14 10% 5956 235636 3545 5%
c t 2305.32 141 22 0 1878 1808749 2 54245680 228515 1.3 17 14 9 14 10% 5958 235611 3545 5%
c i 2305.34 141 22 0 1878 1808749 2 54245680 228515 1.3 17 14 9 14 10% 5958 235611 3545 5%
c - 2306.55 145 21 0 1879 1809055 2 54279236 229459 1.3 17 13 9 14 10% 5930 235611 3545 5%
c - 2308.05 118 19 0 1880 1809306 2 54322583 232384 1.3 16 13 9 14 9% 5930 235611 3545 5%
c - 2311.48 139 20 0 1881 1811582 2 54365941 229629 1.3 16 13 9 14 9% 5931 235611 3545 5%
c - 2314.58 167 21 0 1882 1813141 2 54409313 229476 1.2 16 13 9 14 9% 5931 235611 3545 5%
c - 2316.65 121 19 0 1883 1813253 2 54452697 237605 1.3 16 12 9 14 9% 5931 235611 3545 5%
c - 2318.02 108 17 0 1884 1813310 2 54496091 252182 1.3 16 12 9 14 9% 5931 235611 3545 5%
c - 2319.90 110 16 0 1885 1813388 2 54539496 267237 1.3 15 11 9 14 8% 5931 235611 3545 5%
c - 2324.60 273 19 0 1886 1817011 2 54582912 275173 1.3 15 12 9 14 10% 5937 235611 3545 5%
c o 2327.14 129 20 0 1886 1820108 2 54608600 294866 1.3 16 12 9 14 10% 5937 235611 3545 5%
c - 2328.96 172 20 0 1887 1820995 2 54626343 276397 1.3 16 13 9 14 10% 5937 235611 3545 5%
c - 2332.09 121 19 0 1888 1822471 2 54669782 279237 1.3 16 13 9 14 8% 5937 235611 3545 5%
c - 2335.15 103 18 0 1889 1823846 2 54713233 281312 1.2 16 13 9 14 8% 5937 235611 3545 5%
c - 2337.67 107 17 0 1890 1824526 2 54756696 275164 1.2 15 12 9 14 7% 5937 235611 3545 5%
c
c  seconds    switched         rate             size/glue  tier1    binary        remaining
c           MB   reductions       conflicts           size   tier2     irredundant
c            level      restarts          redundant      glue   trail         variables
c
c - 2340.21 133 16 0 1891 1824759 2 54800171 266257 1.2 15 12 9 14 6% 5937 235611 3545 5%
c - 2344.44 182 18 0 1892 1827705 2 54843656 268195 1.2 15 12 9 14 8% 5938 235611 3545 5%
c - 2347.77 128 18 0 1893 1829586 2 54887153 267626 1.2 15 13 9 14 7% 5938 235611 3545 5%
c - 2351.12 126 18 0 1894 1831113 2 54930661 269795 1.2 15 13 9 14 7% 5938 235611 3545 5%
c - 2354.06 137 17 0 1895 1831781 2 54974183 273858 1.2 15 12 9 14 7% 5940 235611 3545 5%
c - 2357.23 122 16 0 1896 1832319 2 55017714 276439 1.2 15 12 9 14 6% 5940 235611 3545 5%
c - 2361.43 154 17 0 1897 1834021 2 55061257 277416 1.2 15 12 9 14 7% 5941 235611 3545 5%
c u 2364.33 172 17 0 1897 1834021 2 55066246 278708 1.2 15 12 9 14 7% 5941 235611 3545 5%
c v 2364.54 172 17 0 1897 1834021 2 55066246 276563 1.2 15 12 9 14 7% 5941 235611 3545 5%
c w 2364.56 172 17 0 1897 1834021 2 55066246 276532 1.2 15 12 9 14 7% 5941 235611 3545 5%
c t 2364.59 118 17 0 1897 1834021 2 55066246 276532 1.2 15 12 9 14 7% 5938 235611 3545 5%
c - 2368.48 142 18 0 1898 1836102 2 55104814 279234 1.3 16 12 9 14 7% 5938 235611 3545 5%
c - 2371.69 95 18 0 1899 1836970 2 55148380 282222 1.2 15 12 9 14 7% 5938 235611 3545 5%
c - 2373.95 102 16 0 1900 1836991 1 55191958 288448 1.3 15 12 9 14 6% 5938 235611 3545 5%
c - 2376.77 104 15 0 1901 1837444 1 55235546 297497 1.3 14 11 9 14 6% 5938 235611 3545 5%
c - 2380.25 109 14 0 1902 1838197 1 55279146 305941 1.3 14 11 9 14 5% 5938 235611 3545 5%
c - 2382.74 111 13 0 1903 1838465 1 55322757 318825 1.3 13 10 9 14 5% 5938 235611 3545 5%
c i 2385.40 104 15 0 1903 1839514 2 55354911 340098 1.3 13 10 9 14 6% 5952 235610 3544 5%
c - 2386.83 111 17 0 1904 1840840 2 55366380 327273 1.3 14 11 9 14 7% 5950 235610 3544 5%
c - 2390.63 105 18 0 1905 1843986 2 55410014 337370 1.3 14 11 9 14 9% 5954 235610 3544 5%
c
c  seconds    switched         rate             size/glue  tier1    binary        remaining
c           MB   reductions       conflicts           size   tier2     irredundant
c            level      restarts          redundant      glue   trail         variables
c
c - 2392.57 103 16 0 1906 1843986 2 55453660 357410 1.3 13 10 9 14 8% 5955 235610 3544 5%
c i 2393.10 104 15 0 1906 1843986 2 55466050 365428 1.3 13 10 9 14 8% 5964 235610 3543 5%
c - 2396.90 108 20 0 1907 1848470 3 55497317 322115 1.3 15 11 9 14 10% 5957 235609 3543 5%
c - 2400.20 96 20 0 1908 1852236 3 55540987 324776 1.3 15 12 9 14 10% 5960 235609 3543 5%
c - 2401.92 96 20 0 1909 1853492 2 55584668 328888 1.3 16 12 9 14 10% 5961 235608 3543 5%
c o 2405.31 101 21 0 1909 1857040 2 55621855 358540 1.3 16 13 9 14 10% 5961 235608 3543 5%
c - 2406.01 96 22 0 1910 1857940 3 55628360 328745 1.3 16 13 9 14 10% 5963 235608 3543 5%
c - 2408.52 100 21 0 1911 1859248 2 55672064 328782 1.3 16 13 9 14 10% 5965 235608 3543 5%
c - 2410.42 103 20 0 1912 1859819 2 55715778 335541 1.3 16 12 9 14 10% 5965 235608 3543 5%
c - 2412.78 100 19 0 1913 1861505 2 55759505 339890 1.3 16 12 9 14 10% 5966 235608 3543 5%
c - 2414.69 98 18 0 1914 1862615 2 55803242 341388 1.3 15 12 9 14 9% 5966 235608 3543 5%
c - 2418.87 104 21 0 1915 1866018 2 55846991 336811 1.3 16 13 9 14 11% 5973 235608 3543 5%
c - 2420.69 101 19 0 1916 1866479 2 55890751 323284 1.3 16 12 9 14 10% 5973 235608 3543 5%
c b 2421.00 99 19 0 1916 1866695 2 55893479 325708 1.3 16 12 9 14 10% 5981 235576 3541 5%
c u 2423.19 97 19 0 1916 1866695 2 55893479 148156 1.3 16 12 9 14 10% 6001 235576 3541 5%
c v 2423.35 98 19 0 1916 1866695 2 55893479 147770 1.3 16 12 9 14 10% 6001 235576 3541 5%
c w 2423.59 99 19 0 1916 1866695 2 55893479 147555 1.3 16 12 9 14 10% 6001 235576 3541 5%
c = 2430.60 125 19 0 1916 1866695 2 55893479 147555 1.3 16 12 9 14 10% 6001 235497 3535 5%
c t 2430.62 125 19 0 1916 1866695 2 55893479 147553 1.3 16 12 9 14 10% 5993 235467 3535 5%
c u 2432.80 130 19 0 1916 1866695 2 55893479 139103 1.3 16 12 9 14 10% 5993 235467 3535 5%
c
c  seconds    switched         rate             size/glue  tier1     binary        remaining
c           MB   reductions       conflicts           size   tier2      irredundant
c            level      restarts          redundant      glue    trail         variables
c
c v 2432.94 130 19 0 1916 1866695 2 55893479 139004 1.3 16 12 9 14 10% 5993 235467 3535 5%
c w 2433.15 130 19 0 1916 1866695 2 55893479 138926 1.3 16 12 9 14 10% 5993 235467 3535 5%
c = 2441.84 139 19 0 1916 1866695 2 55893479 138926 1.3 16 12 9 14 10% 5993 235462 3534 5%
c f 2441.86 139 19 0 1916 1866695 2 55893479 138925 1.3 16 12 9 14 10% 5997 235438 3535 5%
c - 2445.16 193 23 0 1917 1871383 2 55934523 134679 1.2 17 13 9 14 11% 5971 235438 3535 5%
c - 2447.39 196 23 0 1918 1872761 2 55978306 136482 1.3 17 14 9 14 11% 5971 235438 3535 5%
c - 2448.31 134 20 0 1919 1872893 2 56022100 140979 1.3 16 13 9 14 10% 5971 235438 3535 5%
c - 2450.54 136 20 0 1920 1874679 2 56065906 143382 1.2 16 13 9 14 9% 5972 235438 3535 5%
c s 2450.99 120 20 0 1920 1874877 2 56076687 151955 1.2 16 13 9 14 9% 5988 234969 3535 5%
c e 2451.00 127 20 0 1920 1874877 2 56076687 151955 1.2 16 13 9 14 9% 5896 235375 3495 5%
c s 2451.07 127 20 0 1920 1874877 2 56076687 151955 1.2 16 13 9 14 9% 5899 235238 3495 5%
c e 2451.08 127 20 0 1920 1874877 2 56076687 151955 1.2 16 13 9 14 9% 5897 235265 3493 5%
c - 2452.98 149 21 0 1921 1876221 2 56109724 148825 1.2 16 13 9 14 10% 5899 235265 3493 5%
c - 2454.47 173 20 0 1922 1876628 2 56153554 157423 1.3 16 13 9 14 10% 5899 235265 3493 5%
c - 2456.20 163 20 0 1923 1877597 2 56197396 163312 1.3 16 13 9 14 10% 5901 235265 3493 5%
c - 2457.62 128 18 0 1924 1877618 2 56241248 180383 1.3 15 12 9 14 9% 5901 235265 3493 5%
c - 2459.37 106 16 0 1925 1877684 2 56285111 200297 1.3 14 11 9 14 9% 5901 235265 3493 5%
c - 2460.67 108 14 0 1926 1877736 2 56328985 221174 1.3 13 10 9 14 8% 5901 235265 3493 5%
c - 2462.89 150 15 0 1927 1879403 2 56372871 239426 1.3 13 10 9 14 9% 5902 235265 3493 5%
c - 2466.65 156 19 0 1928 1885770 2 56416768 245767 1.3 15 12 9 14 10% 5904 235265 3493 5%
c
c  seconds    switched         rate             size/glue  tier1    binary        remaining
c           MB   reductions       conflicts           size   tier2     irredundant
c            level      restarts          redundant      glue   trail         variables
c
c - 2468.40 104 18 0 1929 1887077 2 56460676 253281 1.3 15 12 9 14 9% 5904 235265 3493 5%
c - 2469.69 106 16 0 1930 1887081 2 56504597 270772 1.3 14 11 9 14 8% 5904 235265 3493 5%
c - 2472.91 130 19 0 1931 1891341 2 56548528 282253 1.3 15 12 9 14 10% 5909 235265 3493 5%
c - 2475.56 113 20 0 1932 1894719 2 56592471 291469 1.3 15 12 9 14 10% 5913 235265 3493 5%
c - 2479.35 101 22 0 1933 1898078 3 56636425 298083 1.3 16 13 9 14 11% 5916 235265 3493 5%
c - 2480.90 114 19 0 1934 1898729 2 56680393 303325 1.3 16 12 9 14 10% 5917 235265 3493 5%
c o 2481.62 93 19 0 1934 1898827 2 56702526 319828 1.3 16 12 9 14 9% 5917 235265 3493 5%
c - 2483.47 98 20 0 1935 1900624 2 56724370 306622 1.3 16 13 9 14 10% 5917 235265 3493 5%
c u 2485.65 96 20 0 1935 1900798 2 56727388 304542 1.3 16 13 9 14 10% 5918 235265 3493 5%
c v 2486.07 98 20 0 1935 1900798 2 56727388 303362 1.3 16 13 9 14 10% 5918 235265 3493 5%
c w 2486.41 98 20 0 1935 1900798 2 56727388 303169 1.3 16 13 9 14 10% 5918 235265 3493 5%
c t 2495.40 137 20 0 1935 1900798 2 56727388 303169 1.3 16 13 9 14 10% 5898 235265 3493 5%
c f 2495.42 137 20 0 1935 1900798 2 56727388 303169 1.3 16 13 9 14 10% 5905 235067 3502 5%
c u 2497.18 145 20 0 1935 1900798 2 56727388 299921 1.3 16 13 9 14 10% 5905 235067 3502 5%
c v 2497.46 146 20 0 1935 1900798 2 56727388 299670 1.3 16 13 9 14 10% 5905 235067 3502 5%
c w 2497.71 147 20 0 1935 1900798 2 56727388 299631 1.3 16 13 9 14 10% 5905 235067 3502 5%
c - 2500.25 166 21 0 1936 1902897 2 56768358 305177 1.3 16 13 9 14 10% 5905 235067 3502 5%
c - 2502.35 146 20 0 1937 1904912 2 56812359 313445 1.3 16 13 9 14 10% 5905 235067 3502 5%
c - 2504.16 129 19 0 1938 1905249 2 56856370 321797 1.3 16 12 9 14 10% 5905 235067 3502 5%
c - 2508.34 157 21 0 1939 1908099 2 56900393 326634 1.3 16 13 9 14 10% 5907 235067 3502 5%
c
c  seconds    switched         rate             size/glue  tier1     binary        remaining
c           MB   reductions       conflicts           size   tier2      irredundant
c            level      restarts          redundant      glue    trail         variables
c
c - 2511.00 168 21 0 1940 1909561 2 56944427 329693 1.3 16 12 9 14 10% 5910 235067 3502 5%
c - 2513.92 140 20 0 1941 1910948 2 56988473 332742 1.3 16 13 9 14 10% 5911 235067 3502 5%
c - 2517.26 164 21 0 1942 1914740 2 57032529 332983 1.3 17 13 9 14 10% 5912 235067 3502 5%
c - 2518.98 138 19 0 1943 1915523 2 57076597 329730 1.2 16 13 9 14 9% 5912 235067 3502 5%
c - 2520.67 107 18 0 1944 1915915 2 57120676 328226 1.2 16 13 9 14 9% 5912 235067 3502 5%
c - 2523.62 168 20 0 1945 1917080 2 57164766 329200 1.2 16 13 9 14 10% 5913 235066 3502 5%
c - 2525.60 129 19 0 1946 1917639 2 57208868 333081 1.3 16 13 9 14 9% 5913 235066 3502 5%
c - 2528.26 177 21 0 1947 1918954 2 57252981 336358 1.3 16 13 9 14 10% 5913 235066 3502 5%
c - 2531.12 126 19 0 1948 1920311 2 57297106 348045 1.3 15 12 9 14 10% 5915 235066 3502 5%
c i 2531.87 127 18 0 1948 1920319 2 57318699 361332 1.3 14 11 9 14 9% 5926 235066 3499 5%
c - 2534.50 167 20 0 1949 1923523 2 57341242 201794 1.3 15 12 9 14 10% 5896 235066 3499 5%
c - 2537.18 161 20 0 1950 1926488 2 57385390 203115 1.2 16 12 9 14 9% 5896 235066 3499 5%
c - 2539.53 125 20 0 1951 1929107 2 57429549 205762 1.2 16 13 9 14 9% 5897 235066 3499 5%
c - 2541.98 91 20 0 1952 1930807 2 57473719 208040 1.3 16 13 9 14 9% 5897 235066 3499 5%
c - 2543.47 93 18 0 1953 1930879 2 57517900 210539 1.3 16 12 9 14 9% 5897 235066 3499 5%
c - 2545.62 84 18 0 1954 1932670 2 57562092 211884 1.3 16 12 9 14 9% 5897 235066 3499 5%
c u 2547.66 104 18 0 1954 1932675 2 57567873 212271 1.3 16 12 9 14 9% 5906 235026 3499 5%
c v 2547.88 104 18 0 1954 1932675 2 57567873 210283 1.3 16 12 9 14 9% 5906 235026 3499 5%
c w 2547.90 104 18 0 1954 1932675 2 57567873 210192 1.3 16 12 9 14 9% 5906 235026 3499 5%
c t 2553.70 127 18 0 1954 1932675 2 57567873 210192 1.3 16 12 9 14 9% 5902 235026 3499 5%
c
c  seconds    switched         rate             size/glue  tier1    binary        remaining
c           MB   reductions       conflicts           size   tier2     irredundant
c            level      restarts          redundant      glue   trail         variables
c
c f 2553.71 127 18 0 1954 1932675 2 57567873 210192 1.3 16 12 9 14 9% 5904 235007 3500 5%
c u 2555.60 178 18 0 1954 1932675 2 57567873 206622 1.3 16 12 9 14 9% 5905 235007 3500 5%
c v 2555.76 183 18 0 1954 1932675 2 57567873 206549 1.3 16 12 9 14 9% 5905 235007 3500 5%
c w 2555.77 183 18 0 1954 1932675 2 57567873 206549 1.3 16 12 9 14 9% 5905 235007 3500 5%
c - 2558.29 201 19 0 1955 1935114 2 57606296 210360 1.3 16 13 9 14 9% 5905 235007 3500 5%
c - 2561.81 129 20 0 1956 1937579 2 57650512 214425 1.2 16 13 9 14 9% 5905 235007 3500 5%
c - 2563.42 116 18 0 1957 1938067 2 57694738 218458 1.2 16 13 9 14 7% 5906 235007 3500 5%
c - 2565.53 130 17 0 1958 1938636 2 57738978 228486 1.3 16 12 9 14 7% 5906 235007 3500 5%
c o 2565.68 131 17 0 1958 1938717 2 57741216 230096 1.3 16 12 9 14 7% 5906 235007 3500 5%
c - 2569.42 151 19 0 1959 1941910 2 57783228 232358 1.2 16 13 9 14 8% 5907 235007 3500 5%
c - 2572.16 111 19 0 1960 1944825 2 57827488 235516 1.2 16 13 9 14 7% 5907 235007 3500 5%
c - 2575.32 171 20 0 1961 1946927 2 57871759 240113 1.3 17 13 9 14 8% 5909 235007 3500 5%
c - 2578.54 185 19 0 1962 1948276 2 57916042 242511 1.3 17 13 9 14 8% 5910 235007 3500 5%
c - 2580.67 112 18 0 1963 1948655 2 57960336 240493 1.3 16 13 9 14 7% 5910 235007 3500 5%
c - 2582.50 116 16 0 1964 1948747 1 58004641 244221 1.3 16 12 9 14 6% 5910 235007 3500 5%
c - 2584.53 131 16 0 1965 1949843 1 58048958 247622 1.3 15 12 9 14 6% 5910 235007 3500 5%
c - 2588.61 124 18 0 1966 1952482 2 58093286 249587 1.2 15 12 9 14 7% 5910 235007 3500 5%
c - 2591.83 100 18 0 1967 1953579 2 58137626 254158 1.3 16 12 9 14 8% 5913 235007 3500 5%
c - 2594.75 101 18 0 1968 1954678 2 58181976 255173 1.3 15 12 9 14 8% 5915 235007 3500 5%
c - 2598.82 102 19 0 1969 1957474 2 58226338 253248 1.2 16 13 9 14 8% 5916 235007 3500 5%
c
c  seconds   switched         rate             size/glue  tier1    binary        remaining
c          MB   reductions       conflicts           size   tier2     irredundant
c           level      restarts          redundant      glue   trail         variables
c
c - 2601.58 93 19 0 1970 1958386 2 58270711 257271 1.3 16 12 9 14 8% 5916 235007 3500 5%
c - 2605.81 94 18 0 1971 1960209 2 58315095 255208 1.3 16 12 9 14 8% 5916 235007 3500 5%
c i 2606.01 104 18 0 1971 1960217 2 58317870 257085 1.3 16 12 9 14 8% 5920 235007 3498 5%
c - 2609.63 108 19 0 1972 1961685 2 58359490 259288 1.3 16 12 9 14 8% 5914 235007 3498 5%
c - 2613.07 100 19 0 1973 1963829 2 58403898 262376 1.3 16 12 9 14 8% 5914 235007 3498 5%
c b 2613.57 118 18 0 1973 1963829 2 58415043 269585 1.3 16 12 9 14 7% 5926 234993 3493 5%
c u 2616.16 180 18 0 1973 1963829 2 58415043 259953 1.3 16 12 9 14 7% 5958 234993 3493 5%
c v 2616.50 166 18 0 1973 1963829 2 58415043 257084 1.3 16 12 9 14 7% 5958 234993 3493 5%
c w 2616.54 177 18 0 1973 1963829 2 58415043 257006 1.3 16 12 9 14 7% 5958 234993 3493 5%
c d 2616.55 177 18 0 1973 1963829 2 58415043 257005 1.3 16 12 9 14 7% 5963 234951 3492 5%
c t 2616.58 177 18 0 1973 1963829 2 58415043 257005 1.3 16 12 9 14 7% 5947 234951 3492 5%
c u 2618.41 198 18 0 1973 1963829 2 58415043 245956 1.3 16 12 9 14 7% 5947 234951 3492 5%
c v 2618.64 198 18 0 1973 1963829 2 58415043 245789 1.3 16 12 9 14 7% 5947 234951 3492 5%
c w 2618.66 198 18 0 1973 1963829 2 58415043 245788 1.3 16 12 9 14 7% 5947 234951 3492 5%
c x 2621.15 138 18 0 1973 1963829 2 58415043 245692 1.3 16 12 9 14 7% 6122 233657 3473 5%
c = 2626.82 125 18 0 1973 1963829 2 58415043 245692 1.3 16 12 9 14 7% 6117 233533 3472 5%
c t 2626.84 125 18 0 1973 1963829 2 58415043 245692 1.3 16 12 9 14 7% 6064 233511 3472 5%
c f 2626.87 125 18 0 1973 1963829 2 58415043 245692 1.3 16 12 9 14 7% 6066 233492 3473 5%
c i 2626.88 137 18 0 1973 1963829 2 58415043 245692 1.3 16 12 9 14 7% 6066 233492 3473 5%
c - 2629.64 214 19 0 1974 1965156 2 58448317 248330 1.3 16 12 9 14 7% 5987 233492 3473 5%
c
c  seconds    switched         rate             size/glue  tier1    binary        remaining
c           MB   reductions       conflicts           size   tier2     irredundant
c            level      restarts          redundant      glue   trail         variables
c
c - 2633.91 165 20 0 1975 1967055 2 58492747 258394 1.3 16 12 9 14 8% 5989 233492 3473 5%
c s 2635.29 125 20 0 1975 1967055 2 58497655 261946 1.3 16 12 9 14 8% 6002 233252 3473 5%
c e 2635.31 127 20 0 1975 1967055 2 58497655 261946 1.3 16 12 9 14 8% 5719 234781 3355 4%
c s 2636.09 127 20 0 1975 1967055 2 58497655 261946 1.3 16 12 9 14 8% 5726 234341 3355 4%
c e 2636.10 127 20 0 1975 1967055 2 58497655 261946 1.3 16 12 9 14 8% 5719 234399 3350 4%
c - 2639.58 171 20 0 1976 1969060 2 58537187 250520 1.3 16 12 9 14 8% 5719 234399 3350 4%
c - 2642.10 119 19 0 1977 1969569 2 58581639 254876 1.3 16 12 9 14 8% 5721 234399 3350 4%
c - 2645.59 159 19 0 1978 1970949 2 58626104 260442 1.3 15 12 9 14 8% 5721 234399 3350 4%
c - 2648.32 111 17 0 1979 1971305 2 58670580 269165 1.3 15 11 9 14 7% 5721 234399 3350 4%
c - 2650.24 90 15 0 1980 1971603 2 58715066 279011 1.3 14 11 9 14 6% 5721 234399 3350 4%
c - 2652.31 91 14 0 1981 1972035 1 58759563 291011 1.3 13 11 9 14 5% 5721 234399 3350 4%
c o 2653.70 93 13 0 1981 1972053 1 58793644 310052 1.3 13 10 9 14 5% 5722 234399 3350 4%
c - 2655.43 235 15 0 1982 1973586 2 58804074 303462 1.3 13 10 9 14 6% 5723 234399 3350 4%
c - 2659.57 195 18 0 1983 1977002 2 58848594 310477 1.3 14 11 9 14 8% 5724 234399 3350 4%
c i 2660.58 182 18 0 1983 1977565 2 58863031 320705 1.3 15 11 9 14 8% 5725 234399 3349 4%
c i 2660.59 152 18 0 1983 1977565 2 58863183 320814 1.3 14 11 9 14 8% 5730 234399 3344 4%
c i 2660.59 152 18 0 1983 1977565 2 58863184 320814 1.3 14 11 9 14 8% 5730 234399 3337 4%
c - 2664.75 95 21 0 1984 1980591 3 58893124 313240 1.3 16 12 9 14 9% 5704 234399 3337 4%
c - 2668.48 98 21 0 1985 1983032 3 58937667 312223 1.3 16 12 9 14 9% 5705 234399 3337 4%
c - 2671.19 117 20 0 1986 1984352 2 58982221 314608 1.3 16 12 9 14 9% 5705 234399 3337 4%
c
c  seconds    switched         rate             size/glue  tier1     binary        remaining
c           MB   reductions       conflicts           size   tier2      irredundant
c            level      restarts          redundant      glue    trail         variables
c
c - 2675.00 133 22 0 1987 1986600 3 59026786 320096 1.3 16 13 9 14 10% 5707 234399 3337 4%
c - 2678.01 89 22 0 1988 1989207 2 59071361 324423 1.3 16 13 9 14 10% 5709 234399 3337 4%
c - 2680.74 97 20 0 1989 1990136 2 59115947 326167 1.3 16 12 9 14 9% 5710 234399 3337 4%
c - 2683.93 99 20 0 1990 1991306 2 59160545 331253 1.3 16 12 9 14 9% 5713 234399 3337 4%
c - 2689.64 99 23 0 1991 1995807 3 59205157 334876 1.3 17 13 9 14 11% 5714 234399 3337 4%
c - 2694.02 112 24 0 1992 1997685 3 59249777 337087 1.3 17 13 9 14 11% 5714 234399 3337 4%
c b 2695.24 130 23 0 1992 1997874 2 59268655 351343 1.3 17 13 9 14 10% 5735 234258 3332 4%
c u 2698.16 160 23 0 1992 1997874 2 59268655 295997 1.3 17 13 9 14 10% 5736 234258 3332 4%
c v 2699.16 161 23 0 1992 1997874 2 59268655 289293 1.3 17 13 9 14 10% 5736 234258 3332 4%
c w 2699.63 161 23 0 1992 1997874 2 59268655 288604 1.3 17 13 9 14 10% 5736 234258 3332 4%
c t 2699.65 139 23 0 1992 1997874 2 59268655 288604 1.3 17 13 9 14 10% 5706 234201 3327 4%
c f 2699.67 139 23 0 1992 1997874 2 59268655 288604 1.3 17 13 9 14 10% 5726 233897 3341 4%
c b 2699.70 157 23 0 1992 1997874 2 59268655 288600 1.3 17 13 9 14 10% 5737 233854 3335 4%
c u 2702.41 180 23 0 1992 1997874 2 59268655 278727 1.3 17 13 9 14 10% 5739 233854 3335 4%
c v 2702.97 182 23 0 1992 1997874 2 59268655 278268 1.3 17 13 9 14 10% 5738 233854 3335 4%
c w 2703.28 183 23 0 1992 1997874 2 59268655 278182 1.3 17 13 9 14 10% 5738 233854 3335 4%
c = 2711.23 130 23 0 1992 1997874 2 59268655 278182 1.3 17 13 9 14 10% 5740 233765 3332 4%
c d 2711.25 130 23 0 1992 1997874 2 59268655 278181 1.3 17 13 9 14 10% 5743 233758 3332 4%
c t 2711.26 130 23 0 1992 1997874 2 59268655 278181 1.3 17 13 9 14 10% 5741 233758 3332 4%
c - 2713.13 175 23 0 1993 1999036 2 59294409 277673 1.3 17 13 9 14 11% 5693 233758 3332 4%
c
c  seconds    switched         rate             size/glue  tier1     binary        remaining
c           MB   reductions       conflicts           size   tier2      irredundant
c            level      restarts          redundant      glue    trail         variables
c
c - 2716.90 168 24 0 1994 2001000 2 59339054 285876 1.3 17 13 9 14 11% 5694 233758 3332 4%
c i 2718.56 174 24 0 1994 2001674 2 59360150 300903 1.3 17 13 9 14 10% 5703 233758 3331 4%
c - 2720.77 151 24 0 1995 2002539 3 59383708 291189 1.3 17 13 9 14 10% 5697 233758 3331 4%
c - 2722.86 129 21 0 1996 2002896 2 59428373 298168 1.3 16 13 9 14 8% 5697 233758 3331 4%
c - 2726.19 171 19 0 1997 2003830 2 59473049 307841 1.3 16 12 9 14 9% 5697 233758 3331 4%
c - 2731.34 145 21 0 1998 2007617 2 59517736 309734 1.3 16 13 9 14 9% 5698 233758 3331 4%
c - 2734.41 188 20 0 1999 2008436 2 59562434 310244 1.2 16 13 9 14 8% 5699 233758 3331 4%
c - 2738.14 185 20 0 2000 2010417 2 59607145 313574 1.3 16 13 9 14 8% 5701 233758 3331 4%
c - 2741.50 216 20 0 2001 2012011 2 59651867 318833 1.3 16 12 9 14 8% 5701 233758 3331 4%
c - 2743.83 184 18 0 2002 2012710 2 59696600 327107 1.3 15 12 9 14 7% 5701 233758 3331 4%
c - 2747.80 141 19 0 2003 2014650 2 59741344 336861 1.3 15 12 9 14 8% 5702 233758 3331 4%
c - 2752.85 110 20 0 2004 2017131 2 59786098 345421 1.3 16 12 9 14 8% 5703 233758 3331 4%
c - 2756.38 109 19 0 2005 2018098 2 59830865 350013 1.3 15 12 9 14 7% 5703 233758 3331 4%
c - 2759.02 106 17 0 2006 2018465 2 59875642 351129 1.3 15 12 9 14 6% 5703 233758 3331 4%
c o 2760.21 107 16 0 2006 2018534 2 59897961 364711 1.3 14 11 9 14 6% 5703 233758 3331 4%
c - 2761.57 106 16 0 2007 2018762 2 59920430 355671 1.3 14 11 9 14 6% 5703 233758 3331 4%
c - 2763.47 109 14 0 2008 2018853 1 59965231 366471 1.3 13 10 9 14 5% 5703 233758 3331 4%
c - 2768.27 111 17 0 2009 2022100 2 60010043 369427 1.3 14 11 9 14 7% 5705 233758 3331 4%
c - 2772.72 112 19 0 2010 2025972 2 60054865 366895 1.3 15 12 9 14 8% 5706 233758 3331 4%
c - 2776.19 110 18 0 2011 2028045 2 60099698 368269 1.3 15 12 9 14 8% 5707 233758 3331 4%
c
c  seconds    switched         rate             size/glue  tier1    binary        remaining
c           MB   reductions       conflicts           size   tier2     irredundant
c            level      restarts          redundant      glue   trail         variables
c
c b 2779.65 108 20 0 2011 2030390 2 60128951 391318 1.3 16 12 9 14 9% 5711 233748 3325 4%
c u 2782.58 132 20 0 2011 2030390 2 60128951 383138 1.3 16 12 9 14 9% 5713 233748 3325 4%
c v 2784.60 134 20 0 2011 2030390 2 60128951 377022 1.3 16 12 9 14 9% 5713 233748 3325 4%
c w 2786.76 135 20 0 2011 2030390 2 60128951 374979 1.3 16 12 9 14 9% 5713 233748 3325 4%
c = 2795.29 154 20 0 2011 2030390 2 60128951 374979 1.3 16 12 9 14 9% 5713 233691 3323 4%
c t 2795.33 154 20 0 2011 2030390 2 60128951 374979 1.3 16 12 9 14 9% 5717 233681 3323 4%
c u 2798.26 150 20 0 2011 2030390 2 60128951 366848 1.3 16 12 9 14 9% 5765 233681 3323 4%
c v 2799.79 137 20 0 2011 2030390 2 60128951 365843 1.3 16 12 9 14 9% 5765 233681 3323 4%
c w 2802.16 137 20 0 2011 2030390 2 60128951 365330 1.3 16 12 9 14 9% 5765 233681 3323 4%
c t 2811.23 141 20 0 2011 2030390 2 60128951 365330 1.3 16 12 9 14 9% 5755 233681 3323 4%
c - 2812.49 167 20 0 2012 2030696 2 60144544 346439 1.3 15 12 9 14 8% 5734 233681 3323 4%
c - 2816.68 214 20 0 2013 2032468 2 60189399 340469 1.3 16 12 9 14 9% 5735 233681 3323 4%
c - 2820.65 193 19 0 2014 2033575 2 60234265 341827 1.3 15 12 9 14 8% 5736 233681 3323 4%
c - 2823.34 143 17 0 2015 2033787 2 60279142 350118 1.3 14 11 9 14 7% 5736 233681 3323 4%
c - 2828.66 195 18 0 2016 2036991 2 60324033 354289 1.3 15 11 9 14 7% 5737 233681 3323 4%
c - 2831.25 140 16 0 2017 2037035 2 60368932 362362 1.3 14 11 9 14 6% 5737 233681 3323 4%
c - 2834.24 157 15 0 2018 2038101 2 60413844 372718 1.3 13 10 9 14 6% 5738 233681 3323 4%
c - 2839.22 146 18 0 2019 2041829 2 60458767 380513 1.3 14 11 9 14 7% 5742 233681 3323 4%
c - 2843.52 172 18 0 2020 2043670 2 60503700 388121 1.3 14 11 9 14 7% 5745 233681 3323 4%
c - 2847.94 103 18 0 2021 2045449 2 60548645 394952 1.3 14 11 9 14 7% 5745 233681 3323 4%
c
c  seconds    switched         rate             size/glue  tier1    binary        remaining
c           MB   reductions       conflicts           size   tier2     irredundant
c            level      restarts          redundant      glue   trail         variables
c
c - 2852.01 132 18 0 2022 2047441 2 60593601 407638 1.3 14 11 9 14 7% 5748 233680 3323 4%
c - 2855.79 164 17 0 2023 2048342 2 60638567 420001 1.4 14 10 9 14 7% 5750 233680 3323 4%
c i 2857.18 120 15 0 2023 2048381 2 60663195 433924 1.4 13 10 9 14 6% 5766 233680 3321 4%
c - 2859.16 126 16 0 2024 2049833 2 60683545 256855 1.3 13 10 9 14 6% 5738 233680 3321 4%
c - 2861.93 120 16 0 2025 2051196 2 60728535 269289 1.3 13 10 9 14 6% 5752 233680 3321 4%
c - 2864.66 101 15 0 2026 2051961 2 60773536 283409 1.3 12 9 9 14 6% 5754 233680 3321 4%
c i 2865.81 91 14 0 2026 2051992 2 60796503 296432 1.3 12 9 9 14 5% 5762 233680 3318 4%
c - 2867.36 100 13 0 2027 2052519 2 60818547 271835 1.3 12 9 9 14 5% 5746 233680 3318 4%
c i 2867.67 101 13 0 2027 2052519 2 60825322 275043 1.3 12 9 9 14 5% 5760 233680 3317 4%
c i 2867.97 98 13 0 2027 2052612 2 60829462 276881 1.3 12 9 9 14 5% 5766 233680 3316 4%
c i 2867.98 98 13 0 2027 2052612 2 60829472 276887 1.3 12 9 9 14 5% 5769 233680 3314 4%
c i 2868.13 99 13 0 2027 2052615 2 60832537 278732 1.3 12 9 9 14 5% 5773 233680 3310 4%
c i 2868.27 100 13 0 2027 2052616 2 60835169 280281 1.3 12 9 9 14 5% 5783 233680 3304 4%
c i 2868.29 101 13 0 2027 2052629 2 60835326 280390 1.3 12 9 9 14 5% 5786 233680 3302 4%
c i 2868.31 101 13 0 2027 2052629 2 60835692 280526 1.3 12 9 9 14 5% 5789 233680 3298 4%
c i 2868.32 101 13 0 2027 2052629 2 60835968 280593 1.3 12 9 9 14 5% 5797 233680 3287 4%
c i 2868.32 101 13 0 2027 2052629 2 60836091 280625 1.3 12 9 9 14 5% 5801 233680 3285 4%
c i 2868.33 101 13 0 2027 2052629 2 60836194 280656 1.3 12 9 9 14 5% 5807 233680 3282 4%
c i 2868.33 101 13 0 2027 2052629 2 60836360 280717 1.3 12 9 9 14 5% 5815 233680 3256 4%
c i 2868.33 101 13 0 2027 2052629 2 60836382 280719 1.3 12 9 9 14 5% 5820 233679 3248 4%
c
c  seconds    switched         rate             size/glue tier1    binary        remaining
c           MB   reductions       conflicts           size  tier2     irredundant
c            level      restarts          redundant     glue   trail         variables
c
c i 2868.34 101 13 0 2027 2052629 2 60836437 280732 1.3 12 9 9 14 5% 5825 233679 3200 4%
c } 2868.34 101 13 0 2027 2052629 2 60836442 280732 1.3 12 9 9 14 5% 5826 233679 3183 4%
c 0 2868.34 101 13 0 2027 2052629 2 60836442 280732 1.3 12 9 9 14 5% 5826 233679 3183 4%
c
c ---- [ result ] ------------------------------------------------------------
c
s UNSATISFIABLE
c
c ---- [ profiling ] ---------------------------------------------------------
c
c        2311.18   80.58 %  search
c        2311.18   80.58 %  focused
c         554.77   19.34 %  simplify
c         532.02   18.55 %  probe
c         267.40    9.32 %  sweep
c         247.54    8.63 %  vivify
c          39.87    1.39 %  reduce
c          24.90    0.87 %  eliminate
c          22.58    0.79 %  subsume
c           7.16    0.25 %  substitute
c           5.23    0.18 %  congruence
c           3.72    0.13 %  factor
c           2.21    0.08 %  preprocess
c           0.69    0.02 %  transitive
c           0.27    0.01 %  backbone
c           0.13    0.00 %  parse
c           0.04    0.00 %  lucky
c =============================================
c        2868.34  100.00 %  total
c
c ---- [ statistics ] --------------------------------------------------------
c
c chronological:                         7601                0 %  conflicts
c conflicts:                         60836442            21209.63 per second
c congruent:                             6012                8 %  variables
c decisions:                        118509591                1.95 per conflict
c eliminated:                           36724               48 %  variables
c factored:                              1134                1 %  variables
c iterations:                             119                0 %  variables
c propagations:                    4619929942          1610663    per second
c reductions:                            2027            30013    interval
c reordered:                              106           573929    interval
c restarts:                           2052629               30    interval
c strengthened:                         29346                0 %  checks
c substituted:                           8012               10 %  variables
c subsumed:                             60996                0 %  checks
c switched:                                 0                0    interval
c vivified:                           2555659               56 %  checks
c
c ---- [ glue usage ] --------------------------------------------------------
c
c focused glue 9     used 20376157 clauses  7.51% accumulated 55.10% tier1
c focused glue 10    used 19487264 clauses  7.18% accumulated 62.28%
c focused glue 11-12 used 44075942 clauses 16.25% accumulated 78.53%
c focused glue 13    used 18326359 clauses  6.76% accumulated 85.29%
c focused glue 14    used 15901237 clauses  5.86% accumulated 91.15% tier2
c
c ---- [ resources ] ---------------------------------------------------------
c
c maximum-resident-set-size:     366447951872 bytes     349472 MB
c process-time:                        47m 48s            2868.34 seconds
c
c ---- [ shutting down ] -----------------------------------------------------
c
c exit 20
real 3520.86
kissat_exit=20
