c Solver source commit 8af8e56f174b778aef3aa45af9f739b2a5f492c2
c Solver SHA-256 c86c7ccc2f727e1ef4716fd2fcf69539fbe0e8b1da8d89341fb48d643a3aeb28
c ---- [ banner ] ------------------------------------------------------------
c
c Kissat SAT Solver
c 
c Copyright (c) 2021-2024 Armin Biere University of Freiburg
c Copyright (c) 2019-2021 Armin Biere Johannes Kepler University Linz
c 
c Version 4.0.4 8af8e56f174b778aef3aa45af9f739b2a5f492c2
c Apple clang version 21.0.0 (clang-2100.1.1.101) -W -Wall -O3 -DNDEBUG
c Mon Sep 7 04:00:02 PDT 2026 Darwin 842f5797331b 25.6.0 arm64
c
c ---- [ proving ] -----------------------------------------------------------
c
c opened and writing proof to compressed DRAT file:
c
c   build/orbit-p3-c8-t4-split/p3-c8-t4-p0-z0-mtwo-c4.drat.xz
c
c ---- [ parsing ] -----------------------------------------------------------
c
c opened and reading DIMACS file:
c
c   build/orbit-p3-c8-t4-split/p3-c8-t4-p0-z0-mtwo-c4.cnf
c
c parsed 'p cnf 78411 886323' header
c closing input after reading 31191000 bytes (30 MB)
c finished parsing after 0.13 seconds
c
c ---- [ options ] -----------------------------------------------------------
c
c --stable=0                       (different from default '1')
c
c ---- [ solving ] -----------------------------------------------------------
c
c seconds  switched rate     size/glue tier1   binary           remaining
c         MB reductions conflicts size  tier2      irredundant
c          level restarts redundant glue  trail            variables
c
c *  0.13 115 0 0 0  0 0   0   0 0.0 0 0 0 0 0% 121820 711520 49266 63%
c (  0.15 144 0 0 0  0 0   0   0 0.0 0 0 0 0 0% 121820 711520 49266 63%
c .  0.21 148 0 0 0  0 0   0   0 0.0 0 0 0 0 0% 98872 454874 49266 63%
c c  1.04 158 0 0 0  0 0   0   0 0.0 0 0 0 0 0% 100500 183847 44008 56%
c d  1.05 160 0 0 0  0 0   0   0 0.0 0 0 0 0 0% 89376 183807 43954 56%
c =  1.08 162 0 0 0  0 0   0   0 0.0 0 0 0 0 0% 88303 183791 43936 56%
c d  1.09 162 0 0 0  0 0   0   0 0.0 0 0 0 0 0% 88257 183789 43936 56%
c f  1.14 169 0 0 0  0 0   0   0 0.0 0 0 0 0 0% 88128 183771 44066 56%
c )  1.15 168 0 0 0  0 0   0   0 0.0 0 0 0 0 0% 88128 183771 44066 56%
c {  1.16 167 0 0 0  0 0   0   0 0.0 0 0 2 6 0% 88128 183771 44066 56%
c i  1.16 167 212 0 0  0 54   7   4 1.9 4 2 2 6 17% 88130 183771 44065 56%
c i  1.16 168 127 0 0  1 7  69  62 1.4 15 11 2 6 18% 88131 183771 44024 56%
c i  1.16 168 126 0 0  1 7  70  62 1.4 15 11 2 6 18% 88131 183771 44021 56%
c i  1.16 168 79 0 0  1 5 126 105 1.4 15 11 2 6 15% 88135 183771 44020 56%
c i  1.17 169 45 0 0  8 5 316 282 1.7 16 10 10 16 19% 88138 183771 43998 56%
c i  1.20 169 32 0 0 34 4 728 601 1.6 16 10 6 13 16% 88139 183771 43997 56%
c i  1.20 169 32 0 0 34 4 730 602 1.6 16 10 6 13 16% 88139 183771 43996 56%
c i  1.21 169 37 0 0 34 4 753 622 1.6 16 10 6 13 17% 88139 183771 43995 56%
c i  1.21 169 37 0 0 34 4 758 625 1.6 16 10 6 13 17% 88139 183771 43994 56%
c i  1.21 169 38 0 0 34 4 762 626 1.6 16 10 6 13 17% 88140 183771 43949 56%
c
c seconds   switched rate     size/glue  tier1     binary           remaining
c         MB reductions conflicts   size   tier2       irredundant
c          level restarts redundant    glue    trail           variables
c
c i  1.21 169 39 0 0 34 4 773 636 1.6 16 10 6 13 17% 88140 183771 43948 56%
c i  1.21 169 40 0 0 34 4 775 636 1.6 16 10 6 13 17% 88141 183771 43841 56%
c i  1.21 169 40 0 0 34 4 781 638 1.6 15 10 6 13 17% 88142 183771 43834 56%
c i  1.21 169 39 0 0 34 4 795 651 1.6 15 10 6 13 17% 88142 183771 43827 56%
c i  1.21 169 39 0 0 34 4 796 651 1.6 15 10 6 13 17% 88142 183771 43813 56%
c i  1.21 169 39 0 0 34 4 797 651 1.6 15 10 6 13 17% 88142 183771 43811 56%
c i  1.21 169 39 0 0 34 4 798 651 1.6 15 10 6 13 17% 88142 183771 43808 56%
c i  1.21 169 39 0 0 34 4 799 651 1.6 15 10 6 13 17% 88142 183771 43805 56%
c i  1.21 169 39 0 0 34 4 800 651 1.6 15 10 6 13 17% 88142 183771 43802 56%
c -  1.23 169 36 0 1 41 4 1001 553 1.7 16 9 6 13 18% 87612 183392 43802 56%
c i  1.24 169 29 0 1 41 3 1466 975 1.8 15 8 4 11 15% 87617 183392 43770 56%
c i  1.24 169 33 0 1 41 3 1488 995 1.8 14 8 4 11 15% 87618 183392 43757 56%
c i  1.25 169 35 0 1 41 3 1506 1006 1.8 14 8 4 11 15% 87618 183392 43725 56%
c i  1.25 169 38 0 1 46 3 1545 1033 1.8 15 8 4 11 16% 87618 183392 43694 56%
c i  1.25 169 38 0 1 48 3 1547 1034 1.8 15 8 4 11 16% 87618 183392 43690 56%
c i  1.25 169 38 0 1 49 3 1548 1034 1.8 15 8 4 11 16% 87618 183392 43687 56%
c i  1.25 169 38 0 1 50 3 1549 1034 1.8 15 8 4 11 16% 87618 183392 43685 56%
c i  1.25 169 38 0 1 55 3 1555 1037 1.8 15 8 4 11 16% 87620 183392 43680 56%
c i  1.25 169 38 0 1 55 3 1557 1038 1.8 15 8 4 11 16% 87620 183392 43676 56%
c -  1.29 169 35 0 2 160 5 2001 1050 1.7 14 9 6 10 16% 87260 183392 43676 56%
c
c seconds   switched  rate       size/glue tier1     binary           remaining
c         MB reductions conflicts      size  tier2       irredundant
c          level restarts   redundant    glue    trail           variables
c
c i  1.30 169 35 0 2 163 5 2045 1075 1.7 14 9 6 10 16% 87261 183392 43674 56%
c i  1.31 169 38 0 2 164 5 2072 1097 1.7 14 8 6 10 16% 87265 183392 43610 56%
c i  1.31 169 42 0 2 165 5 2127 1144 1.7 14 8 6 10 17% 87268 183392 43531 56%
c i  1.32 169 42 0 2 181 6 2175 1184 1.7 14 9 6 10 17% 87269 183392 43530 56%
c i  1.32 169 42 0 2 181 6 2177 1185 1.7 14 9 6 10 17% 87269 183392 43512 55%
c i  1.32 169 42 0 2 182 6 2178 1185 1.7 14 9 6 10 17% 87269 183392 43511 55%
c i  1.33 169 41 0 2 215 6 2270 1271 1.7 14 9 6 10 17% 87273 183392 43510 55%
c i  1.34 169 40 0 2 235 6 2416 1406 1.7 14 9 6 10 17% 87276 183392 43509 55%
c i  1.35 169 40 0 2 252 6 2463 1446 1.7 14 9 6 10 17% 87278 183392 43403 55%
c i  1.35 169 40 0 2 260 6 2483 1465 1.7 14 9 6 10 17% 87278 183392 43402 55%
c i  1.36 169 39 0 2 286 6 2550 1525 1.7 14 9 6 10 17% 87282 183391 43401 55%
c c  1.78 129 39 0 2 297 6 2585 1558 1.6 14 9 6 10 17% 87311 181496 42040 54%
c d  1.80 129 39 0 2 297 6 2585 1550 1.6 14 9 6 10 17% 85050 181168 42040 54%
c b  1.80 129 39 0 2 297 6 2585 1550 1.6 14 9 6 10 17% 85050 181168 41063 52%
c u  1.81 130 39 0 2 297 6 2585 1367 1.6 14 9 6 10 17% 84106 181168 41056 52%
c v  1.82 130 39 0 2 297 6 2585 1202 1.6 14 9 6 10 17% 84106 181168 41056 52%
c w  1.83 130 39 0 2 297 6 2585 1202 1.6 14 9 6 10 17% 84106 181168 41056 52%
c x  1.83 130 39 0 2 297 6 2585 1201 1.6 14 9 6 10 17% 84665 179703 41056 52%
c =  1.88 131 39 0 2 297 6 2585 1201 1.6 14 9 6 10 17% 84871 179596 40796 52%
c d  1.88 131 39 0 2 297 6 2585 1200 1.6 14 9 6 10 17% 83130 179511 40116 51%
c
c seconds   switched  rate       size/glue tier1     binary           remaining
c         MB reductions conflicts      size  tier2       irredundant
c          level restarts   redundant    glue    trail           variables
c
c t  1.88 131 39 0 2 297 6 2585 1200 1.6 14 9 6 10 17% 83103 179511 40116 51%
c b  1.89 131 39 0 2 297 6 2585 1200 1.6 14 9 6 10 17% 83103 179511 39570 50%
c f  1.89 131 39 0 2 297 6 2585 1200 1.6 14 9 6 10 17% 82970 179511 39617 51%
c c  2.31 132 39 0 2 297 6 2585 1200 1.6 14 9 6 10 17% 79226 177098 38923 50%
c d  2.31 132 39 0 2 297 6 2585 1192 1.6 14 9 6 10 17% 78328 176842 38923 50%
c b  2.32 132 39 0 2 297 6 2585 1192 1.6 14 9 6 10 17% 78328 176842 38635 49%
c u  2.33 132 39 0 2 297 6 2585 1136 1.6 14 9 6 10 17% 77764 176842 38635 49%
c v  2.34 132 39 0 2 297 6 2585 1122 1.6 14 9 6 10 17% 77766 176842 38635 49%
c w  2.35 132 39 0 2 297 6 2585 1121 1.6 14 9 6 10 17% 77766 176842 38635 49%
c x  2.36 132 39 0 2 297 6 2585 1121 1.6 14 9 6 10 17% 78207 176030 38398 49%
c =  2.40 132 39 0 2 297 6 2585 1121 1.6 14 9 6 10 17% 78307 175960 38347 49%
c d  2.41 132 39 0 2 297 6 2585 1109 1.6 14 9 6 10 17% 77055 175920 37798 48%
c t  2.41 132 39 0 2 297 6 2585 1109 1.6 14 9 6 10 17% 77055 175920 37742 48%
c b  2.41 132 39 0 2 297 6 2585 1109 1.6 14 9 6 10 17% 77055 175920 37622 48%
c f  2.42 133 39 0 2 297 6 2585 1109 1.6 14 9 6 10 17% 76843 175920 37662 48%
c i  2.42 133 39 0 2 297 6 2585 1109 1.6 14 9 6 10 17% 76843 175920 37662 48%
c i  2.42 133 41 0 2 297 6 2602 1123 1.6 14 9 6 10 17% 76845 175920 37644 48%
c i  2.43 133 40 0 2 297 6 2607 1123 1.6 14 9 6 10 17% 76847 175920 37633 48%
c i  2.43 133 40 0 2 297 6 2608 1123 1.6 14 9 6 10 17% 76847 175920 37632 48%
c i  2.45 133 40 0 2 307 6 2694 1205 1.6 14 9 6 10 17% 76850 175920 37629 48%
c
c seconds  switched  rate       size/glue tier1     binary           remaining
c        MB reductions conflicts      size  tier2       irredundant
c         level restarts   redundant    glue    trail           variables
c
c -  2.48 75 35 0 3 399 5 3416 1282 1.5 14 9 6 11 17% 75151 175550 37629 48%
c i  2.49 75 35 0 3 445 6 3598 1431 1.5 14 9 6 11 17% 75153 175550 37622 48%
c i  2.50 75 38 0 3 445 6 3669 1487 1.5 14 9 6 11 18% 75158 175549 37612 48%
c i  2.50 75 38 0 3 445 6 3671 1487 1.5 14 9 6 11 18% 75159 175549 37605 48%
c i  2.50 75 38 0 3 445 6 3673 1487 1.5 13 9 6 11 18% 75160 175549 37598 48%
c i  2.67 75 43 0 3 711 8 4923 2567 1.5 14 10 6 11 20% 75175 175547 37538 48%
c -  2.71 75 43 0 4 797 9 5149 1668 1.5 15 10 6 11 20% 74905 175547 37538 48%
c i  2.79 75 41 0 4 952 8 5923 2268 1.4 14 10 6 12 20% 74911 175547 37524 48%
c i  2.79 75 41 0 4 952 8 5924 2268 1.4 14 10 6 12 20% 74911 175547 37510 48%
c i  2.79 75 41 0 4 952 8 5925 2268 1.4 14 10 6 12 20% 74911 175547 37506 48%
c i  2.79 75 41 0 4 952 8 5926 2268 1.4 14 10 6 12 20% 74911 175547 37505 48%
c i  2.79 75 41 0 4 952 8 5927 2268 1.4 14 10 6 12 20% 74911 175547 37502 48%
c i  2.79 75 41 0 4 952 8 5928 2268 1.4 14 10 6 12 20% 74911 175547 37499 48%
c -  2.87 75 40 0 5 1104 8 7150 2298 1.4 15 10 6 14 21% 74829 175547 37499 48%
c i  2.92 75 44 0 5 1175 8 7672 2751 1.4 15 10 6 14 21% 74834 175546 37496 48%
c i  2.94 75 44 0 5 1240 8 7917 2988 1.4 15 11 6 14 21% 74834 175546 37495 48%
c c  3.27 78 45 0 5 1241 8 7938 2574 1.4 15 11 6 14 22% 75262 172195 37038 47%
c d  3.27 78 45 0 5 1241 8 7938 2573 1.4 15 11 6 14 22% 74387 171933 37023 47%
c d  3.28 78 45 0 5 1241 8 7938 2573 1.4 15 11 6 14 22% 74187 171933 36923 47%
c b  3.29 78 45 0 5 1241 8 7938 2573 1.4 15 11 6 14 22% 74187 171933 36811 47%
c
c seconds  switched   rate       size/glue  tier1     binary           remaining
c        MB reductions conflicts       size   tier2       irredundant
c         level  restarts   redundant     glue    trail           variables
c
c u  3.30 80 45 0 5 1241 8 7938 2467 1.4 15 11 6 14 22% 73793 171933 36811 47%
c v  3.32 80 45 0 5 1241 8 7938 2440 1.4 15 11 6 14 22% 73794 171933 36811 47%
c w  3.33 80 45 0 5 1241 8 7938 2440 1.4 15 11 6 14 22% 73794 171933 36811 47%
c x  3.34 80 45 0 5 1241 8 7938 2440 1.4 15 11 6 14 22% 74143 171373 36551 47%
c =  3.42 85 45 0 5 1241 8 7938 2440 1.4 15 11 6 14 22% 74162 171263 36532 47%
c d  3.43 85 45 0 5 1241 8 7938 2437 1.4 15 11 6 14 22% 73514 171220 36204 46%
c d  3.43 85 45 0 5 1241 8 7938 2437 1.4 15 11 6 14 22% 73490 171220 36192 46%
c t  3.44 85 45 0 5 1241 8 7938 2437 1.4 15 11 6 14 22% 73449 171220 36192 46%
c b  3.45 85 45 0 5 1241 8 7938 2437 1.4 15 11 6 14 22% 73449 171220 35962 46%
c f  3.45 85 45 0 5 1241 8 7938 2437 1.4 15 11 6 14 22% 73223 171220 35975 46%
c c  3.50 92 45 0 5 1241 8 7938 2426 1.4 15 11 6 14 22% 72127 170743 35706 46%
c d  3.50 92 45 0 5 1241 8 7938 2426 1.4 15 11 6 14 22% 71759 170508 35706 46%
c d  3.51 92 45 0 5 1241 8 7938 2426 1.4 15 11 6 14 22% 71334 170507 35493 45%
c b  3.51 92 45 0 5 1241 8 7938 2426 1.4 15 11 6 14 22% 71334 170507 35463 45%
c u  3.53 92 45 0 5 1241 8 7938 2382 1.4 15 11 6 14 22% 70904 170507 35463 45%
c v  3.55 92 45 0 5 1241 8 7938 2361 1.4 15 11 6 14 22% 70904 170507 35463 45%
c w  3.56 92 45 0 5 1241 8 7938 2361 1.4 15 11 6 14 22% 70904 170507 35463 45%
c x  3.57 92 45 0 5 1241 8 7938 2361 1.4 15 11 6 14 22% 71072 170239 35156 45%
c =  3.66 96 45 0 5 1241 8 7938 2361 1.4 15 11 6 14 22% 71099 170075 35117 45%
c d  3.66 96 45 0 5 1241 8 7938 2361 1.4 15 11 6 14 22% 70871 169934 34954 45%
c
c seconds  switched   rate       size/glue  tier1     binary           remaining
c        MB reductions conflicts       size   tier2       irredundant
c         level  restarts   redundant     glue    trail           variables
c
c d  3.66 96 45 0 5 1241 8 7938 2361 1.4 15 11 6 14 22% 70803 169934 34920 45%
c t  3.67 96 45 0 5 1241 8 7938 2361 1.4 15 11 6 14 22% 70790 169934 34920 45%
c b  3.68 96 45 0 5 1241 8 7938 2361 1.4 15 11 6 14 22% 70790 169934 34897 45%
c f  3.68 96 45 0 5 1241 8 7938 2361 1.4 15 11 6 14 22% 70645 169934 34909 45%
c i  3.69 96 45 0 5 1241 8 7938 2361 1.4 15 11 6 14 22% 70645 169934 34909 45%
c -  3.77 96 46 0 6 1409 8 9386 2542 1.5 15 11 6 14 22% 69705 169930 34909 45%
c -  3.82 96 40 0 7 1409 6 11835 3468 1.6 16 10 6 13 20% 69711 169930 34909 45%
c o  3.83 96 40 0 7 1411 6 11838 3471 1.6 16 10 6 13 20% 69711 169930 34909 45%
c 2  3.92 96 41 0 7 1587 6 12924 4377 1.6 16 10 6 13 20% 69720 169929 34902 45%
c s  3.96 72 41 0 7 1587 6 12924 4377 1.6 16 10 6 13 20% 69822 165186 34902 45%
c e  4.04 73 41 0 7 1587 6 12924 4377 1.6 16 10 6 13 20% 12880 173213 11591 15%
c 2  4.04 73 41 0 7 1587 6 12924 4377 1.6 16 10 6 13 20% 12837 173213 11591 15%
c s  4.08 73 41 0 7 1587 6 12924 4377 1.6 16 10 6 13 20% 13211 168265 11591 15%
c e  4.09 73 41 0 7 1587 6 12924 4377 1.6 16 10 6 13 20% 12685 168557 11288 14%
c ^  4.09 73 41 0 7 1587 6 12924 4377 1.6 16 10 6 13 20% 12685 168557 11288 14%
c -  4.21 73 41 0 8 1868 7 14480 2828 1.6 16 10 6 14 21% 12697 168528 11288 14%
c c  4.28 80 50 0 8 1968 6 16225 4406 1.6 16 10 6 14 22% 12885 168383 11240 14%
c d  4.29 80 50 0 8 1968 6 16225 4406 1.6 16 10 6 14 22% 12783 168376 11237 14%
c d  4.29 80 50 0 8 1968 6 16225 4406 1.6 16 10 6 14 22% 12781 168372 11236 14%
c b  4.29 80 50 0 8 1968 6 16225 4406 1.6 16 10 6 14 22% 12781 168372 11208 14%
c
c seconds  switched   rate        size/glue  tier1     binary           remaining
c        MB reductions  conflicts       size   tier2       irredundant
c         level  restarts    redundant     glue    trail           variables
c
c u  4.30 81 50 0 8 1968 6 16225 4368 1.6 16 10 6 14 22% 12689 168372 11208 14%
c v  4.31 82 50 0 8 1968 6 16225 4349 1.6 16 10 6 14 22% 12689 168372 11208 14%
c w  4.33 82 50 0 8 1968 6 16225 4346 1.6 16 10 6 14 22% 12689 168372 11208 14%
c x  4.34 82 50 0 8 1968 6 16225 4346 1.6 16 10 6 14 22% 12741 168139 11105 14%
c =  4.41 86 50 0 8 1968 6 16225 4346 1.6 16 10 6 14 22% 12743 167953 11103 14%
c d  4.41 86 50 0 8 1968 6 16225 4346 1.6 16 10 6 14 22% 13096 167596 11103 14%
c t  4.42 86 50 0 8 1968 6 16225 4346 1.6 16 10 6 14 22% 12853 167596 11082 14%
c b  4.42 86 50 0 8 1968 6 16225 4346 1.6 16 10 6 14 22% 12853 167596 11080 14%
c f  4.44 86 50 0 8 1968 6 16225 4346 1.6 16 10 6 14 22% 12879 167044 11223 14%
c c  4.46 91 50 0 8 1968 6 16225 4346 1.6 16 10 6 14 22% 12543 166926 11168 14%
c d  4.46 91 50 0 8 1968 6 16225 4346 1.6 16 10 6 14 22% 12494 166865 11168 14%
c u  4.48 92 50 0 8 1968 6 16225 4278 1.6 16 10 6 14 22% 12481 166865 11168 14%
c v  4.49 93 50 0 8 1968 6 16225 4258 1.6 16 10 6 14 22% 12481 166865 11168 14%
c w  4.51 93 50 0 8 1968 6 16225 4255 1.6 16 10 6 14 22% 12481 166865 11168 14%
c =  4.57 97 50 0 8 1968 6 16225 4255 1.6 16 10 6 14 22% 12481 166860 11165 14%
c t  4.59 97 50 0 8 1968 6 16225 4255 1.6 16 10 6 14 22% 12305 166847 11165 14%
c f  4.60 97 50 0 8 1968 6 16225 4255 1.6 16 10 6 14 22% 12305 166841 11167 14%
c i  4.61 102 50 0 8 1968 6 16225 4255 1.6 16 10 6 14 22% 12305 166841 11167 14%
c i  4.61 102 50 0 8 1968 6 16307 4309 1.6 16 10 6 14 22% 12310 166841 11080 14%
c i  4.65 105 51 0 8 2083 7 17204 5136 1.6 16 10 6 14 22% 12316 166841 11079 14%
c
c seconds   switched   rate        size/glue  tier1     binary           remaining
c         MB reductions  conflicts       size   tier2       irredundant
c          level  restarts    redundant     glue    trail           variables
c
c -  4.66 105 50 0 9 2101 7 17310 3716 1.6 16 10 6 13 22% 12209 166824 11079 14%
c i  4.68 105 50 0 9 2200 7 17956 4332 1.6 16 10 6 14 22% 12213 166822 11075 14%
c i  4.73 105 51 0 9 2219 6 18873 5132 1.6 16 10 6 14 22% 12233 166822 11069 14%
c i  4.73 105 51 0 9 2219 6 18959 5202 1.6 16 10 6 14 22% 12234 166822 11049 14%
c -  4.79 95 50 0 10 2409 6 20311 4688 1.6 16 10 6 13 21% 12179 166822 11049 14%
c i  4.85 95 51 0 10 2565 6 21587 5841 1.6 16 10 6 13 22% 12184 166822 11048 14%
c i  4.87 95 50 0 10 2616 6 21974 6178 1.6 16 10 6 13 21% 12193 166822 11047 14%
c o  4.87 95 50 0 10 2616 6 21974 6178 1.6 16 10 6 13 21% 12193 166822 11047 14%
c i  4.89 96 50 0 10 2668 6 22398 6539 1.6 16 10 6 13 21% 12199 166822 11046 14%
c -  4.91 96 55 0 11 2668 6 23473 4852 1.6 16 10 5 13 22% 12183 166822 11046 14%
c i  4.92 96 57 0 11 2669 6 23778 5121 1.6 16 10 5 13 22% 12183 166822 11044 14%
c i  4.93 96 58 0 11 2677 6 24073 5364 1.6 16 10 5 13 22% 12189 166821 11026 14%
c 2  4.99 96 61 0 11 2813 6 25575 6752 1.6 16 10 5 13 23% 12192 166821 11021 14%
c s  5.01 96 61 0 11 2813 6 25575 6752 1.6 16 10 5 13 23% 12357 160333 11021 14%
c e  5.04 98 61 0 11 2813 6 25575 6752 1.6 16 10 5 13 23% 9666 164362 8714 11%
c 2  5.04 98 61 0 11 2813 6 25575 6752 1.6 16 10 5 13 23% 9654 164362 8714 11%
c s  5.06 98 61 0 11 2813 6 25575 6752 1.6 16 10 5 13 23% 9819 163578 8714 11%
c e  5.07 98 61 0 11 2813 6 25575 6752 1.6 16 10 5 13 23% 9643 163735 8643 11%
c ^  5.07 98 61 0 11 2813 6 25575 6752 1.6 16 10 5 13 23% 9643 163735 8643 11%
c -  5.15 98 60 0 12 3029 6 26789 4590 1.6 16 10 5 13 23% 9694 163654 8643 11%
c
c seconds   switched    rate        size/glue  tier1     binary         remaining
c         MB  reductions  conflicts       size   tier2      irredundant
c          level   restarts    redundant     glue    trail         variables
c
c c  5.22 104 60 0 12 3084 6 27481 5256 1.6 16 10 5 13 22% 9820 163299 8634 11%
c d  5.23 104 60 0 12 3084 6 27481 5200 1.6 16 10 5 13 22% 9800 163294 8632 11%
c b  5.24 104 60 0 12 3084 6 27481 5200 1.6 16 10 5 13 22% 9800 163294 8623 11%
c u  5.25 105 60 0 12 3084 6 27481 5052 1.6 16 10 5 13 22% 9788 163294 8623 11%
c v  5.28 105 60 0 12 3084 6 27481 4982 1.6 16 10 5 13 22% 9789 163294 8623 11%
c w  5.29 105 60 0 12 3084 6 27481 4980 1.6 16 10 5 13 22% 9789 163294 8623 11%
c =  5.36 110 60 0 12 3084 6 27481 4980 1.6 16 10 5 13 22% 9796 163177 8601 11%
c d  5.36 110 60 0 12 3084 6 27481 4980 1.6 16 10 5 13 22% 9861 163098 8601 11%
c t  5.36 110 60 0 12 3084 6 27481 4980 1.6 16 10 5 13 22% 9683 163098 8590 11%
c b  5.36 110 60 0 12 3084 6 27481 4980 1.6 16 10 5 13 22% 9683 163098 8585 11%
c f  5.38 110 60 0 12 3084 6 27481 4980 1.6 16 10 5 13 22% 9692 162819 8648 11%
c u  5.41 116 60 0 12 3084 6 27481 4885 1.6 16 10 5 13 22% 9612 162710 8647 11%
c v  5.43 116 60 0 12 3084 6 27481 4840 1.6 16 10 5 13 22% 9612 162710 8647 11%
c w  5.44 116 60 0 12 3084 6 27481 4838 1.6 16 10 5 13 22% 9612 162710 8647 11%
c =  5.51 120 60 0 12 3084 6 27481 4838 1.6 16 10 5 13 22% 9662 162611 8609 11%
c d  5.52 120 60 0 12 3084 6 27481 4837 1.6 16 10 5 13 22% 9648 162566 8609 11%
c t  5.52 120 60 0 12 3084 6 27481 4837 1.6 16 10 5 13 22% 9617 162566 8609 11%
c i  5.56 93 60 0 12 3149 6 27930 5249 1.6 16 10 5 13 22% 9615 162565 8607 11%
c -  5.64 95 62 0 13 3383 6 30255 5289 1.6 16 10 5 13 23% 9555 162554 8607 11%
c i  5.66 95 63 0 13 3432 6 30668 5664 1.6 16 10 5 13 23% 9559 162552 8604 11%
c
c seconds  switched    rate        size/glue  tier1     binary         remaining
c        MB  reductions  conflicts       size   tier2      irredundant
c         level   restarts    redundant     glue    trail         variables
c
c -  5.76 96 67 0 14 3601 6 33863 6412 1.6 16 10 5 13 23% 9557 162542 8602 11%
c i  5.79 96 69 0 14 3666 6 34783 7262 1.6 16 10 5 13 24% 9562 162542 8601 11%
c -  5.91 96 68 0 15 4068 6 37604 7431 1.6 16 10 5 13 23% 9562 162534 8601 11%
c i  5.94 96 68 0 15 4197 6 38318 8104 1.6 16 10 5 13 23% 9564 162532 8597 11%
c -  6.04 96 75 0 16 4413 6 41476 8421 1.6 16 10 5 13 24% 9567 162527 8597 11%
c d  6.07 96 75 0 16 4480 6 41950 8840 1.6 16 10 5 13 24% 9594 162440 8593 11%
c d  6.07 96 75 0 16 4480 6 41950 8840 1.6 16 10 5 13 24% 9593 162439 8592 11%
c b  6.07 96 75 0 16 4480 6 41950 8840 1.6 16 10 5 13 24% 9593 162439 8580 11%
c u  6.09 96 75 0 16 4480 6 41950 8710 1.6 16 10 5 13 24% 9593 162439 8580 11%
c v  6.12 96 75 0 16 4480 6 41950 8638 1.6 16 10 5 13 24% 9593 162439 8580 11%
c w  6.14 96 75 0 16 4480 6 41950 8635 1.6 16 10 5 13 24% 9593 162439 8580 11%
c =  6.21 74 75 0 16 4480 6 41950 8635 1.6 16 10 5 13 24% 9736 162241 8513 11%
c d  6.21 74 75 0 16 4480 6 41950 8625 1.6 16 10 5 13 24% 9590 162207 8513 11%
c t  6.22 74 75 0 16 4480 6 41950 8625 1.6 16 10 5 13 24% 9543 162207 8512 11%
c b  6.22 74 75 0 16 4480 6 41950 8625 1.6 16 10 5 13 24% 9543 162207 8511 11%
c c  6.25 80 75 0 16 4480 6 41950 8625 1.6 16 10 5 13 24% 9443 162083 8476 11%
c d  6.26 80 75 0 16 4480 6 41950 8625 1.6 16 10 5 13 24% 9492 162028 8476 11%
c d  6.26 80 75 0 16 4480 6 41950 8625 1.6 16 10 5 13 24% 9486 162028 8474 11%
c b  6.26 80 75 0 16 4480 6 41950 8625 1.6 16 10 5 13 24% 9486 162028 8462 11%
c u  6.30 81 75 0 16 4480 6 41950 8430 1.6 16 10 5 13 24% 9492 162028 8462 11%
c
c seconds  switched    rate        size/glue  tier1     binary         remaining
c        MB  reductions  conflicts       size   tier2      irredundant
c         level   restarts    redundant     glue    trail         variables
c
c v  6.32 81 75 0 16 4480 6 41950 8353 1.6 16 10 5 13 24% 9492 162028 8462 11%
c w  6.33 81 75 0 16 4480 6 41950 8351 1.6 16 10 5 13 24% 9492 162028 8462 11%
c =  6.40 85 75 0 16 4480 6 41950 8351 1.6 16 10 5 13 24% 9548 161919 8434 11%
c d  6.40 85 75 0 16 4480 6 41950 8349 1.6 16 10 5 13 24% 9505 161891 8434 11%
c t  6.41 85 75 0 16 4480 6 41950 8349 1.6 16 10 5 13 24% 9460 161891 8434 11%
c f  6.41 85 75 0 16 4480 6 41950 8349 1.6 16 10 5 13 24% 9464 161878 8437 11%
c o  6.43 90 75 0 16 4489 6 41978 8377 1.6 16 10 5 13 24% 9464 161878 8437 11%
c i  6.54 94 73 0 16 4837 6 44671 10751 1.6 16 10 5 13 24% 9464 161872 8435 11%
c i  6.54 94 73 0 16 4837 6 44674 10753 1.6 16 10 5 13 24% 9464 161872 8434 11%
c -  6.57 94 73 0 17 4981 6 45477 8841 1.6 16 10 5 13 24% 9424 161869 8434 11%
c i  6.62 94 73 0 17 5139 6 46529 9838 1.6 16 10 5 13 24% 9425 161869 8433 11%
c i  6.73 95 71 0 17 5659 6 49435 12389 1.6 16 10 5 13 23% 9434 161867 8414 11%
c -  6.74 95 71 0 18 5668 6 49601 9510 1.6 16 10 5 13 23% 9382 161867 8414 11%
c s  6.93 96 69 0 18 6048 6 52954 12626 1.6 16 10 5 13 23% 9438 159298 8414 11%
c e  6.97 97 69 0 18 6048 6 52954 12626 1.6 16 10 5 13 23% 8082 162602 7223 9%
c 2  6.97 97 69 0 18 6048 6 52954 12626 1.6 16 10 5 13 23% 8076 162602 7223 9%
c s  7.00 97 69 0 18 6048 6 52954 12626 1.6 16 10 5 13 23% 8168 160457 7223 9%
c e  7.02 97 69 0 18 6048 6 52954 12626 1.6 16 10 5 13 23% 8098 160579 7184 9%
c ^  7.02 97 69 0 18 6048 6 52954 12626 1.6 16 10 5 13 23% 8098 160579 7184 9%
c -  7.06 97 69 0 19 6153 6 53844 9360 1.6 16 10 5 13 23% 8131 160547 7184 9%
c
c seconds  switched    rate         size/glue  tier1     binary        remaining
c        MB  reductions  conflicts        size   tier2      irredundant
c         level   restarts     redundant     glue    trail         variables
c
c i  7.12 98 68 0 19 6269 6 55597 10983 1.6 16 10 5 13 23% 8134 160546 7181 9%
c -  7.18 98 66 0 20 6328 6 58206 10617 1.6 16 10 5 13 23% 8114 160546 7174 9%
c u  7.26 99 66 0 20 6420 6 59750 11961 1.6 16 10 5 13 23% 8119 160479 7174 9%
c v  7.28 99 66 0 20 6420 6 59750 11888 1.6 16 10 5 13 23% 8119 160479 7174 9%
c w  7.29 99 66 0 20 6420 6 59750 11883 1.6 16 10 5 13 23% 8119 160479 7174 9%
c =  7.40 101 66 0 20 6420 6 59750 11883 1.6 16 10 5 13 23% 8257 160308 7108 9%
c d  7.40 101 66 0 20 6420 6 59750 11873 1.6 16 10 5 13 23% 8075 160308 7107 9%
c t  7.40 101 66 0 20 6420 6 59750 11873 1.6 16 10 5 13 23% 7947 160308 7107 9%
c f  7.43 101 66 0 20 6420 6 59750 11873 1.6 16 10 5 13 23% 8128 158849 7265 9%
c u  7.46 108 66 0 20 6420 6 59750 11728 1.6 16 10 5 13 23% 8128 158849 7265 9%
c v  7.50 109 66 0 20 6420 6 59750 11627 1.6 16 10 5 13 23% 8128 158849 7265 9%
c w  7.51 109 66 0 20 6420 6 59750 11626 1.6 16 10 5 13 23% 8128 158849 7265 9%
c =  7.60 112 66 0 20 6420 6 59750 11626 1.6 16 10 5 13 23% 8205 158755 7229 9%
c d  7.60 112 66 0 20 6420 6 59750 11620 1.6 16 10 5 13 23% 8106 158755 7229 9%
c t  7.62 112 66 0 20 6420 6 59750 11620 1.6 16 10 5 13 23% 8091 158755 7229 9%
c i  7.69 113 66 0 20 6634 6 60789 12611 1.6 16 10 5 13 23% 8092 158755 7228 9%
c -  7.76 90 65 0 21 6751 6 62679 11420 1.6 16 10 5 13 23% 8091 158751 7227 9%
c -  7.95 91 66 0 22 7273 6 67263 12462 1.6 17 10 5 13 23% 8097 158748 7227 9%
c -  8.13 92 67 0 23 7763 6 71953 13352 1.6 17 10 5 13 23% 8104 158744 7227 9%
c o  8.13 92 67 0 23 7771 6 72112 13468 1.6 17 10 5 13 23% 8104 158744 7227 9%
c
c seconds  switched    rate         size/glue  tier1     binary        remaining
c        MB  reductions  conflicts        size   tier2      irredundant
c         level   restarts     redundant     glue    trail         variables
c
c i  8.18 92 66 0 23 7847 6 74274 15008 1.6 16 10 5 13 23% 8111 158744 7195 9%
c -  8.24 92 65 0 24 7938 6 76748 13753 1.6 17 10 5 12 22% 8033 158742 7195 9%
c c  8.41 101 65 0 24 8170 5 80991 17365 1.6 17 10 5 12 22% 8083 158522 7193 9%
c d  8.41 101 65 0 24 8170 5 80991 17365 1.6 17 10 5 12 22% 8157 158444 7193 9%
c u  8.45 103 65 0 24 8170 5 80991 17235 1.6 17 10 5 12 22% 8157 158444 7193 9%
c v  8.49 103 65 0 24 8170 5 80991 17142 1.6 17 10 5 12 22% 8157 158444 7193 9%
c w  8.50 104 65 0 24 8170 5 80991 17102 1.6 17 10 5 12 22% 8157 158444 7193 9%
c =  8.59 84 65 0 24 8170 5 80991 17102 1.6 17 10 5 12 22% 8293 158273 7128 9%
c d  8.60 84 65 0 24 8170 5 80991 17096 1.6 17 10 5 12 22% 8120 158273 7128 9%
c t  8.61 84 65 0 24 8170 5 80991 17096 1.6 17 10 5 12 22% 8052 158273 7128 9%
c f  8.62 84 65 0 24 8170 5 80991 17096 1.6 17 10 5 12 22% 8054 158264 7129 9%
c u  8.65 91 65 0 24 8170 5 80991 16877 1.6 17 10 5 12 22% 8054 158264 7129 9%
c v  8.67 91 65 0 24 8170 5 80991 16828 1.6 17 10 5 12 22% 8054 158264 7129 9%
c w  8.69 91 65 0 24 8170 5 80991 16822 1.6 17 10 5 12 22% 8054 158264 7129 9%
c =  8.78 94 65 0 24 8170 5 80991 16822 1.6 17 10 5 12 22% 8145 158156 7086 9%
c d  8.78 94 65 0 24 8170 5 80991 16812 1.6 17 10 5 12 22% 8034 158156 7086 9%
c t  8.80 94 65 0 24 8170 5 80991 16812 1.6 17 10 5 12 22% 8011 158156 7086 9%
c -  8.83 94 65 0 25 8254 5 81646 14407 1.6 17 10 5 12 22% 8011 158155 7086 9%
c -  9.01 95 62 0 26 8489 5 86646 16109 1.7 17 10 5 12 22% 8013 158146 7086 9%
c -  9.23 98 60 0 27 9139 5 91746 17399 1.7 17 10 5 12 22% 8021 158143 7086 9%
c
c seconds  switched    rate         size/glue  tier1     binary        remaining
c        MB  reductions  conflicts        size   tier2      irredundant
c         level   restarts     redundant     glue    trail         variables
c
c i  9.34 98 61 0 27 9441 5 93984 19487 1.7 17 10 5 12 22% 8026 158140 7085 9%
c -  9.40 84 59 0 28 9445 5 96945 18649 1.7 17 10 5 12 22% 8022 158140 7085 9%
c s  9.44 84 58 0 28 9445 5 97009 18710 1.7 17 10 5 12 22% 8047 157033 7085 9%
c e  9.48 86 58 0 28 9445 5 97009 18710 1.7 17 10 5 12 22% 7093 160908 6202 8%
c 2  9.48 86 58 0 28 9445 5 97009 18710 1.7 17 10 5 12 22% 7085 160908 6202 8%
c s  9.53 86 58 0 28 9445 5 97009 18710 1.7 17 10 5 12 22% 7154 159549 6202 8%
c e  9.54 86 58 0 28 9445 5 97009 18710 1.7 17 10 5 12 22% 7087 159766 6158 8%
c ^  9.54 86 58 0 28 9445 5 97009 18710 1.7 17 10 5 12 22% 7087 159766 6158 8%
c i  9.55 86 59 0 28 9445 5 97046 16713 1.7 17 10 5 12 22% 7095 159766 6155 8%
c -  9.77 86 58 0 29 10082 5 102238 17828 1.7 17 10 5 12 22% 7103 159727 6155 8%
c d  9.90 89 60 0 29 10208 5 105807 21050 1.7 17 10 5 12 22% 7105 159722 6152 8%
c b  9.91 89 60 0 29 10208 5 105807 21050 1.7 17 10 5 12 22% 7105 159722 6148 8%
c u  9.93 89 60 0 29 10208 5 105807 20866 1.7 17 10 5 12 22% 7103 159722 6148 8%
c v  9.96 89 60 0 29 10208 5 105807 20830 1.7 17 10 5 12 22% 7103 159722 6148 8%
c w  9.97 89 60 0 29 10208 5 105807 20826 1.7 17 10 5 12 22% 7103 159722 6148 8%
c x  9.99 90 60 0 29 10208 5 105807 20820 1.7 17 10 5 12 22% 7114 159386 6148 8%
c = 10.10 84 60 0 29 10208 5 105807 20820 1.7 17 10 5 12 22% 7120 159386 6145 8%
c d 10.11 84 60 0 29 10208 5 105807 20817 1.7 17 10 5 12 22% 7112 159386 6145 8%
c t 10.11 84 60 0 29 10208 5 105807 20817 1.7 17 10 5 12 22% 7023 159386 6145 8%
c f 10.14 84 60 0 29 10208 5 105807 20817 1.7 17 10 5 12 22% 7048 159058 6171 8%
c
c seconds  switched     rate          size/glue  tier1     binary        remaining
c        MB  reductions   conflicts         size   tier2      irredundant
c         level   restarts       redundant     glue    trail         variables
c
c u 10.18 91 60 0 29 10208 5 105807 20537 1.7 17 10 5 12 22% 7048 159058 6171 8%
c v 10.22 91 60 0 29 10208 5 105807 20431 1.7 17 10 5 12 22% 7048 159058 6171 8%
c w 10.23 92 60 0 29 10208 5 105807 20423 1.7 17 10 5 12 22% 7048 159058 6171 8%
c - 10.44 92 60 0 30 10393 5 107624 18596 1.7 17 10 5 12 22% 7037 159056 6171 8%
c i 10.61 101 60 0 30 10773 5 112042 22675 1.7 17 10 5 12 22% 7045 159051 6170 8%
c i 10.61 101 60 0 30 10773 5 112046 22676 1.7 17 10 5 12 22% 7045 159051 6159 8%
c o 10.61 101 60 0 30 10774 5 112173 22791 1.7 17 10 5 12 22% 7045 159051 6159 8%
c - 10.63 102 59 0 31 10828 5 113103 19711 1.7 17 10 5 12 22% 7029 159050 6159 8%
c - 10.82 90 58 0 32 11157 5 118670 20827 1.7 17 10 5 12 22% 7031 159047 6159 8%
c - 11.08 91 58 0 33 11761 5 124326 21869 1.7 17 10 5 12 22% 7043 159045 6159 8%
c - 11.32 94 57 0 34 12313 5 130071 22906 1.7 17 10 5 12 22% 7049 159044 6159 8%
c c 11.45 94 55 0 34 12457 5 134279 26198 1.7 17 10 5 12 21% 7090 158909 6154 8%
c d 11.45 94 55 0 34 12457 5 134279 26198 1.7 17 10 5 12 21% 7109 158882 6154 8%
c b 11.45 94 55 0 34 12457 5 134279 26198 1.7 17 10 5 12 21% 7109 158882 6132 8%
c u 11.48 94 55 0 34 12457 5 134279 26038 1.7 17 10 5 12 21% 7105 158882 6132 8%
c v 11.51 95 55 0 34 12457 5 134279 25878 1.7 17 10 5 12 21% 7105 158882 6132 8%
c w 11.52 95 55 0 34 12457 5 134279 25870 1.7 17 10 5 12 21% 7105 158882 6132 8%
c x 11.57 70 55 0 34 12457 5 134279 25864 1.7 17 10 5 12 21% 7134 158455 6132 8%
c t 11.58 70 55 0 34 12457 5 134279 25864 1.7 17 10 5 12 21% 7099 158455 6119 8%
c b 11.58 70 55 0 34 12457 5 134279 25864 1.7 17 10 5 12 21% 7099 158455 6115 8%
c
c seconds  switched     rate          size/glue  tier1     binary        remaining
c        MB  reductions   conflicts         size   tier2      irredundant
c         level   restarts       redundant     glue    trail         variables
c
c f 11.59 70 55 0 34 12457 5 134279 25864 1.7 17 10 5 12 21% 7102 158418 6117 8%
c u 11.62 77 55 0 34 12457 5 134279 25679 1.7 17 10 5 12 21% 7118 158351 6117 8%
c v 11.65 77 55 0 34 12457 5 134279 25523 1.7 17 10 5 12 21% 7118 158351 6117 8%
c w 11.66 77 55 0 34 12457 5 134279 25518 1.7 17 10 5 12 21% 7118 158351 6117 8%
c x 11.69 78 55 0 34 12457 5 134279 25517 1.7 17 10 5 12 21% 7118 158349 6117 8%
c = 11.84 81 55 0 34 12457 5 134279 25517 1.7 17 10 5 12 21% 7139 158318 6100 8%
c d 11.84 81 55 0 34 12457 5 134279 25515 1.7 17 10 5 12 21% 7132 158277 6100 8%
c t 11.85 81 55 0 34 12457 5 134279 25515 1.7 17 10 5 12 21% 7120 158277 6100 8%
c f 11.86 81 55 0 34 12457 5 134279 25515 1.7 17 10 5 12 21% 7122 158259 6101 8%
c - 11.94 90 55 0 35 12612 5 135902 23285 1.7 17 10 5 12 21% 7003 158258 6101 8%
c - 12.21 92 57 0 36 13226 5 141818 24529 1.7 17 10 5 12 22% 7011 158252 6101 8%
c - 12.45 92 55 0 37 13675 5 147818 25812 1.7 17 10 5 12 21% 7015 158248 6101 8%
c - 12.61 96 53 0 38 13923 5 153902 26307 1.7 17 10 5 12 21% 7019 158248 6101 8%
c s 12.86 99 52 0 38 14334 5 159588 31445 1.7 17 10 5 12 21% 7049 157504 6101 8%
c e 12.91 89 52 0 38 14334 5 159588 31445 1.7 17 10 5 12 21% 6239 162299 5450 7%
c 2 12.91 89 52 0 38 14334 5 159588 31445 1.7 17 10 5 12 21% 6225 162299 5450 7%
c s 12.98 89 52 0 38 14334 5 159588 31445 1.7 17 10 5 12 21% 6289 160325 5450 7%
c e 13.00 89 52 0 38 14334 5 159588 31445 1.7 17 10 5 12 21% 6224 160678 5403 7%
c ^ 13.00 89 52 0 38 14334 5 159588 31445 1.7 17 10 5 12 21% 6224 160678 5403 7%
c - 13.04 89 52 0 39 14371 5 160066 23055 1.7 17 10 5 12 21% 6227 160677 5403 7%
c
c seconds  switched     rate          size/glue  tier1     binary        remaining
c        MB  reductions   conflicts         size   tier2      irredundant
c         level   restarts       redundant     glue    trail         variables
c
c o 13.14 90 52 0 39 14659 5 162231 25113 1.7 17 10 5 12 21% 6227 160677 5403 7%
c i 13.24 91 52 0 39 14887 5 164476 27222 1.7 17 10 5 12 21% 6231 160677 5397 7%
c - 13.32 92 52 0 40 15150 5 166310 24466 1.7 17 10 5 12 21% 6211 160677 5397 7%
c d 13.33 92 52 0 40 15181 5 166504 24652 1.7 17 10 5 12 21% 6216 160616 5395 7%
c b 13.33 92 52 0 40 15181 5 166504 24652 1.7 17 10 5 12 21% 6216 160616 5394 7%
c u 13.37 92 52 0 40 15181 5 166504 24314 1.7 17 10 5 12 21% 6213 160616 5394 7%
c v 13.42 92 52 0 40 15181 5 166504 24129 1.7 17 10 5 12 21% 6213 160616 5394 7%
c w 13.43 92 52 0 40 15181 5 166504 24125 1.7 17 10 5 12 21% 6213 160616 5394 7%
c = 13.59 81 52 0 40 15181 5 166504 24125 1.7 17 10 5 12 21% 6228 160546 5383 7%
c d 13.59 81 52 0 40 15181 5 166504 24120 1.7 17 10 5 12 21% 6227 160521 5383 7%
c t 13.60 81 52 0 40 15181 5 166504 24120 1.7 17 10 5 12 21% 6158 160521 5383 7%
c f 13.64 81 52 0 40 15181 5 166504 24120 1.7 17 10 5 12 21% 6162 160177 5401 7%
c u 13.68 84 52 0 40 15181 5 166504 23845 1.7 17 10 5 12 21% 6162 160177 5401 7%
c v 13.72 85 52 0 40 15181 5 166504 23769 1.7 17 10 5 12 21% 6162 160177 5401 7%
c w 13.73 85 52 0 40 15181 5 166504 23758 1.7 17 10 5 12 21% 6162 160177 5401 7%
c x 13.75 86 52 0 40 15181 5 166504 23758 1.7 17 10 5 12 21% 6162 160174 5401 7%
c = 13.91 88 52 0 40 15181 5 166504 23758 1.7 17 10 5 12 21% 6170 160160 5397 7%
c d 13.91 88 52 0 40 15181 5 166504 23757 1.7 17 10 5 12 21% 6160 160160 5397 7%
c t 13.92 88 52 0 40 15181 5 166504 23757 1.7 17 10 5 12 21% 6157 160160 5397 7%
c - 14.18 87 51 0 41 15932 5 172635 24767 1.7 18 11 5 12 21% 6142 160157 5397 7%
c
c seconds  switched     rate          size/glue  tier1     binary        remaining
c        MB  reductions   conflicts         size   tier2      irredundant
c         level   restarts       redundant     glue    trail         variables
c
c - 14.42 76 50 0 42 16431 5 179039 25892 1.7 18 11 5 12 21% 6145 160154 5397 7%
c - 14.64 79 49 0 43 16849 5 185520 26782 1.7 18 11 5 12 21% 6151 160154 5397 7%
c i 14.73 81 48 0 43 16910 5 189349 29824 1.6 17 11 5 12 20% 6152 160154 5371 7%
c - 14.86 83 48 0 44 17150 5 192077 27677 1.6 17 11 5 12 20% 6077 160153 5371 7%
c - 15.10 87 47 0 45 17596 5 198710 29076 1.7 18 11 5 12 20% 6080 160151 5371 7%
c d 15.29 83 46 0 45 18156 5 202594 32746 1.7 18 11 5 12 20% 6137 159895 5369 7%
c u 15.35 83 46 0 45 18156 5 202594 32522 1.7 18 11 5 12 20% 6138 159895 5369 7%
c v 15.39 84 46 0 45 18156 5 202594 32432 1.7 18 11 5 12 20% 6138 159895 5369 7%
c w 15.41 84 46 0 45 18156 5 202594 32426 1.7 18 11 5 12 20% 6138 159895 5369 7%
c = 15.60 88 46 0 45 18156 5 202594 32426 1.7 18 11 5 12 20% 6142 159871 5361 7%
c d 15.60 88 46 0 45 18156 5 202594 32425 1.7 18 11 5 12 20% 6164 159826 5361 7%
c t 15.61 88 46 0 45 18156 5 202594 32425 1.7 18 11 5 12 20% 6161 159826 5361 7%
c u 15.70 97 46 0 45 18156 5 202594 32151 1.7 18 11 5 12 20% 6168 159826 5361 7%
c v 15.75 97 46 0 45 18156 5 202594 31980 1.7 18 11 5 12 20% 6168 159826 5361 7%
c w 15.77 97 46 0 45 18156 5 202594 31974 1.7 18 11 5 12 20% 6168 159826 5361 7%
c = 15.97 100 46 0 45 18156 5 202594 31974 1.7 18 11 5 12 20% 6181 159810 5355 7%
c d 15.97 88 46 0 45 18156 5 202594 31973 1.7 18 11 5 12 20% 6165 159810 5355 7%
c t 15.98 88 46 0 45 18156 5 202594 31973 1.7 18 11 5 12 20% 6145 159810 5355 7%
c - 16.10 90 47 0 46 18257 5 205419 29772 1.7 18 11 5 12 20% 6148 159809 5355 7%
c - 16.43 92 47 0 47 19014 5 212202 26565 1.7 18 11 4 12 20% 6150 159806 5355 7%
c
c seconds  switched     rate          size/glue  tier1     binary        remaining
c        MB  reductions   conflicts         size   tier2      irredundant
c         level   restarts       redundant     glue    trail         variables
c
c - 16.74 79 47 0 48 19780 5 219058 25773 1.7 18 11 4 12 20% 6153 159805 5355 7%
c o 16.86 81 46 0 48 20070 5 222255 28753 1.7 18 11 4 12 20% 6154 159804 5355 7%
c - 17.02 83 46 0 49 20170 5 225986 26017 1.7 18 11 4 12 21% 6157 159802 5355 7%
c - 17.30 87 46 0 50 20897 5 232988 26565 1.7 18 11 4 12 21% 6163 159798 5355 7%
c - 17.59 91 46 0 51 21318 5 240059 27368 1.7 18 11 4 12 21% 6168 159793 5355 7%
c s 17.78 94 46 0 51 21558 5 242419 29585 1.7 18 11 4 12 21% 6186 157960 5355 7%
c e 17.83 97 46 0 51 21558 5 242419 29585 1.7 18 11 4 12 21% 5372 166454 4703 6%
c 2 17.83 97 46 0 51 21558 5 242419 29585 1.7 18 11 4 12 21% 5369 166454 4703 6%
c s 17.92 97 46 0 51 21558 5 242419 29585 1.7 18 11 4 12 21% 5421 163175 4703 6%
c e 17.94 97 46 0 51 21558 5 242419 29585 1.7 18 11 4 12 21% 5346 163918 4652 6%
c ! 17.94 97 46 0 51 21558 5 242419 29585 1.7 18 11 4 12 21% 5346 163918 4652 6%
c u 17.99 97 46 0 51 21558 5 242590 25081 1.7 18 11 4 12 21% 5342 163918 4652 6%
c v 18.02 97 46 0 51 21558 5 242590 24989 1.7 18 11 4 12 21% 5342 163918 4652 6%
c w 18.05 97 46 0 51 21558 5 242590 24979 1.7 18 11 4 12 21% 5342 163918 4652 6%
c x 18.09 98 46 0 51 21558 5 242590 24979 1.7 18 11 4 12 21% 5342 163540 4652 6%
c = 18.31 100 46 0 51 21558 5 242590 24979 1.7 18 11 4 12 21% 5350 163526 4648 6%
c d 18.31 100 46 0 51 21558 5 242590 24977 1.7 18 11 4 12 21% 5340 163526 4648 6%
c t 18.32 100 46 0 51 21558 5 242590 24977 1.7 18 11 4 12 21% 5287 163526 4648 6%
c f 18.36 100 46 0 51 21558 5 242590 24977 1.7 18 11 4 12 21% 5347 161681 4725 6%
c u 18.42 104 46 0 51 21558 5 242590 24658 1.7 18 11 4 12 21% 5347 161681 4725 6%
c
c seconds   switched     rate          size/glue  tier1     binary        remaining
c         MB  reductions   conflicts         size   tier2      irredundant
c          level   restarts       redundant     glue    trail         variables
c
c v 18.48 104 46 0 51 21558 5 242590 24495 1.7 18 11 4 12 21% 5347 161681 4725 6%
c w 18.50 105 46 0 51 21558 5 242590 24486 1.7 18 11 4 12 21% 5347 161681 4725 6%
c = 18.71 108 46 0 51 21558 5 242590 24486 1.7 18 11 4 12 21% 5374 161635 4712 6%
c d 18.71 108 46 0 51 21558 5 242590 24483 1.7 18 11 4 12 21% 5342 161635 4712 6%
c t 18.72 108 46 0 51 21558 5 242590 24483 1.7 18 11 4 12 21% 5334 161635 4712 6%
c f 18.75 108 46 0 51 21558 5 242590 24483 1.7 18 11 4 12 21% 5337 161597 4714 6%
c i 18.77 114 46 0 51 21558 5 243111 24900 1.7 18 11 4 12 21% 5346 161596 4703 6%
c - 18.88 118 46 0 52 21729 4 247200 23736 1.7 18 11 4 12 21% 5350 161425 4703 6%
c - 19.12 119 46 0 53 22134 4 254411 25385 1.7 18 11 4 12 21% 5355 161418 4703 6%
c - 19.36 120 45 0 54 22393 4 261691 26759 1.7 18 11 4 11 21% 5356 161416 4703 6%
c - 19.63 123 45 0 55 23085 4 269039 27324 1.7 18 11 4 11 21% 5358 161408 4703 6%
c - 19.73 107 43 0 56 23209 4 276455 28017 1.7 18 10 4 11 20% 5361 161407 4703 6%
c - 19.80 107 40 0 57 23213 4 283938 29036 1.7 18 10 4 11 19% 5361 161407 4703 6%
c u 19.90 109 40 0 57 23401 4 286605 30858 1.7 18 10 4 11 19% 5362 161406 4703 6%
c v 19.93 110 40 0 57 23401 4 286605 29812 1.7 18 10 4 11 19% 5362 161406 4703 6%
c w 19.94 110 40 0 57 23401 4 286605 29812 1.7 18 10 4 11 19% 5362 161406 4703 6%
c x 19.98 110 40 0 57 23401 4 286605 29810 1.7 18 10 4 11 19% 5362 161091 4703 6%
c = 20.13 113 40 0 57 23401 4 286605 29810 1.7 18 10 4 11 19% 5386 161050 4691 6%
c d 20.13 113 40 0 57 23401 4 286605 29807 1.7 18 10 4 11 19% 5357 161050 4691 6%
c t 20.14 113 40 0 57 23401 4 286605 29807 1.7 18 10 4 11 19% 5346 161050 4691 6%
c
c seconds   switched     rate          size/glue  tier1     binary        remaining
c         MB  reductions   conflicts         size   tier2      irredundant
c          level   restarts       redundant     glue    trail         variables
c
c u 20.18 113 40 0 57 23401 4 286605 29673 1.7 18 10 4 11 19% 5346 161050 4691 6%
c v 20.22 113 40 0 57 23401 4 286605 29085 1.7 18 10 4 11 19% 5346 161050 4691 6%
c w 20.24 113 40 0 57 23401 4 286605 29079 1.7 18 10 4 11 19% 5346 161050 4691 6%
c x 20.27 113 40 0 57 23401 4 286605 29077 1.7 18 10 4 11 19% 5346 161032 4691 6%
c = 20.43 93 40 0 57 23401 4 286605 29077 1.7 18 10 4 11 19% 5352 161010 4687 6%
c d 20.43 93 40 0 57 23401 4 286605 29076 1.7 18 10 4 11 19% 5349 161007 4687 6%
c t 20.44 93 40 0 57 23401 4 286605 29076 1.7 18 10 4 11 19% 5344 161007 4687 6%
c - 20.63 95 41 0 58 23720 4 291487 28968 1.7 17 10 4 11 19% 5347 161004 4687 6%
c o 20.66 95 40 0 58 23796 4 293816 30889 1.7 17 10 4 11 19% 5347 161004 4687 6%
c - 20.93 99 40 0 59 24519 4 299104 30323 1.7 17 10 4 11 19% 5348 161003 4687 6%
c - 21.25 82 40 0 60 25281 4 306785 31269 1.7 18 10 4 11 19% 5352 160996 4687 6%
c - 21.58 84 40 0 61 26231 4 314530 31822 1.7 18 10 4 11 19% 5355 160994 4687 6%
c - 21.91 80 40 0 62 27011 4 322340 32599 1.7 18 10 4 11 19% 5359 160989 4687 6%
c - 22.27 83 40 0 63 27956 4 330215 33126 1.7 18 11 4 11 19% 5362 160985 4687 6%
c u 22.53 86 40 0 63 28475 4 334675 36861 1.7 18 11 4 11 19% 5362 160985 4687 6%
c v 22.59 87 40 0 63 28475 4 334675 36749 1.7 18 11 4 11 19% 5362 160985 4687 6%
c w 22.61 87 40 0 63 28475 4 334675 36744 1.7 18 11 4 11 19% 5362 160985 4687 6%
c x 22.65 88 40 0 63 28475 4 334675 36678 1.7 18 11 4 11 19% 5362 160979 4687 6%
c = 22.91 82 40 0 63 28475 4 334675 36678 1.7 18 11 4 11 19% 5368 160941 4683 6%
c d 22.91 82 40 0 63 28475 4 334675 36676 1.7 18 11 4 11 19% 5366 160934 4683 6%
c
c seconds  switched     rate          size/glue  tier1     binary        remaining
c        MB  reductions   conflicts         size   tier2      irredundant
c         level   restarts       redundant     glue    trail         variables
c
c t 22.92 82 40 0 63 28475 4 334675 36676 1.7 18 11 4 11 19% 5362 160934 4683 6%
c u 23.01 91 40 0 63 28475 4 334675 36318 1.7 18 11 4 11 19% 5412 160934 4683 6%
c v 23.07 91 40 0 63 28475 4 334675 36242 1.7 18 11 4 11 19% 5412 160934 4683 6%
c w 23.09 91 40 0 63 28475 4 334675 36237 1.7 18 11 4 11 19% 5412 160934 4683 6%
c x 23.14 92 40 0 63 28475 4 334675 36237 1.7 18 11 4 11 19% 5412 160389 4683 6%
c = 23.39 86 40 0 63 28475 4 334675 36237 1.7 18 11 4 11 19% 5416 160386 4681 6%
c d 23.39 86 40 0 63 28475 4 334675 36237 1.7 18 11 4 11 19% 5411 160386 4681 6%
c t 23.40 86 40 0 63 28475 4 334675 36237 1.7 18 11 4 11 19% 5376 160386 4681 6%
c - 23.56 88 40 0 64 28934 4 338152 32843 1.7 18 11 4 11 20% 5376 160386 4681 6%
c - 23.88 89 40 0 65 29525 4 346153 33958 1.7 18 11 4 11 20% 5378 160386 4681 6%
c s 24.01 89 40 0 65 29526 4 347119 34835 1.7 18 11 4 11 20% 5398 158980 4681 6%
c e 24.03 91 40 0 65 29526 4 347119 34835 1.7 18 11 4 11 20% 5285 160066 4601 6%
c 2 24.03 91 40 0 65 29526 4 347119 34835 1.7 18 11 4 11 20% 5283 160066 4601 6%
c s 24.13 91 40 0 65 29526 4 347119 34835 1.7 18 11 4 11 20% 5310 159351 4601 6%
c e 24.15 91 40 0 65 29526 4 347119 34835 1.7 18 11 4 11 20% 5290 159520 4590 6%
c - 24.43 93 40 0 66 30173 4 354215 34422 1.7 18 11 4 11 20% 5296 159517 4590 6%
c - 24.74 97 40 0 67 30524 4 362341 35524 1.7 18 11 4 11 20% 5310 159512 4590 6%
c - 25.07 98 39 0 68 30997 4 370526 36463 1.8 19 11 4 11 20% 5311 159508 4590 6%
c o 25.19 100 40 0 68 31117 4 373847 39393 1.8 19 11 4 11 20% 5316 159507 4590 6%
c i 25.20 100 40 0 68 31117 4 373873 39414 1.8 19 11 4 11 20% 5318 159506 4581 6%
c
c seconds   switched     rate          size/glue  tier1     binary        remaining
c         MB  reductions   conflicts         size   tier2      irredundant
c          level   restarts       redundant     glue    trail         variables
c
c i 25.20 100 40 0 68 31117 4 373905 39436 1.8 19 11 4 11 20% 5320 159502 4573 6%
c i 25.20 100 40 0 68 31117 4 373906 39436 1.8 19 11 4 11 20% 5320 159502 4572 6%
c i 25.20 100 40 0 68 31117 4 373907 39436 1.8 19 11 4 11 20% 5320 159502 4571 6%
c - 25.40 102 40 0 69 31605 4 378773 37056 1.8 19 11 4 11 20% 5267 159501 4547 6%
c d 25.75 88 40 0 69 32610 4 386877 44487 1.7 19 11 4 11 20% 5357 158953 4546 6%
c b 25.76 88 40 0 69 32610 4 386877 44487 1.7 19 11 4 11 20% 5357 158953 4536 6%
c u 25.82 89 40 0 69 32610 4 386877 44147 1.7 19 11 4 11 20% 5357 158953 4536 6%
c v 25.88 89 40 0 69 32610 4 386877 44099 1.7 19 11 4 11 20% 5357 158953 4536 6%
c w 25.90 89 40 0 69 32610 4 386877 44098 1.7 19 11 4 11 20% 5357 158953 4536 6%
c x 25.94 89 40 0 69 32610 4 386877 44093 1.7 19 11 4 11 20% 5384 158794 4536 6%
c = 26.20 91 40 0 69 32610 4 386877 44093 1.7 19 11 4 11 20% 5392 158777 4532 6%
c d 26.21 91 40 0 69 32610 4 386877 44093 1.7 19 11 4 11 20% 5382 158777 4532 6%
c t 26.21 91 40 0 69 32610 4 386877 44093 1.7 19 11 4 11 20% 5337 158777 4532 6%
c f 26.24 91 40 0 69 32610 4 386877 44093 1.7 19 11 4 11 20% 5348 158570 4542 6%
c u 26.30 100 40 0 69 32610 4 386877 43650 1.7 19 11 4 11 20% 5348 158570 4542 6%
c v 26.34 100 40 0 69 32610 4 386877 43566 1.7 19 11 4 11 20% 5348 158570 4542 6%
c w 26.38 101 40 0 69 32610 4 386877 43564 1.7 19 11 4 11 20% 5348 158570 4542 6%
c x 26.41 101 40 0 69 32610 4 386877 43563 1.7 19 11 4 11 20% 5348 158435 4542 6%
c = 26.68 103 40 0 69 32610 4 386877 43563 1.7 19 11 4 11 20% 5357 158406 4537 6%
c d 26.68 103 40 0 69 32610 4 386877 43563 1.7 19 11 4 11 20% 5346 158406 4537 6%
c
c seconds   switched     rate          size/glue  tier1     binary        remaining
c         MB  reductions   conflicts         size   tier2      irredundant
c          level   restarts       redundant     glue    trail         variables
c
c t 26.69 103 40 0 69 32610 4 386877 43563 1.7 19 11 4 11 20% 5341 158406 4537 6%
c - 26.73 103 40 0 70 32649 4 387079 36737 1.7 19 11 4 11 20% 5285 158406 4537 6%
c - 27.06 106 39 0 71 33283 4 395445 37102 1.8 19 11 4 11 20% 5287 158405 4537 6%
c - 27.36 107 38 0 72 33848 4 403872 37661 1.8 19 11 4 11 20% 5292 158403 4537 6%
c i 27.50 107 37 0 72 33852 4 409754 42403 1.8 19 11 4 11 20% 5292 158403 4535 6%
c - 27.60 107 37 0 73 34003 4 412357 38472 1.8 19 11 4 11 20% 5286 158403 4535 6%
c i 27.72 110 37 0 73 34262 4 414970 40963 1.8 19 11 4 11 20% 5287 158402 4534 6%
c - 27.98 93 37 0 74 34805 4 420901 39569 1.8 19 11 4 11 20% 5286 158401 4534 6%
c - 28.40 96 36 0 75 35646 4 429503 39762 1.8 19 11 4 11 20% 5286 158399 4534 6%
c - 28.75 84 38 0 76 36180 4 438165 40164 1.8 19 11 4 11 21% 5290 158397 4534 6%
c d 28.98 86 39 0 76 36498 4 443242 44920 1.8 19 11 4 11 21% 5299 158365 4533 6%
c b 28.98 86 39 0 76 36498 4 443242 44920 1.8 19 11 4 11 21% 5299 158365 4531 6%
c u 29.03 87 39 0 76 36498 4 443242 44469 1.8 19 11 4 11 21% 5300 158365 4531 6%
c v 29.10 88 39 0 76 36498 4 443242 44421 1.8 19 11 4 11 21% 5300 158365 4531 6%
c w 29.12 88 39 0 76 36498 4 443242 44417 1.8 19 11 4 11 21% 5300 158365 4531 6%
c x 29.16 88 39 0 76 36498 4 443242 44400 1.8 19 11 4 11 21% 5307 158281 4531 6%
c = 29.46 78 39 0 76 36498 4 443242 44400 1.8 19 11 4 11 21% 5317 158221 4523 6%
c d 29.46 78 39 0 76 36498 4 443242 44398 1.8 19 11 4 11 21% 5315 158193 4523 6%
c t 29.47 78 39 0 76 36498 4 443242 44398 1.8 19 11 4 11 21% 5299 158193 4523 6%
c u 29.54 78 39 0 76 36498 4 443242 44085 1.8 19 11 4 11 21% 5298 158193 4523 6%
c
c seconds  switched     rate          size/glue  tier1     binary        remaining
c        MB  reductions   conflicts         size   tier2      irredundant
c         level   restarts       redundant     glue    trail         variables
c
c v 29.62 78 39 0 76 36498 4 443242 43995 1.8 19 11 4 11 21% 5298 158193 4523 6%
c w 29.64 78 39 0 76 36498 4 443242 43989 1.8 19 11 4 11 21% 5298 158193 4523 6%
c x 29.70 78 39 0 76 36498 4 443242 43942 1.8 19 11 4 11 21% 5298 158187 4523 6%
c = 29.99 78 39 0 76 36498 4 443242 43942 1.8 19 11 4 11 21% 5311 158174 4517 6%
c d 29.99 78 39 0 76 36498 4 443242 43941 1.8 19 11 4 11 21% 5296 158174 4517 6%
c t 30.00 78 39 0 76 36498 4 443242 43941 1.8 19 11 4 11 21% 5291 158174 4517 6%
c - 30.22 80 39 0 77 37021 4 446883 40080 1.8 19 11 4 11 21% 5272 158173 4517 6%
c - 30.59 83 39 0 78 37652 4 455658 41008 1.8 19 11 4 11 21% 5278 158169 4517 6%
c i 30.63 84 39 0 78 37789 4 456442 41750 1.8 19 11 4 11 21% 5279 158168 4515 6%
c o 30.95 79 39 0 78 38395 4 464003 48776 1.8 19 11 4 11 21% 5284 158165 4515 6%
c - 30.98 80 40 0 79 38433 4 464489 41752 1.8 19 11 4 11 21% 5274 158165 4515 6%
c - 31.32 84 40 0 80 39572 4 473377 41891 1.8 19 11 4 11 21% 5279 158162 4515 6%
c s 31.51 84 40 0 80 39572 4 475046 43446 1.8 19 11 4 11 21% 5312 157048 4515 6%
c e 31.52 86 40 0 80 39572 4 475046 43446 1.8 19 11 4 11 21% 5204 157891 4446 6%
c 2 31.52 86 40 0 80 39572 4 475046 43446 1.8 19 11 4 11 21% 5197 157891 4446 6%
c s 31.67 78 40 0 80 39572 4 475046 43446 1.8 19 11 4 11 21% 5220 157205 4446 6%
c e 31.68 78 40 0 80 39572 4 475046 43446 1.8 19 11 4 11 21% 5195 157373 4435 6%
c - 31.93 81 39 0 81 39915 4 482321 41802 1.8 19 11 4 11 21% 5199 157371 4435 6%
c - 32.33 87 40 0 82 40699 4 491322 42288 1.8 19 11 4 11 21% 5202 157368 4435 6%
c - 32.68 85 40 0 83 41188 4 500377 42726 1.8 19 11 4 11 21% 5209 157363 4435 6%
c
c seconds  switched     rate          size/glue  tier1     binary        remaining
c        MB  reductions   conflicts         size   tier2      irredundant
c         level   restarts       redundant     glue    trail         variables
c
c b 32.78 86 39 0 83 41259 4 503863 45904 1.8 19 11 4 11 21% 5219 157353 4432 6%
c u 32.82 87 39 0 83 41259 4 503863 45377 1.8 19 11 4 11 21% 5220 157353 4432 6%
c v 32.88 88 39 0 83 41259 4 503863 44934 1.8 19 11 4 11 21% 5220 157353 4432 6%
c w 32.90 88 39 0 83 41259 4 503863 44445 1.8 19 11 4 11 21% 5220 157353 4432 6%
c x 32.97 88 39 0 83 41259 4 503863 44435 1.8 19 11 4 11 21% 5231 157128 4432 6%
c = 33.27 90 39 0 83 41259 4 503863 44435 1.8 19 11 4 11 21% 5245 157099 4426 6%
c d 33.27 90 39 0 83 41259 4 503863 44431 1.8 19 11 4 11 21% 5230 157099 4426 6%
c t 33.28 90 39 0 83 41259 4 503863 44431 1.8 19 11 4 11 21% 5183 157099 4426 6%
c f 33.31 78 39 0 83 41259 4 503863 44431 1.8 19 11 4 11 21% 5200 156653 4447 6%
c u 33.38 87 39 0 83 41259 4 503863 43947 1.8 19 11 4 11 21% 5201 156653 4447 6%
c v 33.45 88 39 0 83 41259 4 503863 43579 1.8 19 11 4 11 21% 5201 156653 4447 6%
c w 33.48 88 39 0 83 41259 4 503863 43510 1.8 19 11 4 11 21% 5201 156653 4447 6%
c x 33.53 89 39 0 83 41259 4 503863 43501 1.8 19 11 4 11 21% 5201 156336 4447 6%
c = 33.86 91 39 0 83 41259 4 503863 43501 1.8 19 11 4 11 21% 5218 156285 4437 6%
c d 33.87 91 39 0 83 41259 4 503863 43498 1.8 19 11 4 11 21% 5208 156270 4437 6%
c t 33.87 91 39 0 83 41259 4 503863 43498 1.8 19 11 4 11 21% 5198 156270 4437 6%
c - 34.18 74 39 0 84 41909 4 509490 42043 1.8 19 11 4 11 21% 5174 156270 4437 6%
c - 34.54 78 40 0 85 42451 4 518657 43193 1.8 19 11 4 11 21% 5179 156269 4437 6%
c - 34.97 90 40 0 86 42941 4 527876 45017 1.8 19 11 4 11 21% 5181 156262 4437 6%
c - 35.24 93 38 0 87 43118 4 537149 45863 1.8 19 11 4 11 21% 5195 156262 4437 6%
c
c seconds  switched     rate          size/glue  tier1     binary        remaining
c        MB  reductions   conflicts         size   tier2      irredundant
c         level   restarts       redundant     glue    trail         variables
c
c - 35.75 81 39 0 88 44326 4 546477 45727 1.8 19 11 4 11 22% 5200 156262 4437 6%
c - 36.18 85 38 0 89 45109 4 555859 45260 1.8 19 11 4 11 22% 5204 156260 4437 6%
c - 36.45 89 37 0 90 45346 4 565292 45495 1.8 19 11 4 11 21% 5207 156259 4437 6%
c o 36.46 89 37 0 90 45350 4 565758 45907 1.8 19 11 4 11 21% 5207 156259 4437 6%
c u 36.70 101 37 0 90 45855 4 568766 48105 1.8 19 11 4 11 21% 5237 156256 4437 6%
c v 36.77 101 37 0 90 45855 4 568766 47899 1.8 19 11 4 11 21% 5237 156256 4437 6%
c w 36.79 101 37 0 90 45855 4 568766 47893 1.8 19 11 4 11 21% 5237 156256 4437 6%
c x 36.84 101 37 0 90 45855 4 568766 47879 1.8 19 11 4 11 21% 5237 155723 4437 6%
c = 37.00 104 37 0 90 45855 4 568766 47879 1.8 19 11 4 11 21% 5242 155657 4425 6%
c d 37.00 104 37 0 90 45855 4 568766 47874 1.8 19 11 4 11 21% 5286 155575 4425 6%
c t 37.01 104 37 0 90 45855 4 568766 47874 1.8 19 11 4 11 21% 5250 155575 4424 6%
c f 37.02 104 37 0 90 45855 4 568766 47874 1.8 19 11 4 11 21% 5253 155535 4426 6%
c u 37.11 111 37 0 90 45855 4 568766 47399 1.8 19 11 4 11 21% 5256 155517 4426 6%
c v 37.16 111 37 0 90 45855 4 568766 47210 1.8 19 11 4 11 21% 5256 155517 4426 6%
c w 37.18 111 37 0 90 45855 4 568766 47198 1.8 19 11 4 11 21% 5256 155517 4426 6%
c x 37.24 112 37 0 90 45855 4 568766 47185 1.8 19 11 4 11 21% 5256 155248 4426 6%
c = 37.58 113 37 0 90 45855 4 568766 47185 1.8 19 11 4 11 21% 5264 155231 4422 6%
c d 37.58 113 37 0 90 45855 4 568766 47181 1.8 19 11 4 11 21% 5256 155231 4422 6%
c t 37.60 113 37 0 90 45855 4 568766 47181 1.8 19 11 4 11 21% 5252 155231 4422 6%
c - 37.88 114 37 0 91 46430 4 574781 44528 1.8 19 11 4 11 21% 5187 155231 4422 6%
c
c seconds   switched     rate          size/glue  tier1     binary        remaining
c         MB  reductions   conflicts         size   tier2      irredundant
c          level   restarts       redundant     glue    trail         variables
c
c - 38.24 114 37 0 92 47248 4 584320 44870 1.8 19 11 4 11 21% 5191 155231 4422 6%
c - 38.55 116 36 0 93 47590 4 593911 45608 1.8 20 11 4 11 21% 5200 155231 4422 6%
c - 38.92 103 37 0 94 48307 4 603554 46472 1.8 19 11 4 11 22% 5202 155227 4422 6%
c - 39.40 82 37 0 95 49322 4 613249 47223 1.8 20 11 4 11 22% 5209 155225 4422 6%
c - 39.85 86 37 0 96 50133 4 622997 47783 1.8 20 11 4 11 22% 5211 155222 4422 6%
c s 40.19 86 36 0 96 50342 4 627659 51921 1.8 20 11 4 11 22% 5243 154180 4422 6%
c e 40.20 88 36 0 96 50342 4 627659 51921 1.8 20 11 4 11 22% 5120 154873 4370 6%
c 2 40.20 88 36 0 96 50342 4 627659 51921 1.8 20 11 4 11 22% 5112 154873 4370 6%
c s 40.37 88 36 0 96 50342 4 627659 51921 1.8 20 11 4 11 22% 5142 154345 4370 6%
c e 40.38 88 36 0 96 50342 4 627659 51921 1.8 20 11 4 11 22% 5123 154449 4363 6%
c - 40.62 89 36 0 97 50520 4 632794 40955 1.8 20 11 3 11 22% 5127 154446 4363 6%
c i 40.80 91 37 0 97 50987 4 637189 44927 1.8 20 11 3 11 22% 5136 154445 4338 6%
c b 40.83 93 36 0 97 51018 4 638018 45456 1.8 20 11 3 11 22% 5179 154046 4301 5%
c u 40.90 94 36 0 97 51018 4 638018 45050 1.8 20 11 3 11 22% 5182 154046 4301 5%
c v 40.97 94 36 0 97 51018 4 638018 44936 1.8 20 11 3 11 22% 5182 154046 4301 5%
c w 40.99 94 36 0 97 51018 4 638018 44932 1.8 20 11 3 11 22% 5182 154046 4301 5%
c x 41.05 83 36 0 97 51018 4 638018 44924 1.8 20 11 3 11 22% 5242 153319 4301 5%
c = 41.40 84 36 0 97 51018 4 638018 44924 1.8 20 11 3 11 22% 5313 153077 4257 5%
c d 41.40 84 36 0 97 51018 4 638018 44918 1.8 20 11 3 11 22% 5316 153021 4257 5%
c d 41.40 84 36 0 97 51018 4 638018 44918 1.8 20 11 3 11 22% 5312 153011 4255 5%
c
c seconds  switched     rate          size/glue  tier1     binary        remaining
c        MB  reductions   conflicts         size   tier2      irredundant
c         level   restarts       redundant     glue    trail         variables
c
c t 41.41 84 36 0 97 51018 4 638018 44918 1.8 20 11 3 11 22% 5260 153011 4253 5%
c f 41.44 84 36 0 97 51018 4 638018 44918 1.8 20 11 3 11 22% 5243 152801 4263 5%
c b 41.45 90 36 0 97 51018 4 638018 44918 1.8 20 11 3 11 22% 5252 152779 4261 5%
c u 41.52 94 36 0 97 51018 4 638018 44362 1.8 20 11 3 11 22% 5259 152779 4229 5%
c v 41.58 94 36 0 97 51018 4 638018 44156 1.8 20 11 3 11 22% 5259 152779 4229 5%
c w 41.61 94 36 0 97 51018 4 638018 44142 1.8 20 11 3 11 22% 5259 152779 4229 5%
c x 41.65 95 36 0 97 51018 4 638018 44135 1.8 20 11 3 11 22% 5323 152119 4229 5%
c = 41.98 97 36 0 97 51018 4 638018 44135 1.8 20 11 3 11 22% 5339 152013 4219 5%
c d 41.99 97 36 0 97 51018 4 638018 43984 1.8 20 11 3 11 22% 5322 152002 4217 5%
c t 41.99 97 36 0 97 51018 4 638018 43984 1.8 20 11 3 11 22% 5315 152002 4211 5%
c i 42.01 97 36 0 97 51018 4 638018 43984 1.8 20 11 3 11 22% 5314 152002 4211 5%
c - 42.22 100 36 0 98 51387 4 642642 38159 1.8 20 11 3 11 22% 5086 151906 4211 5%
c - 42.50 82 35 0 99 51649 4 652541 38342 1.8 19 11 3 11 21% 5087 151901 4211 5%
c - 42.78 85 34 0 100 51962 4 662491 37789 1.8 19 11 3 11 21% 5088 151901 4211 5%
c i 43.04 86 34 0 100 52491 4 669856 44610 1.8 19 11 3 11 22% 5094 151895 4208 5%
c - 43.18 89 34 0 101 52767 4 672491 37083 1.8 19 11 3 11 22% 5079 151893 4201 5%
c o 43.29 90 33 0 101 52997 4 675814 40177 1.8 19 11 3 11 22% 5080 151893 4201 5%
c - 43.60 88 34 0 102 53667 4 682542 37275 1.8 19 11 3 11 22% 5081 151887 4201 5%
c - 43.97 99 34 0 103 54646 4 692643 37319 1.8 20 11 3 11 22% 5083 151887 4201 5%
c - 44.38 95 35 0 104 55465 4 702792 37910 1.8 20 11 3 11 23% 5088 151881 4201 5%
c
c seconds  switched      rate          size/glue  tier1     binary        remaining
c        MB  reductions    conflicts         size   tier2      irredundant
c         level    restarts       redundant     glue    trail         variables
c
c d 44.68 83 35 0 104 56031 4 711628 46040 1.8 20 11 3 11 23% 5088 151707 4194 5%
c b 44.69 83 35 0 104 56031 4 711628 46040 1.8 20 11 3 11 23% 5088 151707 4191 5%
c u 44.74 73 35 0 104 56031 4 711628 45585 1.8 20 11 3 11 23% 5102 151707 4191 5%
c v 44.81 73 35 0 104 56031 4 711628 45503 1.8 20 11 3 11 23% 5102 151707 4191 5%
c w 44.84 73 35 0 104 56031 4 711628 45446 1.8 20 11 3 11 23% 5102 151707 4191 5%
c x 44.88 75 35 0 104 56031 4 711628 45442 1.8 20 11 3 11 23% 5108 151613 4191 5%
c d 45.21 77 35 0 104 56031 4 711628 45442 1.8 20 11 3 11 23% 5106 151612 4190 5%
c t 45.22 77 35 0 104 56031 4 711628 45442 1.8 20 11 3 11 23% 5092 151612 4188 5%
c f 45.23 77 35 0 104 56031 4 711628 45442 1.8 20 11 3 11 23% 5092 151592 4189 5%
c b 45.24 77 35 0 104 56031 4 711628 45442 1.8 20 11 3 11 23% 5101 151575 4187 5%
c u 45.31 78 35 0 104 56031 4 711628 44992 1.8 20 11 3 11 23% 5101 151575 4187 5%
c v 45.37 79 35 0 104 56031 4 711628 44870 1.8 20 11 3 11 23% 5101 151575 4187 5%
c w 45.39 79 35 0 104 56031 4 711628 44729 1.8 20 11 3 11 23% 5101 151575 4187 5%
c x 45.45 78 35 0 104 56031 4 711628 44700 1.8 20 11 3 11 23% 5108 151342 4187 5%
c d 45.45 78 35 0 104 56031 4 711628 44700 1.8 20 11 3 11 23% 5106 151336 4186 5%
c t 45.46 78 35 0 104 56031 4 711628 44700 1.8 20 11 3 11 23% 5105 151336 4184 5%
c - 45.55 78 35 0 105 56226 4 712990 37617 1.8 20 11 3 11 23% 5068 151334 4184 5%
c - 45.99 78 36 0 106 56795 4 723237 38710 1.8 20 11 3 11 23% 5068 151330 4184 5%
c - 46.43 66 36 0 107 57806 4 733532 39365 1.8 20 11 3 11 23% 5074 151330 4184 5%
c - 46.71 69 35 0 108 57961 4 743876 39078 1.8 20 11 3 11 23% 5076 151330 4184 5%
c
c seconds  switched      rate          size/glue  tier1     binary        remaining
c        MB  reductions    conflicts         size   tier2      irredundant
c         level    restarts       redundant     glue    trail         variables
c
c - 47.11 73 35 0 109 58433 4 754268 40529 1.9 20 11 3 11 23% 5083 151329 4184 5%
c - 47.49 74 35 0 110 59015 3 764708 41287 1.9 20 11 3 11 23% 5085 151326 4184 5%
c - 47.88 66 34 0 111 59934 4 775196 40669 1.9 20 11 3 11 23% 5087 151324 4184 5%
c - 48.36 70 34 0 112 61108 4 785733 40574 1.9 20 11 3 11 23% 5089 151319 4184 5%
c b 48.55 73 34 0 112 61609 4 789681 44320 1.8 20 11 3 11 23% 5098 151295 4182 5%
c u 48.62 74 34 0 112 61609 4 789681 43915 1.8 20 11 3 11 23% 5098 151295 4182 5%
c v 48.69 74 34 0 112 61609 4 789681 43740 1.8 20 11 3 11 23% 5098 151295 4182 5%
c w 48.73 74 34 0 112 61609 4 789681 43736 1.8 20 11 3 11 23% 5098 151295 4182 5%
c x 48.77 74 34 0 112 61609 4 789681 43731 1.8 20 11 3 11 23% 5103 150720 4182 5%
c = 49.14 76 34 0 112 61609 4 789681 43731 1.8 20 11 3 11 23% 5105 150713 4180 5%
c d 49.15 76 34 0 112 61609 4 789681 43731 1.8 20 11 3 11 23% 5110 150703 4180 5%
c t 49.16 76 34 0 112 61609 4 789681 43731 1.8 20 11 3 11 23% 5099 150703 4180 5%
c u 49.25 76 34 0 112 61609 4 789681 43149 1.8 20 11 3 11 23% 5099 150703 4180 5%
c v 49.32 76 34 0 112 61609 4 789681 42896 1.8 20 11 3 11 23% 5099 150703 4180 5%
c w 49.36 76 34 0 112 61609 4 789681 42892 1.8 20 11 3 11 23% 5099 150703 4180 5%
c x 49.42 76 34 0 112 61609 4 789681 42881 1.8 20 11 3 11 23% 5099 150651 4180 5%
c = 49.77 60 34 0 112 61609 4 789681 42881 1.8 20 11 3 11 23% 5105 150646 4177 5%
c d 49.78 60 34 0 112 61609 4 789681 42880 1.8 20 11 3 11 23% 5098 150646 4177 5%
c t 49.78 60 34 0 112 61609 4 789681 42880 1.8 20 11 3 11 23% 5096 150646 4177 5%
c - 50.06 62 34 0 113 62094 4 796316 39455 1.8 20 11 3 11 23% 5087 150646 4177 5%
c
c seconds  switched      rate          size/glue  tier1     binary        remaining
c        MB  reductions    conflicts         size   tier2      irredundant
c         level    restarts       redundant     glue    trail         variables
c
c o 50.13 62 34 0 113 62119 4 798137 41143 1.9 20 11 3 11 23% 5087 150646 4177 5%
c i 50.27 64 34 0 113 62241 4 801490 44225 1.9 20 11 3 11 23% 5089 150646 4149 5%
c s 50.60 49 33 0 113 62339 4 806226 48663 1.9 20 11 3 11 23% 5117 149776 4149 5%
c e 50.61 52 33 0 113 62339 4 806226 48663 1.9 20 11 3 11 23% 4901 151242 4019 5%
c 2 50.61 52 33 0 113 62339 4 806226 48663 1.9 20 11 3 11 23% 4898 151242 4019 5%
c s 50.78 52 33 0 113 62339 4 806226 48663 1.9 20 11 3 11 23% 4922 149886 4019 5%
c e 50.79 52 33 0 113 62339 4 806226 48663 1.9 20 11 3 11 23% 4899 150018 4008 5%
c - 50.84 52 33 0 114 62372 4 806946 39633 1.9 20 11 3 11 23% 4872 150018 4008 5%
c - 51.35 55 33 0 115 63475 4 817623 40183 1.9 20 11 3 11 23% 4875 150013 4008 5%
c - 51.75 59 33 0 116 64330 4 828347 39792 1.9 20 11 3 11 23% 4877 150012 4008 5%
c - 52.14 63 33 0 117 65001 4 839117 39619 1.9 20 11 3 11 23% 4878 150011 4008 5%
c - 52.59 67 32 0 118 66060 4 849933 39912 1.9 20 11 3 11 23% 4881 150008 4008 5%
c - 52.93 58 32 0 119 66495 4 860796 40447 1.9 20 11 3 11 23% 4890 150003 4008 5%
c - 53.37 64 32 0 120 67308 4 871704 41366 1.9 20 11 3 11 23% 4894 150001 4008 5%
c c 53.40 70 32 0 120 67308 4 872228 41864 1.9 20 11 3 11 23% 4912 149985 4007 5%
c d 53.41 70 32 0 120 67308 4 872228 41863 1.9 20 11 3 11 23% 4933 149962 4007 5%
c u 53.47 60 32 0 120 67308 4 872228 41207 1.9 20 11 3 11 23% 4931 149962 4007 5%
c v 53.55 61 32 0 120 67308 4 872228 41111 1.9 20 11 3 11 23% 4931 149962 4007 5%
c w 53.56 61 32 0 120 67308 4 872228 41092 1.9 20 11 3 11 23% 4931 149962 4007 5%
c x 53.62 62 32 0 120 67308 4 872228 41086 1.9 20 11 3 11 23% 4931 149787 4007 5%
c
c seconds  switched      rate          size/glue  tier1     binary        remaining
c        MB  reductions    conflicts         size   tier2      irredundant
c         level    restarts       redundant     glue    trail         variables
c
c = 53.99 64 32 0 120 67308 4 872228 41086 1.9 20 11 3 11 23% 4978 149733 3986 5%
c d 53.99 64 32 0 120 67308 4 872228 41064 1.9 20 11 3 11 23% 4929 149733 3986 5%
c t 54.00 64 32 0 120 67308 4 872228 41064 1.9 20 11 3 11 23% 4870 149733 3986 5%
c f 54.03 64 32 0 120 67308 4 872228 41064 1.9 20 11 3 11 23% 4861 149429 4000 5%
c u 54.12 73 32 0 120 67308 4 872228 40547 1.9 20 11 3 11 23% 4861 149429 4000 5%
c v 54.19 60 32 0 120 67308 4 872228 40454 1.9 20 11 3 11 23% 4861 149429 4000 5%
c w 54.21 60 32 0 120 67308 4 872228 40447 1.9 20 11 3 11 23% 4861 149429 4000 5%
c x 54.27 61 32 0 120 67308 4 872228 40437 1.9 20 11 3 11 23% 4861 149156 4000 5%
c = 54.66 62 32 0 120 67308 4 872228 40437 1.9 20 11 3 11 23% 4867 149146 3997 5%
c d 54.66 62 32 0 120 67308 4 872228 40436 1.9 20 11 3 11 23% 4859 149146 3997 5%
c t 54.67 62 32 0 120 67308 4 872228 40436 1.9 20 11 3 11 23% 4858 149146 3997 5%
c - 55.04 48 31 0 121 67775 4 882660 39811 1.9 20 11 3 10 23% 4862 149145 3997 5%
c - 55.43 51 31 0 122 68447 4 893661 39806 1.9 20 11 3 10 23% 4865 149143 3997 5%
c - 55.91 54 31 0 123 69055 4 904708 40430 1.9 20 11 3 10 23% 4866 149138 3997 5%
c - 56.42 60 32 0 124 70497 4 915799 40958 1.9 20 11 3 10 23% 4870 149136 3997 5%
c - 56.95 59 32 0 125 71856 4 926934 40549 1.8 20 11 3 10 23% 4873 149127 3997 5%
c o 57.02 60 33 0 125 72052 4 928141 41713 1.8 20 11 3 10 23% 4873 149127 3997 5%
c - 57.38 62 32 0 126 72320 4 938114 41197 1.9 20 11 3 10 23% 4875 149127 3997 5%
c - 57.80 55 32 0 127 73337 4 949339 41911 1.9 20 11 3 10 23% 4876 149123 3997 5%
c u 58.22 59 31 0 127 73675 4 959301 49945 1.9 20 11 3 10 23% 4879 149120 3997 5%
c
c seconds  switched      rate          size/glue  tier1     binary        remaining
c        MB  reductions    conflicts         size   tier2      irredundant
c         level    restarts       redundant     glue    trail         variables
c
c v 58.31 59 31 0 127 73675 4 959301 49481 1.9 20 11 3 10 23% 4879 149120 3997 5%
c w 58.33 59 31 0 127 73675 4 959301 49303 1.9 20 11 3 10 23% 4879 149120 3997 5%
c x 58.39 60 31 0 127 73675 4 959301 49298 1.9 20 11 3 10 23% 4879 148983 3997 5%
c = 58.81 53 31 0 127 73675 4 959301 49298 1.9 20 11 3 10 23% 4883 148749 3974 5%
c d 58.81 53 31 0 127 73675 4 959301 49297 1.9 20 11 3 10 23% 4880 148606 3974 5%
c t 58.82 53 31 0 127 73675 4 959301 49297 1.9 20 11 3 10 23% 4873 148606 3974 5%
c b 58.82 53 31 0 127 73675 4 959301 49297 1.9 20 11 3 10 23% 4873 148606 3973 5%
c b 58.84 53 31 0 127 73675 4 959301 49297 1.9 20 11 3 10 23% 4875 148592 3972 5%
c u 58.91 53 31 0 127 73675 4 959301 48677 1.9 20 11 3 10 23% 4875 148592 3972 5%
c v 58.99 53 31 0 127 73675 4 959301 48454 1.9 20 11 3 10 23% 4875 148592 3972 5%
c w 59.03 53 31 0 127 73675 4 959301 48405 1.9 20 11 3 10 23% 4875 148592 3972 5%
c x 59.09 53 31 0 127 73675 4 959301 48403 1.9 20 11 3 10 23% 4876 148470 3972 5%
c = 59.50 53 31 0 127 73675 4 959301 48403 1.9 20 11 3 10 23% 4893 148440 3964 5%
c d 59.51 53 31 0 127 73675 4 959301 48401 1.9 20 11 3 10 23% 4873 148440 3964 5%
c t 59.51 53 31 0 127 73675 4 959301 48401 1.9 20 11 3 10 23% 4865 148440 3964 5%
c - 59.58 53 31 0 128 73693 4 960608 40471 1.9 20 11 3 10 23% 4834 148440 3964 5%
c - 60.13 58 32 0 129 74738 4 971922 40943 1.9 20 11 3 10 23% 4839 148436 3964 5%
c - 60.55 54 31 0 130 75602 4 983280 41089 1.8 20 11 3 10 23% 4840 148435 3964 5%
c - 60.91 54 29 0 131 75602 3 994684 41695 1.8 20 11 3 10 22% 4840 148435 3964 5%
c - 61.22 47 28 0 132 75602 3 1006131 43003 1.9 19 11 3 10 21% 4840 148435 3964 5%
c
c seconds  switched      rate           size/glue  tier1     binary        remaining
c        MB  reductions     conflicts         size   tier2      irredundant
c         level    restarts        redundant     glue    trail         variables
c
c s 61.63 50 28 0 132 76100 3 1011957 48467 1.9 20 11 3 10 21% 4864 147589 3964 5%
c e 61.64 52 28 0 132 76100 3 1011957 48467 1.9 20 11 3 10 21% 4778 148517 3889 5%
c 2 61.64 52 28 0 132 76100 3 1011957 48467 1.9 20 11 3 10 21% 4775 148517 3889 5%
c s 61.86 52 28 0 132 76100 3 1011957 48467 1.9 20 11 3 10 21% 4788 147565 3889 5%
c e 61.87 52 28 0 132 76100 3 1011957 48467 1.9 20 11 3 10 21% 4757 147759 3875 5%
c - 62.16 55 28 0 133 76664 3 1017622 43783 1.9 20 11 3 10 21% 4758 147759 3875 5%
c - 62.69 60 28 0 134 77942 3 1029154 43211 1.8 20 11 3 10 21% 4762 147757 3875 5%
c - 63.17 57 28 0 135 78976 3 1040730 42917 1.8 20 11 3 10 21% 4764 147756 3875 5%
c u 63.67 61 29 0 135 79931 4 1050966 51424 1.8 20 11 3 10 22% 4763 147756 3875 5%
c v 63.76 61 29 0 135 79931 4 1050966 51309 1.8 20 11 3 10 22% 4763 147756 3875 5%
c w 63.79 61 29 0 135 79931 4 1050966 51294 1.8 20 11 3 10 22% 4763 147756 3875 5%
c x 63.87 55 29 0 135 79931 4 1050966 51292 1.8 20 11 3 10 22% 4763 147745 3875 5%
c = 64.30 57 29 0 135 79931 4 1050966 51292 1.8 20 11 3 10 22% 4791 147703 3861 5%
c d 64.31 57 29 0 135 79931 4 1050966 51284 1.8 20 11 3 10 22% 4757 147703 3861 5%
c t 64.31 57 29 0 135 79931 4 1050966 51284 1.8 20 11 3 10 22% 4707 147703 3861 5%
c f 64.34 57 29 0 135 79931 4 1050966 51284 1.8 20 11 3 10 22% 4707 147340 3877 5%
c u 64.47 67 29 0 135 79931 4 1050966 50208 1.8 20 11 3 10 22% 4707 147340 3877 5%
c v 64.60 68 29 0 135 79931 4 1050966 49622 1.8 20 11 3 10 22% 4707 147340 3877 5%
c w 64.64 68 29 0 135 79931 4 1050966 49571 1.8 20 11 3 10 22% 4707 147340 3877 5%
c = 65.08 70 29 0 135 79931 4 1050966 49571 1.8 20 11 3 10 22% 4744 147260 3857 5%
c
c seconds  switched      rate           size/glue  tier1     binary        remaining
c        MB  reductions     conflicts         size   tier2      irredundant
c         level    restarts        redundant     glue    trail         variables
c
c d 65.08 70 29 0 135 79931 4 1050966 49555 1.8 20 11 3 10 22% 4707 147245 3857 5%
c t 65.09 70 29 0 135 79931 4 1050966 49555 1.8 20 11 3 10 22% 4696 147245 3857 5%
c - 65.15 69 28 0 136 79932 3 1052349 40515 1.8 20 11 3 10 22% 4684 147245 3857 5%
c - 65.71 65 30 0 137 81419 4 1064010 41032 1.8 20 11 3 10 22% 4686 147245 3857 5%
c o 65.90 68 31 0 137 81933 4 1068156 44971 1.8 20 11 3 10 22% 4688 147245 3857 5%
c - 66.14 69 30 0 138 82012 4 1075716 41584 1.8 20 11 3 10 22% 4688 147245 3857 5%
c - 66.59 55 29 0 139 82886 4 1087464 41673 1.8 20 11 3 10 22% 4692 147245 3857 5%
c - 67.11 59 29 0 140 83766 4 1099255 41628 1.8 20 11 3 10 22% 4693 147245 3857 5%
c - 67.52 63 29 0 141 84523 4 1111088 41680 1.8 20 11 3 10 22% 4698 147244 3857 5%
c - 67.95 69 29 0 142 85375 4 1122962 42167 1.8 20 11 3 10 23% 4702 147244 3857 5%
c - 68.45 59 30 0 143 86616 4 1134881 42107 1.8 20 11 3 10 23% 4705 147244 3857 5%
c - 68.97 55 30 0 144 87694 4 1146839 42274 1.8 20 11 3 10 23% 4706 147243 3857 5%
c b 69.00 56 31 0 144 87697 4 1147235 42624 1.8 20 11 3 10 23% 4706 147243 3854 5%
c u 69.06 57 31 0 144 87697 4 1147235 41639 1.8 20 11 3 10 23% 4706 147243 3854 5%
c v 69.13 58 31 0 144 87697 4 1147235 41350 1.8 20 11 3 10 23% 4706 147243 3854 5%
c w 69.17 58 31 0 144 87697 4 1147235 41340 1.8 20 11 3 10 23% 4706 147243 3854 5%
c x 69.24 59 31 0 144 87697 4 1147235 41337 1.8 20 11 3 10 23% 4717 147155 3854 5%
c = 69.69 53 31 0 144 87697 4 1147235 41337 1.8 20 11 3 10 23% 4749 147097 3837 5%
c d 69.69 53 31 0 144 87697 4 1147235 41331 1.8 20 11 3 10 23% 4720 147078 3837 5%
c t 69.70 53 31 0 144 87697 4 1147235 41331 1.8 20 11 3 10 23% 4696 147078 3833 5%
c
c seconds  switched      rate           size/glue  tier1     binary        remaining
c        MB  reductions     conflicts         size   tier2      irredundant
c         level    restarts        redundant     glue    trail         variables
c
c u 69.79 53 31 0 144 87697 4 1147235 40477 1.8 20 11 3 10 23% 4708 147039 3833 5%
c v 69.88 53 31 0 144 87697 4 1147235 40122 1.8 20 11 3 10 23% 4708 147039 3833 5%
c w 69.91 53 31 0 144 87697 4 1147235 40107 1.8 20 11 3 10 23% 4708 147039 3833 5%
c x 69.97 54 31 0 144 87697 4 1147235 40104 1.8 20 11 3 10 23% 4708 147008 3833 5%
c = 70.44 51 31 0 144 87697 4 1147235 40104 1.8 20 11 3 10 23% 4749 146957 3814 5%
c d 70.45 51 31 0 144 87697 4 1147235 40093 1.8 20 11 3 10 23% 4702 146957 3814 5%
c t 70.46 51 31 0 144 87697 4 1147235 40093 1.8 20 11 3 10 23% 4685 146957 3814 5%
c - 71.00 55 31 0 145 88661 4 1158840 40922 1.8 20 11 3 10 23% 4651 146956 3814 5%
c - 71.35 58 30 0 146 89018 3 1170881 41782 1.8 20 11 3 10 23% 4651 146956 3814 5%
c - 71.65 59 28 0 147 89117 3 1182965 42017 1.8 19 11 3 10 23% 4651 146956 3814 5%
c i 71.85 61 28 0 147 89433 3 1188702 47330 1.8 19 11 3 10 23% 4653 146956 3799 5%
c i 71.85 61 28 0 147 89433 3 1188703 47330 1.8 19 11 3 10 23% 4653 146956 3745 5%
c - 72.04 62 27 0 148 89558 3 1195092 42404 1.8 19 11 3 10 23% 4563 146956 3745 5%
c - 72.60 60 28 0 149 91131 3 1207257 42108 1.8 19 11 3 10 23% 4564 146956 3745 5%
c - 73.02 55 28 0 150 91834 3 1219463 41798 1.8 19 11 3 10 23% 4566 146956 3745 5%
c o 73.06 55 27 0 150 91838 3 1220874 42875 1.8 19 11 3 10 23% 4566 146956 3745 5%
c - 73.47 59 27 0 151 92678 3 1231710 41667 1.8 19 11 3 10 23% 4568 146955 3745 5%
c - 73.98 63 28 0 152 93535 3 1244001 42852 1.8 19 11 3 10 23% 4570 146955 3745 5%
c s 74.27 64 28 0 152 93777 3 1246090 44846 1.8 19 11 3 10 23% 4602 145346 3745 5%
c e 74.29 68 28 0 152 93777 3 1246090 44846 1.8 19 11 3 10 23% 4485 146175 3680 5%
c
c seconds  switched      rate           size/glue  tier1     binary        remaining
c        MB  reductions     conflicts         size   tier2      irredundant
c         level    restarts        redundant     glue    trail         variables
c
c 2 74.29 68 28 0 152 93777 3 1246090 44846 1.8 19 11 3 10 23% 4484 146175 3680 5%
c s 74.53 68 28 0 152 93777 3 1246090 44846 1.8 19 11 3 10 23% 4505 145646 3680 5%
c e 74.54 68 28 0 152 93777 3 1246090 44846 1.8 19 11 3 10 23% 4487 145762 3670 5%
c b 74.61 68 28 0 152 93812 3 1248176 46322 1.8 19 11 3 10 23% 4513 145737 3665 5%
c u 74.67 70 28 0 152 93812 3 1248176 45618 1.8 19 11 3 10 23% 4512 145737 3665 5%
c v 74.76 70 28 0 152 93812 3 1248176 45473 1.8 19 11 3 10 23% 4512 145737 3665 5%
c w 74.78 70 28 0 152 93812 3 1248176 45454 1.8 19 11 3 10 23% 4512 145737 3665 5%
c x 74.84 59 28 0 152 93812 3 1248176 45454 1.8 19 11 3 10 23% 4517 145641 3665 5%
c = 75.30 61 28 0 152 93812 3 1248176 45454 1.8 19 11 3 10 23% 4528 145617 3659 5%
c d 75.31 61 28 0 152 93812 3 1248176 45449 1.8 19 11 3 10 23% 4520 145613 3659 5%
c t 75.31 61 28 0 152 93812 3 1248176 45449 1.8 19 11 3 10 23% 4492 145613 3658 5%
c f 75.34 61 28 0 152 93812 3 1248176 45449 1.8 19 11 3 10 23% 4506 145333 3671 5%
c u 75.46 69 28 0 152 93812 3 1248176 44438 1.8 19 11 3 10 23% 4500 145326 3671 5%
c v 75.53 70 28 0 152 93812 3 1248176 44145 1.8 19 11 3 10 23% 4500 145326 3671 5%
c w 75.56 70 28 0 152 93812 3 1248176 44094 1.8 19 11 3 10 23% 4500 145326 3671 5%
c x 75.62 63 28 0 152 93812 3 1248176 44088 1.8 19 11 3 10 23% 4500 145320 3671 5%
c = 75.83 64 28 0 152 93812 3 1248176 44088 1.8 19 11 3 10 23% 4507 145293 3667 5%
c d 75.84 64 28 0 152 93812 3 1248176 44088 1.8 19 11 3 10 23% 4499 145293 3667 5%
c t 75.84 64 28 0 152 93812 3 1248176 44088 1.8 19 11 3 10 23% 4491 145293 3667 5%
c - 76.20 68 28 0 153 94597 3 1256329 41316 1.8 20 11 3 10 23% 4484 145293 3667 5%
c
c seconds  switched      rate           size/glue  tier1     binary        remaining
c        MB  reductions     conflicts         size   tier2      irredundant
c         level    restarts        redundant     glue    trail         variables
c
c - 76.67 59 29 0 154 95453 3 1268698 41576 1.8 20 11 3 10 23% 4485 145293 3667 5%
c - 77.13 51 28 0 155 96277 3 1281107 41515 1.8 20 11 3 10 23% 4486 145293 3667 5%
c - 77.61 56 29 0 156 97265 3 1293557 42068 1.8 20 11 3 10 23% 4488 145293 3667 5%
c - 77.93 56 27 0 157 97269 3 1306047 42101 1.8 20 11 3 10 23% 4488 145293 3667 5%
c - 78.24 56 25 0 158 97270 3 1318578 42592 1.9 20 11 3 10 23% 4488 145293 3667 5%
c - 78.67 49 29 0 159 97529 3 1331147 44416 1.9 20 11 3 10 22% 4490 145293 3667 5%
c - 79.21 54 29 0 160 99151 3 1343756 44245 1.8 20 11 3 10 22% 4492 145293 3667 5%
c u 79.71 60 29 0 160 100096 3 1353809 52862 1.8 20 11 3 10 23% 4493 145293 3667 5%
c v 79.82 60 29 0 160 100096 3 1353809 52599 1.8 20 11 3 10 23% 4493 145293 3667 5%
c w 79.86 60 29 0 160 100096 3 1353809 52570 1.8 20 11 3 10 23% 4493 145293 3667 5%
c x 79.92 61 29 0 160 100096 3 1353809 52565 1.8 20 11 3 10 23% 4493 145165 3667 5%
c = 80.35 54 29 0 160 100096 3 1353809 52565 1.8 20 11 3 10 23% 4527 145112 3650 5%
c d 80.35 54 29 0 160 100096 3 1353809 52557 1.8 20 11 3 10 23% 4489 145110 3650 5%
c t 80.36 54 29 0 160 100096 3 1353809 52557 1.8 20 11 3 10 23% 4473 145110 3650 5%
c u 80.47 54 29 0 160 100096 3 1353809 51831 1.8 20 11 3 10 23% 4474 145110 3650 5%
c v 80.56 54 29 0 160 100096 3 1353809 51666 1.8 20 11 3 10 23% 4474 145110 3650 5%
c w 80.59 54 29 0 160 100096 3 1353809 51552 1.8 20 11 3 10 23% 4474 145110 3650 5%
c x 80.65 55 29 0 160 100096 3 1353809 51550 1.8 20 11 3 10 23% 4474 145012 3650 5%
c = 81.06 57 29 0 160 100096 3 1353809 51550 1.8 20 11 3 10 23% 4496 144983 3640 5%
c d 81.06 57 29 0 160 100096 3 1353809 51533 1.8 20 11 3 10 23% 4472 144983 3640 5%
c
c seconds  switched       rate           size/glue  tier1     binary        remaining
c        MB  reductions      conflicts         size   tier2      irredundant
c         level     restarts        redundant     glue    trail         variables
c
c t 81.06 57 29 0 160 100096 3 1353809 51533 1.8 20 11 3 10 23% 4464 144983 3640 5%
c - 81.22 59 29 0 161 100437 3 1356406 41728 1.8 20 11 3 10 23% 4464 144983 3640 5%
c i 81.68 64 31 0 161 101250 3 1367605 52304 1.8 20 11 3 10 23% 4471 144983 3639 5%
c - 81.75 64 32 0 162 101342 3 1369094 42659 1.8 20 11 3 10 23% 4464 144983 3639 5%
c - 82.19 64 31 0 163 102178 3 1381821 43044 1.8 20 11 3 10 23% 4468 144982 3639 5%
c o 82.19 64 31 0 163 102198 3 1382036 43248 1.8 20 11 3 10 23% 4468 144982 3639 5%
c - 82.57 68 30 0 164 102700 3 1394588 42938 1.8 20 11 3 10 23% 4470 144981 3639 5%
c - 83.04 64 31 0 165 103968 3 1407394 43128 1.8 20 11 3 10 23% 4471 144981 3639 5%
c i 83.30 66 30 0 165 104114 3 1415041 50014 1.8 20 11 3 10 23% 4479 144981 3634 5%
c - 83.47 68 30 0 166 104337 3 1420240 43367 1.8 20 11 3 10 23% 4460 144980 3634 5%
c - 83.71 54 28 0 167 104591 3 1433124 44173 1.8 19 11 3 10 22% 4461 144980 3634 5%
c - 84.08 56 27 0 168 104985 3 1446047 44917 1.8 19 11 3 10 22% 4461 144980 3634 5%
c - 84.41 48 25 0 169 105081 3 1459009 45321 1.8 19 10 3 10 22% 4461 144980 3634 5%
c b 84.61 51 25 0 169 105328 3 1464161 49893 1.8 19 10 3 10 22% 4485 144891 3633 5%
c u 84.68 52 25 0 169 105328 3 1464161 49338 1.8 19 10 3 10 22% 4486 144891 3633 5%
c v 84.78 52 25 0 169 105328 3 1464161 48988 1.8 19 10 3 10 22% 4486 144891 3633 5%
c w 84.82 52 25 0 169 105328 3 1464161 48947 1.8 19 10 3 10 22% 4486 144891 3633 5%
c x 84.88 53 25 0 169 105328 3 1464161 48941 1.8 19 10 3 10 22% 4491 144847 3633 5%
c = 85.29 54 25 0 169 105328 3 1464161 48941 1.8 19 10 3 10 22% 4502 144807 3625 5%
c d 85.29 54 25 0 169 105328 3 1464161 48925 1.8 19 10 3 10 22% 4510 144781 3625 5%
c
c seconds  switched       rate           size/glue  tier1     binary        remaining
c        MB  reductions      conflicts         size   tier2      irredundant
c         level     restarts        redundant     glue    trail         variables
c
c t 85.30 54 25 0 169 105328 3 1464161 48925 1.8 19 10 3 10 22% 4483 144781 3625 5%
c u 85.41 54 25 0 169 105328 3 1464161 47943 1.8 19 10 3 10 22% 4498 144781 3625 5%
c v 85.51 54 25 0 169 105328 3 1464161 47615 1.8 19 10 3 10 22% 4498 144781 3625 5%
c w 85.55 55 25 0 169 105328 3 1464161 47567 1.8 19 10 3 10 22% 4498 144781 3625 5%
c x 85.63 55 25 0 169 105328 3 1464161 47557 1.8 19 10 3 10 22% 4498 144433 3625 5%
c = 86.04 57 25 0 169 105328 3 1464161 47557 1.8 19 10 3 10 22% 4538 144360 3606 5%
c d 86.04 57 25 0 169 105328 3 1464161 47541 1.8 19 10 3 10 22% 4490 144360 3606 5%
c t 86.05 57 25 0 169 105328 3 1464161 47541 1.8 19 10 3 10 22% 4470 144360 3599 5%
c - 86.41 60 26 0 170 106106 3 1472009 44030 1.8 19 10 3 10 22% 4416 144360 3599 5%
c i 86.94 64 27 0 170 107490 3 1482751 54219 1.8 19 11 3 10 22% 4425 144359 3595 5%
c i 86.94 64 27 0 170 107490 3 1482754 54218 1.8 19 11 3 10 22% 4427 144359 3592 5%
c - 87.05 67 27 0 171 107648 3 1485047 43965 1.8 19 11 3 10 22% 4414 144359 3592 5%
c i 87.09 68 27 0 171 107708 3 1487011 45746 1.8 19 11 3 10 22% 4417 144359 3575 5%
c - 87.52 69 27 0 172 108793 3 1498124 44200 1.8 19 11 3 10 22% 4403 144359 3575 5%
c s 88.17 60 27 0 172 109721 3 1509791 54879 1.8 19 11 3 10 22% 4457 142663 3575 5%
c e 88.18 62 27 0 172 109721 3 1509791 54879 1.8 19 11 3 10 22% 4305 143818 3467 4%
c 2 88.18 62 27 0 172 109721 3 1509791 54879 1.8 19 11 3 10 22% 4296 143818 3467 4%
c s 88.41 62 27 0 172 109721 3 1509791 54879 1.8 19 11 3 10 22% 4327 142334 3467 4%
c e 88.42 62 27 0 172 109721 3 1509791 54879 1.8 19 11 3 10 22% 4302 142540 3454 4%
c - 88.50 58 27 0 173 109875 3 1511238 44073 1.8 19 11 3 10 22% 4302 142540 3454 4%
c
c seconds  switched       rate           size/glue  tier1     binary        remaining
c        MB  reductions      conflicts         size   tier2      irredundant
c         level     restarts        redundant     glue    trail         variables
c
c - 89.01 52 27 0 174 111097 3 1524391 44254 1.8 20 11 3 10 22% 4305 142540 3454 4%
c - 89.36 48 26 0 175 111338 3 1537581 44118 1.8 19 11 3 10 22% 4305 142540 3454 4%
c - 89.93 52 28 0 176 112625 3 1550809 44688 1.8 20 11 3 10 22% 4306 142540 3454 4%
c o 90.01 48 27 0 176 112658 3 1553975 47455 1.8 20 11 3 10 22% 4306 142540 3454 4%
c - 90.32 52 27 0 177 113389 3 1564076 44200 1.7 19 11 3 10 22% 4307 142540 3454 4%
c - 90.73 52 26 0 178 113972 3 1577380 44226 1.7 19 11 3 10 22% 4307 142540 3454 4%
c b 90.81 50 27 0 178 114159 3 1579301 46065 1.7 19 11 3 10 22% 4327 142521 3453 4%
c u 90.90 52 27 0 178 114159 3 1579301 45214 1.7 19 11 3 10 22% 4366 142521 3451 4%
c v 90.98 52 27 0 178 114159 3 1579301 44464 1.7 19 11 3 10 22% 4366 142521 3451 4%
c w 91.01 52 27 0 178 114159 3 1579301 44445 1.7 19 11 3 10 22% 4366 142521 3451 4%
c x 91.07 53 27 0 178 114159 3 1579301 44445 1.7 19 11 3 10 22% 4372 142494 3451 4%
c = 91.56 55 27 0 178 114159 3 1579301 44445 1.7 19 11 3 10 22% 4382 142454 3445 4%
c d 91.56 55 27 0 178 114159 3 1579301 44443 1.7 19 11 3 10 22% 4371 142449 3445 4%
c t 91.57 55 27 0 178 114159 3 1579301 44443 1.7 19 11 3 10 22% 4324 142449 3444 4%
c f 91.60 55 27 0 178 114159 3 1579301 44443 1.7 19 11 3 10 22% 4323 142060 3463 4%
c u 91.74 64 27 0 178 114159 3 1579301 43174 1.7 19 11 3 10 22% 4328 142042 3463 4%
c v 91.85 64 27 0 178 114159 3 1579301 42446 1.7 19 11 3 10 22% 4328 142042 3463 4%
c w 91.90 65 27 0 178 114159 3 1579301 42426 1.7 19 11 3 10 22% 4328 142042 3463 4%
c = 92.37 62 27 0 178 114159 3 1579301 42426 1.7 19 11 3 10 22% 4334 142033 3460 4%
c d 92.37 62 27 0 178 114159 3 1579301 42424 1.7 19 11 3 10 22% 4326 142033 3460 4%
c
c seconds  switched       rate           size/glue  tier1     binary        remaining
c        MB  reductions      conflicts         size   tier2      irredundant
c         level     restarts        redundant     glue    trail         variables
c
c t 92.37 62 27 0 178 114159 3 1579301 42424 1.7 19 11 3 10 22% 4325 142033 3460 4%
c i 92.38 62 27 0 178 114159 3 1579301 42424 1.7 19 11 3 10 22% 4325 142033 3460 4%
c - 92.73 64 27 0 179 114635 3 1590721 42183 1.7 19 11 3 10 22% 4308 142032 3460 4%
c i 92.82 62 27 0 179 114765 3 1593865 44965 1.8 19 11 3 10 22% 4313 142032 3444 4%
c - 93.26 65 27 0 180 115516 3 1604100 43440 1.7 19 11 3 10 22% 4287 142032 3444 4%
c - 93.59 62 26 0 181 116274 3 1617517 43773 1.7 19 11 3 10 22% 4287 142032 3444 4%
c - 94.01 65 25 0 182 116647 3 1630971 44432 1.8 20 11 3 10 22% 4287 142032 3444 4%
c - 94.53 61 25 0 183 117394 3 1644461 45201 1.8 20 11 3 10 22% 4287 142032 3444 4%
c - 95.14 66 26 0 184 118710 3 1657989 45238 1.8 20 11 3 10 22% 4290 142031 3444 4%
c - 95.60 70 26 0 185 119440 3 1671553 45152 1.8 20 11 3 10 22% 4291 142031 3444 4%
c - 96.10 84 27 0 186 120228 3 1685155 45440 1.8 20 11 3 10 22% 4292 142031 3444 4%
c - 96.69 72 28 0 187 121345 3 1698794 45672 1.8 20 11 3 10 22% 4294 142031 3444 4%
c u 96.83 74 28 0 187 121353 3 1699215 45418 1.8 20 11 3 10 22% 4323 141843 3444 4%
c v 96.93 74 28 0 187 121353 3 1699215 45069 1.8 20 11 3 10 22% 4323 141843 3444 4%
c w 96.95 75 28 0 187 121353 3 1699215 45057 1.8 20 11 3 10 22% 4323 141843 3444 4%
c = 97.48 59 28 0 187 121353 3 1699215 45057 1.8 20 11 3 10 22% 4327 141837 3442 4%
c d 97.49 59 28 0 187 121353 3 1699215 45051 1.8 20 11 3 10 22% 4322 141837 3442 4%
c t 97.49 59 28 0 187 121353 3 1699215 45051 1.8 20 11 3 10 22% 4321 141837 3442 4%
c u 97.64 59 28 0 187 121353 3 1699215 43721 1.8 20 11 3 10 22% 4321 141837 3442 4%
c v 97.78 59 28 0 187 121353 3 1699215 43243 1.8 20 11 3 10 22% 4321 141837 3442 4%
c
c seconds  switched       rate           size/glue  tier1     binary        remaining
c        MB  reductions      conflicts         size   tier2      irredundant
c         level     restarts        redundant     glue    trail         variables
c
c w 97.81 59 28 0 187 121353 3 1699215 43215 1.8 20 11 3 10 22% 4321 141837 3442 4%
c = 98.30 47 28 0 187 121353 3 1699215 43215 1.8 20 11 3 10 22% 4347 141728 3428 4%
c d 98.30 47 28 0 187 121353 3 1699215 43211 1.8 20 11 3 10 22% 4333 141720 3428 4%
c t 98.31 47 28 0 187 121353 3 1699215 43211 1.8 20 11 3 10 22% 4329 141720 3428 4%
c - 98.64 49 27 0 188 121682 3 1712468 44345 1.8 20 11 3 10 22% 4286 141720 3428 4%
c i 98.75 49 26 0 188 121684 3 1720695 50326 1.8 19 11 3 10 21% 4299 141720 3419 4%
c - 98.89 49 25 0 189 121818 3 1726179 40774 1.7 19 11 3 10 21% 4235 141720 3419 4%
c o 99.20 52 25 0 189 122180 3 1734902 48780 1.8 19 11 3 10 21% 4235 141720 3419 4%
c - 99.39 53 25 0 190 122389 3 1739926 42966 1.8 19 11 3 10 21% 4239 141718 3419 4%
c - 99.93 52 26 0 191 123766 3 1753710 44610 1.8 19 11 3 10 21% 4242 141718 3419 4%
c - 100.30 53 25 0 192 124071 3 1767530 44351 1.8 19 11 3 10 21% 4242 141718 3419 4%
c i 100.34 54 25 0 192 124086 3 1769053 45440 1.8 19 11 3 10 21% 4248 141718 3402 4%
c - 100.70 57 24 0 193 124328 3 1781387 44480 1.8 19 11 3 10 21% 4237 141718 3402 4%
c - 101.09 61 23 0 194 124833 3 1795281 46113 1.7 18 11 3 10 21% 4239 141718 3402 4%
c s 101.59 51 22 0 194 124976 3 1804083 53803 1.8 18 10 3 10 21% 4272 140745 3401 4%
c e 101.60 54 22 0 194 124976 3 1804083 53803 1.8 18 10 3 10 21% 4149 141444 3322 4%
c 2 101.60 54 22 0 194 124976 3 1804083 53803 1.8 18 10 3 10 21% 4145 141444 3322 4%
c s 101.88 54 22 0 194 124976 3 1804083 53803 1.8 18 10 3 10 21% 4164 141102 3322 4%
c e 101.89 54 22 0 194 124976 3 1804083 53803 1.8 18 10 3 10 21% 4162 141153 3318 4%
c - 102.07 57 22 0 195 125224 3 1809210 46883 1.8 18 10 3 10 21% 4157 141153 3318 4%
c
c seconds   switched       rate           size/glue  tier1     binary        remaining
c         MB  reductions      conflicts         size   tier2      irredundant
c          level     restarts        redundant     glue    trail         variables
c
c - 102.65 54 23 0 196 126776 3 1823174 45858 1.8 19 11 3 10 21% 4158 141153 3318 4%
c b 102.70 54 23 0 196 126915 3 1823973 46639 1.8 19 11 3 10 21% 4182 141129 3317 4%
c u 102.81 56 23 0 196 126915 3 1823973 45592 1.8 19 11 3 10 21% 4182 141129 3317 4%
c v 102.93 56 23 0 196 126915 3 1823973 45284 1.8 19 11 3 10 21% 4182 141129 3317 4%
c w 102.98 56 23 0 196 126915 3 1823973 45260 1.8 19 11 3 10 21% 4182 141129 3317 4%
c = 103.42 59 23 0 196 126915 3 1823973 45260 1.8 19 11 3 10 21% 4188 141103 3314 4%
c d 103.42 59 23 0 196 126915 3 1823973 45260 1.8 19 11 3 10 21% 4183 141101 3314 4%
c t 103.43 59 23 0 196 126915 3 1823973 45260 1.8 19 11 3 10 21% 4131 141101 3313 4%
c f 103.46 59 23 0 196 126915 3 1823973 45260 1.8 19 11 3 10 21% 4128 140756 3329 4%
c b 103.48 65 23 0 196 126915 3 1823973 45255 1.8 19 11 3 10 21% 4140 140747 3328 4%
c u 103.56 67 23 0 196 126915 3 1823973 44443 1.8 19 11 3 10 21% 4141 140747 3328 4%
c v 103.64 68 23 0 196 126915 3 1823973 43939 1.8 19 11 3 10 21% 4141 140747 3328 4%
c w 103.67 68 23 0 196 126915 3 1823973 43905 1.8 19 11 3 10 21% 4141 140747 3328 4%
c x 103.74 60 23 0 196 126915 3 1823973 43905 1.8 19 11 3 10 21% 4141 140731 3328 4%
c = 104.14 62 23 0 196 126915 3 1823973 43905 1.8 19 11 3 10 21% 4181 140620 3305 4%
c d 104.15 62 23 0 196 126915 3 1823973 43881 1.8 19 11 3 10 21% 4145 140608 3305 4%
c t 104.16 62 23 0 196 126915 3 1823973 43881 1.8 19 11 3 10 21% 4122 140608 3305 4%
c i 104.59 62 24 0 196 127608 3 1837044 55890 1.8 19 11 3 10 21% 4126 140608 3302 4%
c - 104.60 54 24 0 197 127608 3 1837174 43418 1.8 19 11 3 10 21% 4092 140583 3295 4%
c - 105.04 58 24 0 198 128634 3 1851209 43432 1.8 19 11 3 10 21% 4093 140583 3295 4%
c
c seconds   switched       rate           size/glue  tier1     binary        remaining
c         MB  reductions      conflicts         size   tier2      irredundant
c          level     restarts        redundant     glue    trail         variables
c
c - 105.49 57 24 0 199 129174 3 1865281 43718 1.8 19 11 3 10 21% 4094 140583 3295 4%
c - 105.82 58 22 0 200 129279 3 1879387 43872 1.8 19 11 3 10 21% 4094 140583 3295 4%
c - 106.12 58 21 0 201 129290 2 1893533 44022 1.8 18 10 3 10 21% 4094 140583 3295 4%
c - 106.45 50 20 0 202 129297 2 1907710 46270 1.8 18 10 3 10 21% 4094 140583 3295 4%
c - 106.96 56 20 0 203 130574 3 1921922 47432 1.8 18 10 3 10 21% 4096 140583 3295 4%
c o 107.06 58 21 0 203 130809 3 1924905 50247 1.8 18 10 3 10 21% 4096 140583 3295 4%
c i 107.15 59 21 0 203 130878 3 1930369 55110 1.8 18 10 3 10 20% 4110 140583 3294 4%
c - 107.38 60 21 0 204 131349 3 1936169 42751 1.8 18 10 3 10 20% 4099 140583 3294 4%
c - 107.74 63 21 0 205 132085 3 1950451 43303 1.7 17 10 3 10 20% 4102 140583 3294 4%
c u 107.92 65 20 0 205 132085 3 1953572 44296 1.7 17 10 3 10 20% 4112 138678 3294 4%
c v 108.02 65 20 0 205 132085 3 1953572 39887 1.7 17 10 3 10 20% 4113 138678 3294 4%
c w 108.02 65 20 0 205 132085 3 1953572 39763 1.7 17 10 3 10 20% 4113 138678 3294 4%
c = 108.44 56 20 0 205 132085 3 1953572 39763 1.7 17 10 3 10 20% 4115 138609 3288 4%
c d 108.45 56 20 0 205 132085 3 1953572 39739 1.7 17 10 3 10 20% 4120 138391 3287 4%
c t 108.45 56 20 0 205 132085 3 1953572 39739 1.7 17 10 3 10 20% 4113 138391 3287 4%
c u 108.59 56 20 0 205 132085 3 1953572 38355 1.7 17 10 3 10 20% 4114 138391 3287 4%
c v 108.67 57 20 0 205 132085 3 1953572 37368 1.7 17 10 3 10 20% 4115 138391 3287 4%
c = 109.12 51 20 0 205 132085 3 1953572 37368 1.7 17 10 3 10 20% 4125 138376 3282 4%
c d 109.12 51 20 0 205 132085 3 1953572 37359 1.7 17 10 3 10 20% 4110 138376 3282 4%
c t 109.12 51 20 0 205 132085 3 1953572 37359 1.7 17 10 3 10 20% 4107 138376 3282 4%
c
c seconds   switched       rate           size/glue  tier1     binary        remaining
c         MB  reductions      conflicts         size   tier2      irredundant
c          level     restarts        redundant     glue    trail         variables
c
c i 109.29 54 21 0 205 132626 3 1958254 41757 1.7 17 10 3 10 20% 4111 138375 3281 4%
c - 109.52 55 21 0 206 133243 3 1964769 38559 1.7 17 10 3 10 20% 4098 138373 3281 4%
c - 109.98 68 21 0 207 134205 3 1979122 41118 1.7 17 10 3 10 20% 4100 138372 3281 4%
c - 110.50 74 23 0 208 135233 3 1993509 43038 1.7 18 10 3 10 20% 4105 138372 3281 4%
c - 110.93 64 22 0 209 135911 3 2007931 43821 1.7 18 10 3 10 20% 4107 138372 3281 4%
c - 111.48 70 23 0 210 136979 3 2022388 44721 1.7 18 10 3 10 21% 4107 138370 3281 4%
c - 112.07 78 24 0 211 138182 3 2036879 45308 1.8 18 10 3 10 21% 4108 138365 3281 4%
c - 112.58 87 25 0 212 139314 3 2051404 45575 1.8 18 10 3 10 21% 4111 138359 3281 4%
c - 113.07 77 25 0 213 140160 3 2065964 45750 1.8 18 10 3 10 21% 4116 138357 3281 4%
c - 113.43 79 24 0 214 140321 3 2080559 47215 1.8 18 10 3 10 21% 4118 138354 3281 4%
c d 113.60 79 23 0 214 140329 3 2088045 53159 1.8 18 10 3 10 20% 4120 138336 3280 4%
c u 113.73 60 23 0 214 140329 3 2088045 51501 1.8 18 10 3 10 20% 4142 138336 3280 4%
c v 113.86 61 23 0 214 140329 3 2088045 45728 1.8 18 10 3 10 20% 4138 138336 3280 4%
c w 113.87 61 23 0 214 140329 3 2088045 45280 1.8 18 10 3 10 20% 4138 138336 3280 4%
c = 114.41 52 23 0 214 140329 3 2088045 45280 1.8 18 10 3 10 20% 4188 138186 3250 4%
c d 114.42 52 23 0 214 140329 3 2088045 45262 1.8 18 10 3 10 20% 4134 138164 3250 4%
c t 114.42 52 23 0 214 140329 3 2088045 45262 1.8 18 10 3 10 20% 4104 138164 3250 4%
c f 114.44 52 23 0 214 140329 3 2088045 45262 1.8 18 10 3 10 20% 4105 138146 3251 4%
c u 114.54 60 23 0 214 140329 3 2088045 44090 1.8 18 10 3 10 20% 4107 138146 3251 4%
c v 114.63 60 23 0 214 140329 3 2088045 43433 1.8 18 10 3 10 20% 4107 138146 3251 4%
c
c seconds   switched       rate           size/glue  tier1     binary        remaining
c         MB  reductions      conflicts         size   tier2      irredundant
c          level     restarts        redundant     glue    trail         variables
c
c w 114.64 60 23 0 214 140329 3 2088045 43432 1.8 18 10 3 10 20% 4107 138146 3251 4%
c x 114.75 62 23 0 214 140329 3 2088045 43368 1.8 18 10 3 10 20% 4107 137710 3251 4%
c = 115.25 63 23 0 214 140329 3 2088045 43368 1.8 18 10 3 10 20% 4118 137670 3245 4%
c d 115.25 63 23 0 214 140329 3 2088045 43364 1.8 18 10 3 10 20% 4106 137670 3245 4%
c t 115.26 63 23 0 214 140329 3 2088045 43364 1.8 18 10 3 10 20% 4100 137670 3245 4%
c - 115.54 66 23 0 215 141108 3 2095187 41417 1.7 18 10 3 10 21% 4082 137669 3245 4%
c - 116.09 62 24 0 216 142470 3 2109849 44552 1.7 18 10 3 10 21% 4085 137665 3245 4%
c i 116.43 67 24 0 216 143125 3 2121928 55525 1.7 18 10 3 10 21% 4091 137658 3244 4%
c i 116.43 67 24 0 216 143125 3 2121965 55551 1.7 18 10 3 10 21% 4093 137658 3230 4%
c - 116.52 67 24 0 217 143162 3 2124545 38942 1.7 17 10 3 10 21% 4097 137656 3230 4%
c o 116.55 68 24 0 217 143210 3 2124909 39292 1.7 17 10 3 10 21% 4097 137652 3230 4%
c s 116.98 55 24 0 217 143624 3 2130122 43846 1.7 18 10 3 10 20% 4117 132640 3230 4%
c e 117.00 59 24 0 217 143624 3 2130122 43846 1.7 18 10 3 10 20% 4021 133438 3156 4%
c 2 117.00 59 24 0 217 143624 3 2130122 43846 1.7 18 10 3 10 20% 4019 133438 3156 4%
c s 117.29 59 24 0 217 143624 3 2130122 43846 1.7 18 10 3 10 20% 4034 132372 3156 4%
c e 117.30 59 24 0 217 143624 3 2130122 43846 1.7 18 10 3 10 20% 4030 132513 3146 4%
c - 117.60 50 24 0 218 144195 3 2139275 40619 1.7 18 10 3 10 20% 4030 132513 3146 4%
c - 118.06 55 23 0 219 145126 3 2154039 42985 1.7 17 10 3 10 20% 4031 132513 3146 4%
c - 118.58 61 23 0 220 146396 3 2168837 43804 1.7 18 10 3 10 21% 4032 132513 3146 4%
c - 119.14 67 24 0 221 147733 3 2183672 43764 1.7 18 10 3 10 21% 4035 132512 3146 4%
c
c seconds   switched       rate           size/glue  tier1     binary        remaining
c         MB  reductions      conflicts         size   tier2      irredundant
c          level     restarts        redundant     glue    trail         variables
c
c - 119.68 60 24 0 222 148865 3 2198538 44402 1.7 18 10 3 10 21% 4039 132512 3146 4%
c - 120.16 56 25 0 223 149633 3 2213437 45330 1.8 19 11 3 10 21% 4041 132512 3146 4%
c u 120.67 60 24 0 223 150148 3 2227445 56344 1.8 18 10 3 10 21% 4060 132495 3146 4%
c v 120.83 62 24 0 223 150148 3 2227445 52254 1.8 18 10 3 10 21% 4060 132495 3146 4%
c w 120.88 62 24 0 223 150148 3 2227445 52133 1.8 18 10 3 10 21% 4060 132495 3146 4%
c = 121.43 56 24 0 223 150148 3 2227445 52133 1.8 18 10 3 10 21% 4088 132418 3131 4%
c d 121.43 56 24 0 223 150148 3 2227445 51901 1.8 18 10 3 10 21% 4057 132415 3130 4%
c t 121.45 56 24 0 223 150148 3 2227445 51901 1.8 18 10 3 10 21% 3996 132415 3130 4%
c f 121.47 56 24 0 223 150148 3 2227445 51901 1.8 18 10 3 10 21% 4001 132040 3147 4%
c u 121.57 65 24 0 223 150148 3 2227445 50894 1.8 18 10 3 10 21% 4001 132040 3147 4%
c v 121.68 57 24 0 223 150148 3 2227445 50487 1.8 18 10 3 10 21% 4001 132040 3147 4%
c w 121.71 57 24 0 223 150148 3 2227445 49338 1.8 18 10 3 10 21% 4001 132040 3147 4%
c x 121.80 60 24 0 223 150148 3 2227445 49289 1.8 18 10 3 10 21% 4004 131693 3147 4%
c = 122.34 49 24 0 223 150148 3 2227445 49289 1.8 18 10 3 10 21% 4012 131665 3142 4%
c d 122.34 49 24 0 223 150148 3 2227445 49288 1.8 18 10 3 10 21% 4007 131658 3142 4%
c t 122.34 49 24 0 223 150148 3 2227445 49288 1.8 18 10 3 10 21% 4000 131658 3142 4%
c - 122.41 50 24 0 224 150226 3 2228370 41090 1.8 18 10 3 10 21% 3985 131658 3142 4%
c i 122.71 61 24 0 224 150838 3 2238007 49770 1.8 18 10 3 10 21% 3990 131652 3140 4%
c - 122.97 62 24 0 225 151429 3 2243337 41919 1.8 18 11 3 10 21% 3985 131648 3140 4%
c - 123.50 65 24 0 226 152643 3 2258337 42791 1.8 19 11 3 10 21% 3987 131647 3140 4%
c
c seconds   switched       rate           size/glue  tier1     binary        remaining
c         MB  reductions      conflicts         size   tier2      irredundant
c          level     restarts        redundant     glue    trail         variables
c
c - 123.84 67 23 0 227 152877 3 2273371 43700 1.8 18 10 3 10 21% 3987 131647 3140 4%
c - 124.24 70 22 0 228 153374 3 2288438 44610 1.8 18 10 3 10 21% 3987 131645 3140 4%
c - 124.78 75 23 0 229 154623 3 2303537 45414 1.8 19 10 3 10 21% 3990 131642 3140 4%
c - 125.06 78 22 0 230 154946 3 2318669 45716 1.8 19 10 3 10 21% 3990 131641 3140 4%
c - 125.46 67 22 0 231 155815 3 2333836 46700 1.8 19 10 3 10 21% 3995 131634 3140 4%
c - 125.68 68 21 0 232 155827 3 2349036 47506 1.8 18 10 3 10 21% 3995 131634 3140 4%
c o 125.79 68 20 0 232 155828 3 2355259 52599 1.8 18 10 3 10 20% 3996 131634 3140 4%
c - 126.12 60 21 0 233 156779 3 2364268 48849 1.8 18 10 3 10 20% 3996 131630 3140 4%
c b 126.34 62 21 0 233 157421 3 2371700 55738 1.8 18 10 3 10 21% 4002 131580 3136 4%
c u 126.45 63 21 0 233 157421 3 2371700 54721 1.8 18 10 3 10 21% 4012 131580 3136 4%
c v 126.54 64 21 0 233 157421 3 2371700 49517 1.8 18 10 3 10 21% 4012 131580 3136 4%
c w 126.57 64 21 0 233 157421 3 2371700 49508 1.8 18 10 3 10 21% 4012 131580 3136 4%
c x 126.64 65 21 0 233 157421 3 2371700 49487 1.8 18 10 3 10 21% 4019 130911 3136 4%
c = 127.08 55 21 0 233 157421 3 2371700 49487 1.8 18 10 3 10 21% 4019 130884 3135 4%
c t 127.09 55 21 0 233 157421 3 2371700 49484 1.8 18 10 3 10 21% 4003 130881 3135 4%
c u 127.21 57 21 0 233 157421 3 2371700 48137 1.8 18 10 3 10 21% 4021 130881 3135 4%
c v 127.31 58 21 0 233 157421 3 2371700 47799 1.8 18 10 3 10 21% 4021 130881 3135 4%
c w 127.35 58 21 0 233 157421 3 2371700 47787 1.8 18 10 3 10 21% 4021 130881 3135 4%
c x 127.43 59 21 0 233 157421 3 2371700 47782 1.8 18 10 3 10 21% 4021 130698 3135 4%
c t 127.92 52 21 0 233 157421 3 2371700 47782 1.8 18 10 3 10 21% 4009 130698 3135 4%
c
c seconds   switched       rate           size/glue  tier1     binary        remaining
c         MB  reductions      conflicts         size   tier2      irredundant
c          level     restarts        redundant     glue    trail         variables
c
c f 127.93 53 21 0 233 157421 3 2371700 47782 1.8 18 10 3 10 21% 4010 130673 3136 4%
c - 128.19 63 21 0 234 157705 3 2379532 43602 1.8 18 10 3 10 21% 3997 130673 3136 4%
c - 128.61 64 21 0 235 158387 3 2394830 45434 1.8 18 10 3 10 20% 4001 130671 3136 4%
c - 129.04 67 20 0 236 159218 3 2410159 47121 1.7 17 10 3 10 21% 4002 130670 3136 4%
c - 129.48 54 20 0 237 160106 3 2425521 47629 1.7 17 10 3 10 20% 4003 130670 3136 4%
c - 130.03 60 21 0 238 161756 3 2440916 47077 1.7 17 10 3 10 21% 4004 130668 3136 4%
c - 130.49 54 20 0 239 162519 3 2456343 46050 1.7 17 10 3 10 21% 4005 130666 3136 4%
c - 131.08 60 21 0 240 164117 3 2471803 46519 1.7 18 10 3 10 21% 4008 130662 3136 4%
c - 131.51 63 22 0 241 165051 3 2487294 46648 1.7 18 10 3 10 21% 4009 130661 3136 4%
c s 131.80 55 21 0 241 165061 3 2488474 47679 1.7 18 10 3 10 21% 4033 128342 3136 4%
c e 131.81 57 21 0 241 165061 3 2488474 47679 1.7 18 10 3 10 21% 3974 128777 3100 4%
c s 132.08 57 21 0 241 165061 3 2488474 47679 1.7 18 10 3 10 21% 3984 127771 3100 4%
c e 132.08 57 21 0 241 165061 3 2488474 47679 1.7 18 10 3 10 21% 3980 127812 3097 4%
c - 132.37 59 21 0 242 165346 3 2502818 46828 1.7 17 10 3 10 21% 3980 127812 3097 4%
c - 132.66 51 19 0 243 165355 3 2518375 48989 1.7 16 10 3 10 20% 3981 127812 3097 4%
c u 132.82 52 19 0 243 165355 3 2520925 47959 1.7 16 10 3 10 20% 4144 127812 3089 4%
c v 132.91 52 19 0 243 165355 3 2520925 40604 1.7 16 10 3 10 20% 4053 127812 3089 4%
c w 132.93 52 19 0 243 165355 3 2520925 40400 1.7 16 10 3 10 20% 4053 127812 3089 4%
c x 133.03 53 19 0 243 165355 3 2520925 40395 1.7 16 10 3 10 20% 4074 127151 3089 4%
c d 133.04 53 19 0 243 165355 3 2520925 40393 1.7 16 10 3 10 20% 4072 127151 3088 4%
c
c seconds   switched       rate           size/glue  tier1     binary        remaining
c         MB  reductions      conflicts         size   tier2      irredundant
c          level     restarts        redundant     glue    trail         variables
c
c t 133.04 53 19 0 243 165355 3 2520925 40393 1.7 16 10 3 10 20% 4008 127151 3088 4%
c b 133.04 53 19 0 243 165355 3 2520925 40393 1.7 16 10 3 10 20% 4008 127151 3086 4%
c f 133.06 53 19 0 243 165355 3 2520925 40393 1.7 16 10 3 10 20% 4017 127033 3092 4%
c u 133.18 61 19 0 243 165355 3 2520925 39653 1.7 16 10 3 10 20% 4018 127019 3092 4%
c v 133.27 61 19 0 243 165355 3 2520925 39156 1.7 16 10 3 10 20% 4018 127019 3092 4%
c w 133.28 61 19 0 243 165355 3 2520925 39115 1.7 16 10 3 10 20% 4018 127019 3092 4%
c x 133.37 62 19 0 243 165355 3 2520925 39084 1.7 16 10 3 10 20% 4041 126695 3092 4%
c = 133.66 63 19 0 243 165355 3 2520925 39084 1.7 16 10 3 10 20% 4021 126695 3091 4%
c d 133.66 63 19 0 243 165355 3 2520925 39084 1.7 16 10 3 10 20% 4018 126695 3091 4%
c t 133.66 63 19 0 243 165355 3 2520925 39084 1.7 16 10 3 10 20% 4017 126695 3091 4%
c f 133.67 63 19 0 243 165355 3 2520925 39084 1.7 16 10 3 10 20% 4021 126674 3092 4%
c i 133.68 68 19 0 243 165355 3 2520925 39084 1.7 16 10 3 10 20% 4021 126674 3092 4%
c - 134.06 63 20 0 244 166117 3 2533963 41737 1.7 17 10 3 10 21% 3998 126674 3092 4%
c i 134.41 63 20 0 244 166795 3 2548547 54187 1.7 16 10 3 10 20% 4009 126674 3091 4%
c - 134.46 64 20 0 245 166897 3 2549585 40549 1.7 16 10 3 10 20% 3979 126674 3091 4%
c - 134.87 54 19 0 246 167090 2 2565238 42150 1.7 16 9 3 10 20% 3981 126674 3091 4%
c o 135.25 59 19 0 246 168169 3 2575266 51189 1.7 16 10 3 10 20% 3983 126673 3091 4%
c - 135.38 59 19 0 247 168237 3 2580923 44575 1.7 16 10 3 10 20% 3983 126673 3091 4%
c - 135.82 56 19 0 248 168954 3 2596639 45579 1.7 16 10 3 10 20% 3984 126673 3091 4%
c - 136.39 61 20 0 249 170585 3 2612392 46095 1.7 16 10 3 10 20% 3984 126673 3091 4%
c
c seconds   switched       rate           size/glue  tier1     binary        remaining
c         MB  reductions      conflicts         size   tier2      irredundant
c          level     restarts        redundant     glue    trail         variables
c
c - 137.03 68 21 0 250 172694 3 2628171 45117 1.7 17 10 3 10 21% 3986 126673 3091 4%
c - 137.45 60 21 0 251 173336 3 2643983 45673 1.7 17 10 3 10 21% 3988 126673 3091 4%
c - 137.86 52 21 0 252 174244 3 2659826 47681 1.7 17 10 3 10 21% 3994 126672 3091 4%
c u 138.48 66 21 0 252 175521 3 2675100 60646 1.7 17 10 3 10 21% 4029 126211 3085 4%
c v 138.60 66 21 0 252 175521 3 2675100 60452 1.7 17 10 3 10 21% 4029 126211 3085 4%
c w 138.64 66 21 0 252 175521 3 2675100 60436 1.7 17 10 3 10 21% 4029 126211 3085 4%
c x 138.75 67 21 0 252 175521 3 2675100 60423 1.7 17 10 3 10 21% 4029 125582 3085 4%
c = 139.29 69 21 0 252 175521 3 2675100 60423 1.7 17 10 3 10 21% 4093 125009 3011 4%
c d 139.30 69 21 0 252 175521 3 2675100 60314 1.7 17 10 3 10 21% 4057 124908 3010 4%
c t 139.30 69 21 0 252 175521 3 2675100 60314 1.7 17 10 3 10 21% 4015 124908 3010 4%
c b 139.30 69 21 0 252 175521 3 2675100 60314 1.7 17 10 3 10 21% 4015 124908 3007 4%
c f 139.32 69 21 0 252 175521 3 2675100 60314 1.7 17 10 3 10 21% 4011 124862 3009 4%
c u 139.46 77 21 0 252 175521 3 2675100 59371 1.7 17 10 3 10 21% 4018 124846 3009 4%
c v 139.58 78 21 0 252 175521 3 2675100 58951 1.7 17 10 3 10 21% 4018 124846 3009 4%
c w 139.62 78 21 0 252 175521 3 2675100 58878 1.7 17 10 3 10 21% 4018 124846 3009 4%
c x 139.72 68 21 0 252 175521 3 2675100 58862 1.7 17 10 3 10 21% 4018 124109 3009 4%
c = 140.29 69 21 0 252 175521 3 2675100 58862 1.7 17 10 3 10 21% 4080 123014 2869 4%
c d 140.30 69 21 0 252 175521 3 2675100 58754 1.7 17 10 3 10 21% 4013 122926 2869 4%
c t 140.30 69 21 0 252 175521 3 2675100 58754 1.7 17 10 3 10 21% 3976 122926 2869 4%
c f 140.33 69 21 0 252 175521 3 2675100 58754 1.7 17 10 3 10 21% 3977 122907 2870 4%
c
c seconds   switched       rate           size/glue  tier1     binary        remaining
c         MB  reductions      conflicts         size   tier2      irredundant
c          level     restarts        redundant     glue    trail         variables
c
c - 140.38 77 21 0 253 175598 3 2675700 45777 1.7 17 10 3 10 21% 3659 122907 2870 4%
c - 140.80 64 21 0 254 176185 3 2691605 45748 1.7 17 10 3 10 20% 3661 122907 2870 4%
c - 141.25 65 20 0 255 176638 3 2707543 46510 1.6 16 10 3 10 20% 3661 122907 2870 4%
c - 141.74 53 20 0 256 177535 3 2723511 47109 1.6 16 10 3 10 19% 3665 122906 2870 4%
c - 142.17 56 20 0 257 178118 3 2739511 48420 1.7 16 10 3 10 19% 3668 122906 2870 4%
c - 142.52 49 19 0 258 178534 3 2755542 50022 1.7 16 10 3 10 19% 3669 122906 2870 4%
c - 143.14 57 20 0 259 180527 3 2771606 49672 1.7 16 10 3 10 19% 3669 122906 2870 4%
c - 143.68 62 20 0 260 181675 3 2787699 49318 1.7 16 10 3 10 19% 3671 122906 2870 4%
c - 144.06 64 20 0 261 182016 3 2803823 50112 1.7 16 10 3 10 19% 3674 122905 2870 4%
c o 144.22 64 19 0 261 182049 3 2811876 56734 1.6 16 10 3 10 19% 3675 122905 2870 4%
c - 144.55 59 19 0 262 182997 3 2819980 51182 1.6 16 10 3 10 19% 3677 122905 2870 4%
c b 144.96 62 20 0 262 183861 3 2834232 63550 1.6 16 10 3 10 19% 3678 122904 2865 4%
c u 145.07 63 20 0 262 183861 3 2834232 61820 1.6 16 10 3 10 19% 3682 122904 2865 4%
c v 145.17 64 20 0 262 183861 3 2834232 60366 1.6 16 10 3 10 19% 3682 122904 2865 4%
c w 145.21 64 20 0 262 183861 3 2834232 60355 1.6 16 10 3 10 19% 3682 122904 2865 4%
c x 145.32 58 20 0 262 183861 3 2834232 60335 1.6 16 10 3 10 19% 3738 122181 2864 4%
c = 145.83 59 20 0 262 183861 3 2834232 60335 1.6 16 10 3 10 19% 3703 122040 2851 4%
c d 145.83 59 20 0 262 183861 3 2834232 60297 1.6 16 10 3 10 19% 3708 121925 2850 4%
c t 145.84 59 20 0 262 183861 3 2834232 60297 1.6 16 10 3 10 19% 3703 121925 2850 4%
c u 145.97 59 20 0 262 183861 3 2834232 59329 1.6 16 10 3 10 19% 3704 121925 2850 4%
c
c seconds   switched       rate           size/glue  tier1     binary        remaining
c         MB  reductions      conflicts         size   tier2      irredundant
c          level     restarts        redundant     glue    trail         variables
c
c v 146.06 60 20 0 262 183861 3 2834232 54470 1.6 16 10 3 10 19% 3704 121925 2850 4%
c w 146.10 60 20 0 262 183861 3 2834232 54408 1.6 16 10 3 10 19% 3704 121925 2850 4%
c x 146.19 61 20 0 262 183861 3 2834232 54395 1.6 16 10 3 10 19% 3704 121276 2850 4%
c = 146.69 62 20 0 262 183861 3 2834232 54395 1.6 16 10 3 10 19% 3722 121177 2833 4%
c d 146.70 62 20 0 262 183861 3 2834232 54383 1.6 16 10 3 10 19% 3702 121165 2833 4%
c t 146.70 62 20 0 262 183861 3 2834232 54383 1.6 16 10 3 10 19% 3694 121165 2833 4%
c i 146.72 62 20 0 262 183861 3 2834232 54383 1.6 16 10 3 10 19% 3694 121165 2833 4%
c - 146.79 63 20 0 263 183867 3 2836166 44994 1.7 16 10 3 10 19% 3593 121165 2833 4%
c - 147.21 61 19 0 264 184352 3 2852383 47367 1.7 16 10 3 10 18% 3593 121165 2833 4%
c - 147.56 65 19 0 265 185047 3 2868632 49453 1.7 16 10 3 10 18% 3594 121165 2833 4%
c s 148.05 59 18 0 265 185098 2 2880310 59144 1.7 16 9 3 10 18% 3607 118870 2833 4%
c e 148.06 61 18 0 265 185098 2 2880310 59144 1.7 16 9 3 10 18% 3427 119908 2733 3%
c 2 148.06 61 18 0 265 185098 2 2880310 59144 1.7 16 9 3 10 18% 3421 119908 2733 3%
c s 148.37 61 18 0 265 185098 2 2880310 59144 1.7 16 9 3 10 18% 3432 119398 2733 3%
c e 148.38 61 18 0 265 185098 2 2880310 59144 1.7 16 9 3 10 18% 3415 119567 2722 3%
c - 148.49 61 18 0 266 185164 2 2884910 51268 1.7 16 9 3 10 18% 3415 119567 2722 3%
c - 148.86 52 17 0 267 185640 2 2901221 53243 1.7 15 9 3 10 18% 3416 119567 2722 3%
c - 149.32 54 18 0 268 186808 2 2917561 52711 1.7 15 9 3 10 17% 3418 119567 2722 3%
c - 149.86 58 18 0 269 188327 3 2933932 52111 1.7 16 9 3 10 17% 3423 119566 2722 3%
c - 150.28 61 18 0 270 188984 3 2950334 53579 1.7 15 9 3 10 17% 3424 119566 2722 3%
c
c seconds   switched       rate           size/glue tier1     binary        remaining
c         MB  reductions      conflicts         size  tier2      irredundant
c          level     restarts        redundant    glue    trail         variables
c
c - 150.65 54 17 0 271 189101 2 2966766 54987 1.7 15 9 3 10 17% 3426 119566 2722 3%
c - 151.04 55 16 0 272 189102 2 2983228 57726 1.7 14 9 3 9 16% 3431 119566 2722 3%
c i 151.05 55 16 0 272 189102 2 2983519 57856 1.7 14 9 3 9 16% 3438 119566 2721 3%
c u 151.58 59 16 0 272 190297 2 2998407 55992 1.7 14 9 3 9 16% 3457 117963 2721 3%
c v 151.67 59 16 0 272 190297 2 2998407 55121 1.7 14 9 3 9 16% 3457 117963 2721 3%
c w 151.71 60 16 0 272 190297 2 2998407 55106 1.7 14 9 3 9 16% 3457 117963 2721 3%
c x 151.80 53 16 0 272 190297 2 2998407 55062 1.7 14 9 3 9 16% 3462 117749 2721 3%
c = 152.27 54 16 0 272 190297 2 2998407 55062 1.7 14 9 3 9 16% 3474 117711 2711 3%
c d 152.27 54 16 0 272 190297 2 2998407 54904 1.7 14 9 3 9 16% 3460 117543 2710 3%
c t 152.28 54 16 0 272 190297 2 2998407 54904 1.7 14 9 3 9 16% 3426 117543 2710 3%
c f 152.30 54 16 0 272 190297 2 2998407 54904 1.7 14 9 3 9 16% 3433 117285 2723 3%
c u 152.41 63 16 0 272 190297 2 2998407 54165 1.7 14 9 3 9 16% 3452 117285 2723 3%
c v 152.50 63 16 0 272 190297 2 2998407 53659 1.7 14 9 3 9 16% 3440 117285 2723 3%
c w 152.53 64 16 0 272 190297 2 2998407 53642 1.7 14 9 3 9 16% 3440 117285 2723 3%
c x 152.62 64 16 0 272 190297 2 2998407 53623 1.7 14 9 3 9 16% 3444 116994 2723 3%
c t 153.10 65 16 0 272 190297 2 2998407 53623 1.7 14 9 3 9 16% 3441 116994 2723 3%
c - 153.17 62 16 0 273 190344 2 2999721 45393 1.7 14 9 3 9 16% 3417 116994 2723 3%
c - 153.57 65 17 0 274 191201 2 3016243 50352 1.6 14 9 3 9 16% 3420 116992 2723 3%
c - 153.99 54 17 0 275 192106 2 3032795 52628 1.6 14 9 3 9 16% 3424 116992 2723 3%
c - 154.32 54 16 0 276 192140 2 3049378 55077 1.6 14 9 3 9 16% 3428 116992 2723 3%
c
c seconds   switched       rate           size/glue tier1    binary        remaining
c         MB  reductions      conflicts         size  tier2     irredundant
c          level     restarts        redundant    glue   trail         variables
c
c i 154.33 54 16 0 276 192140 2 3049531 55167 1.6 14 9 3 9 16% 3432 116992 2722 3%
c o 154.41 56 16 0 276 192551 2 3051959 57453 1.6 14 9 3 9 16% 3433 116991 2722 3%
c - 154.72 53 16 0 277 193049 2 3065991 47396 1.6 14 8 3 9 16% 3427 116990 2722 3%
c i 154.74 53 15 0 277 193049 2 3067349 48296 1.6 13 8 3 9 16% 3438 116990 2721 3%
c i 155.17 57 16 0 277 194195 2 3081179 60053 1.6 14 8 3 9 16% 3447 116988 2720 3%
c - 155.22 58 17 0 278 194372 2 3082636 37524 1.6 14 9 3 9 16% 3454 116988 2720 3%
c - 155.72 61 17 0 279 196410 2 3099310 41571 1.6 14 9 3 9 16% 3457 116986 2720 3%
c - 156.07 62 16 0 280 196529 2 3116015 45703 1.6 14 9 3 9 16% 3459 116986 2720 3%
c i 156.24 62 16 0 280 196529 2 3122984 50708 1.6 13 8 3 9 16% 3471 116986 2719 3%
c - 156.48 52 16 0 281 197054 2 3132749 38642 1.6 13 8 3 9 16% 3456 116986 2719 3%
c i 156.79 55 15 0 281 197533 2 3147674 49750 1.6 13 8 3 9 15% 3469 116986 2718 3%
c - 156.83 55 15 0 282 197556 2 3149512 35142 1.6 13 8 3 9 15% 3481 116986 2718 3%
c i 156.90 55 15 0 282 197556 2 3154172 38609 1.6 13 8 3 9 15% 3492 116986 2715 3%
c i 157.15 56 15 0 282 197773 2 3165875 47549 1.6 13 8 3 9 15% 3499 116986 2713 3%
c - 157.17 56 15 0 283 197773 2 3166306 30311 1.6 13 8 3 9 15% 3474 116986 2713 3%
c d 157.20 56 15 0 283 197774 2 3167607 30384 1.6 13 8 3 9 15% 3482 107711 2705 3%
c d 157.21 56 15 0 283 197774 2 3167607 29847 1.6 13 8 3 9 15% 3489 107539 2703 3%
c b 157.21 57 15 0 283 197774 2 3167607 29847 1.6 13 8 3 9 15% 3489 107539 2699 3%
c u 157.29 58 15 0 283 197774 2 3167607 25732 1.6 13 8 3 9 15% 3903 107539 2693 3%
c v 157.33 58 15 0 283 197774 2 3167607 23251 1.6 13 8 3 9 15% 3556 107539 2693 3%
c
c seconds   switched       rate           size/glue tier1    binary        remaining
c         MB  reductions      conflicts         size  tier2     irredundant
c          level     restarts        redundant    glue   trail         variables
c
c w 157.33 58 15 0 283 197774 2 3167607 23195 1.6 13 8 3 9 15% 3487 107539 2693 3%
c x 157.47 66 15 0 283 197774 2 3167607 23097 1.6 13 8 3 9 15% 3521 103545 2686 3%
c d 157.48 66 15 0 283 197774 2 3167607 18967 1.6 13 8 3 9 15% 3559 101937 2677 3%
c d 157.48 66 15 0 283 197774 2 3167607 18510 1.6 13 8 3 9 15% 3578 101910 2676 3%
c t 157.48 66 15 0 283 197774 2 3167607 18510 1.6 13 8 3 9 15% 3441 101910 2675 3%
c f 157.51 66 15 0 283 197774 2 3167607 18510 1.6 13 8 3 9 15% 3432 101794 2678 3%
c b 157.51 66 15 0 283 197774 2 3167607 18510 1.6 13 8 3 9 15% 3436 101776 2674 3%
c u 157.61 66 15 0 283 197774 2 3167607 14761 1.6 13 8 3 9 15% 4899 101776 2674 3%
c v 157.63 66 15 0 283 197774 2 3167607 14569 1.6 13 8 3 9 15% 3511 101776 2674 3%
c w 157.64 66 15 0 283 197774 2 3167607 14558 1.6 13 8 3 9 15% 3511 101776 2674 3%
c x 157.77 66 15 0 283 197774 2 3167607 14507 1.6 13 8 3 9 15% 3535 101306 2658 3%
c = 158.25 67 15 0 283 197774 2 3167607 14507 1.6 13 8 3 9 15% 3558 100257 2591 3%
c d 158.25 67 15 0 283 197774 2 3167607 14168 1.6 13 8 3 9 15% 3666 100000 2591 3%
c t 158.25 67 15 0 283 197774 2 3167607 14168 1.6 13 8 3 9 15% 3603 100000 2591 3%
c b 158.25 67 15 0 283 197774 2 3167607 14168 1.6 13 8 3 9 15% 3603 100000 2590 3%
c f 158.27 67 15 0 283 197774 2 3167607 14168 1.6 13 8 3 9 15% 3602 99968 2591 3%
c i 158.28 67 15 0 283 197774 2 3167607 14168 1.6 13 8 3 9 15% 3602 99968 2591 3%
c i 158.50 59 15 0 283 197911 2 3178895 22687 1.6 12 8 3 9 15% 3616 99965 2584 3%
c - 158.57 59 15 0 284 197940 2 3183129 14313 1.6 12 8 3 9 15% 3411 99940 2584 3%
c i 158.67 59 15 0 284 197940 2 3188510 18413 1.6 12 8 3 9 15% 3423 99940 2557 3%
c
c seconds   switched       rate           size/glue tier1    binary       remaining
c         MB  reductions      conflicts         size  tier2     irredundant
c          level     restarts        redundant    glue   trail        variables
c
c i 158.71 59 15 0 284 197940 2 3190678 20385 1.6 12 8 3 9 15% 3424 99940 2555 3%
c i 158.74 59 15 0 284 197943 2 3192133 21540 1.6 12 8 3 9 15% 3432 99939 2549 3%
c i 158.74 59 15 0 284 197943 2 3192489 21836 1.6 12 8 3 9 15% 3436 99939 2547 3%
c i 158.74 59 15 0 284 197943 2 3192536 21876 1.6 12 8 3 9 15% 3437 99939 2540 3%
c i 158.74 59 15 0 284 197943 2 3192558 21882 1.6 12 8 3 9 15% 3439 99939 2539 3%
c i 158.74 59 15 0 284 197943 2 3192562 21884 1.6 12 8 3 9 15% 3440 99939 2537 3%
c i 158.74 59 15 0 284 197943 2 3192572 21882 1.6 12 8 3 9 15% 3443 99939 2532 3%
c i 158.74 59 15 0 284 197943 2 3192576 21883 1.6 12 8 3 9 15% 3444 99939 2526 3%
c i 158.74 59 15 0 284 197943 2 3192580 21883 1.6 12 8 3 9 15% 3445 99939 2450 3%
c i 158.74 59 15 0 284 197943 2 3192582 21884 1.6 12 8 3 9 15% 3445 99939 2439 3%
c } 158.74 59 15 0 284 197943 2 3192584 21884 1.6 12 8 3 9 15% 3445 99939 2395 3%
c 0 158.74 59 15 0 284 197943 2 3192584 21884 1.6 12 8 3 9 15% 3445 99939 2395 3%
c
c ---- [ result ] ------------------------------------------------------------
c
s UNSATISFIABLE
c
c ---- [ profiling ] ---------------------------------------------------------
c
c         107.43   67.67 %  search
c         107.43   67.67 %  focused
c          50.16   31.60 %  simplify
c          44.92   28.30 %  probe
c          23.50   14.80 %  sweep
c          16.06   10.11 %  vivify
c           6.18    3.89 %  eliminate
c           5.45    3.44 %  subsume
c           2.30    1.45 %  congruence
c           2.01    1.27 %  reduce
c           1.49    0.94 %  factor
c           1.35    0.85 %  substitute
c           0.99    0.63 %  preprocess
c           0.15    0.09 %  transitive
c           0.13    0.08 %  parse
c           0.08    0.05 %  backbone
c           0.03    0.02 %  lucky
c =============================================
c         158.74  100.00 %  total
c
c ---- [ statistics ] --------------------------------------------------------
c
c chronological:                         2173                0 %  conflicts
c conflicts:                          3192584            20111.20 per second
c congruent:                             7786               10 %  variables
c decisions:                         10084116                3.16 per conflict
c eliminated:                           30502               39 %  variables
c factored:                               906                1 %  variables
c iterations:                             134                0 %  variables
c propagations:                     544196497          3428084    per second
c reductions:                             284            11241    interval
c reordered:                               25           127703    interval
c restarts:                            197943               16    interval
c strengthened:                         25272                0 %  checks
c substituted:                          10959               14 %  variables
c subsumed:                             50218                0 %  checks
c switched:                                 0                0    interval
c vivified:                            230974               52 %  checks
c
c ---- [ glue usage ] --------------------------------------------------------
c
c focused glue 3   used 2325374 clauses 15.37% accumulated 56.72% tier1
c focused glue 4   used 1327396 clauses  8.77% accumulated 65.49%
c focused glue 5-7 used 2774293 clauses 18.33% accumulated 83.82%
c focused glue 8   used  573350 clauses  3.79% accumulated 87.61%
c focused glue 9   used  453460 clauses  3.00% accumulated 90.61% tier2
c
c ---- [ resources ] ---------------------------------------------------------
c
c maximum-resident-set-size:     181915353088 bytes     173488 MB
c process-time:                         2m 39s             158.74 seconds
c
c ---- [ shutting down ] -----------------------------------------------------
c
c exit 20
real 249.83
kissat_exit=20
