c Solver source commit 8af8e56f174b778aef3aa45af9f739b2a5f492c2
c Solver SHA-256 c86c7ccc2f727e1ef4716fd2fcf69539fbe0e8b1da8d89341fb48d643a3aeb28
c CNF SHA-256 c9454239b0132e679bdc3aec232d60307c2d165fe56248b438289545a72035bb
c ---- [ banner ] ------------------------------------------------------------
c
c Kissat SAT Solver
c 
c Copyright (c) 2021-2024 Armin Biere University of Freiburg
c Copyright (c) 2019-2021 Armin Biere Johannes Kepler University Linz
c 
c Version 4.0.4 8af8e56f174b778aef3aa45af9f739b2a5f492c2
c Apple clang version 21.0.0 (clang-2100.1.1.101) -W -Wall -O3 -DNDEBUG
c Mon Sep 7 04:00:02 PDT 2026 Darwin 842f5797331b 25.6.0 arm64
c
c ---- [ proving ] -----------------------------------------------------------
c
c opened and writing proof to compressed DRAT file:
c
c   build/orbit-p3-c8-t4-split/p3-c8-t4-p1-z0-mc8.drat.xz
c
c ---- [ parsing ] -----------------------------------------------------------
c
c opened and reading DIMACS file:
c
c   build/orbit-p3-c8-t4-split/p3-c8-t4-p1-z0-mc8.cnf
c
c parsed 'p cnf 78411 886342' header
c closing input after reading 31191679 bytes (30 MB)
c finished parsing after 0.13 seconds
c
c ---- [ options ] -----------------------------------------------------------
c
c --stable=0                       (different from default '1')
c
c ---- [ solving ] -----------------------------------------------------------
c
c seconds  switched rate     size/glue tier1   binary           remaining
c         MB reductions conflicts size  tier2      irredundant
c          level restarts redundant glue  trail            variables
c
c *  0.14 117 0 0 0  0 0   0   0 0.0 0 0 0 0 0% 121820 711539 49089 63%
c (  0.17 147 0 0 0  0 0   0   0 0.0 0 0 0 0 0% 121820 711539 49089 63%
c .  0.21 151 0 0 0  0 0   0   0 0.0 0 0 0 0 0% 98560 449054 49089 63%
c c  1.09 165 0 0 0  0 0   0   0 0.0 0 0 0 0 0% 100106 177177 43632 56%
c d  1.10 166 0 0 0  0 0   0   0 0.0 0 0 0 0 0% 88556 177137 43578 56%
c =  1.13 168 0 0 0  0 0   0   0 0.0 0 0 0 0 0% 87574 177121 43559 56%
c d  1.14 168 0 0 0  0 0   0   0 0.0 0 0 0 0 0% 87529 177118 43559 56%
c f  1.18 173 0 0 0  0 0   0   0 0.0 0 0 0 0 0% 87400 177100 43689 56%
c )  1.18 173 0 0 0  0 0   0   0 0.0 0 0 0 0 0% 87400 177100 43689 56%
c {  1.19 173 0 0 0  0 0   0   0 0.0 0 0 2 6 0% 87400 177100 43689 56%
c i  1.19 170 196 0 0  0 2 318 275 1.4 12 8 6 11 13% 87405 177100 43672 56%
c i  1.19 170 196 0 0  0 2 319 275 1.4 12 8 6 11 13% 87405 177100 43671 56%
c i  1.19 170 186 0 0  0 2 337 288 1.4 11 8 6 11 13% 87405 177100 43652 56%
c i  1.20 172 136 0 0 14 3 479 408 1.5 12 7 5 11 12% 87410 177099 43634 56%
c i  1.20 172 135 0 0 15 3 482 408 1.5 11 7 5 11 12% 87412 177099 43581 56%
c i  1.20 172 134 0 0 15 3 487 412 1.5 11 7 5 11 12% 87412 177099 43580 56%
c -  1.28 173 90 0 1 207 10 1000 495 1.4 15 11 6 14 19% 87195 174667 43580 56%
c -  1.34 173 58 0 2 217 6 2001 1008 1.5 15 10 7 12 23% 87206 174663 43580 56%
c c  1.72 135 50 0 2 217 5 2581 1544 1.5 15 10 7 12 23% 87774 172592 41975 54%
c d  1.73 135 50 0 2 217 5 2581 1543 1.5 15 10 7 12 23% 84924 172589 41968 54%
c
c seconds   switched  rate       size/glue  tier1     binary           remaining
c         MB reductions conflicts      size   tier2       irredundant
c          level restarts   redundant     glue    trail           variables
c
c b  1.74 135 50 0 2 217 5 2581 1543 1.5 15 10 7 12 23% 84924 172589 40921 52%
c u  1.75 135 50 0 2 217 5 2581 1540 1.5 15 10 7 12 23% 83976 172589 40921 52%
c v  1.76 135 50 0 2 217 5 2581 1537 1.5 15 10 7 12 23% 83976 172589 40921 52%
c w  1.76 135 50 0 2 217 5 2581 1536 1.5 15 10 7 12 23% 83976 172589 40921 52%
c =  1.82 137 50 0 2 217 5 2581 1536 1.5 15 10 7 12 23% 84537 171055 40908 52%
c d  1.82 137 50 0 2 217 5 2581 1536 1.5 15 10 7 12 23% 83534 171054 40432 52%
c t  1.83 137 50 0 2 217 5 2581 1536 1.5 15 10 7 12 23% 83500 171054 40432 52%
c b  1.83 137 50 0 2 217 5 2581 1536 1.5 15 10 7 12 23% 83500 171054 39974 51%
c f  1.84 139 50 0 2 217 5 2581 1536 1.5 15 10 7 12 23% 83386 171054 40013 51%
c c  2.08 138 50 0 2 217 5 2581 1536 1.5 15 10 7 12 23% 80270 169717 39470 50%
c d  2.08 139 50 0 2 217 5 2581 1536 1.5 15 10 7 12 23% 79429 169584 39470 50%
c b  2.08 139 50 0 2 217 5 2581 1536 1.5 15 10 7 12 23% 79429 169584 39162 50%
c u  2.09 139 50 0 2 217 5 2581 1514 1.5 15 10 7 12 23% 78886 169584 39162 50%
c v  2.10 139 50 0 2 217 5 2581 1507 1.5 15 10 7 12 23% 78886 169584 39162 50%
c w  2.11 139 50 0 2 217 5 2581 1502 1.5 15 10 7 12 23% 78886 169584 39162 50%
c =  2.14 139 50 0 2 217 5 2581 1502 1.5 15 10 7 12 23% 78905 169315 39153 50%
c d  2.15 139 50 0 2 217 5 2581 1502 1.5 15 10 7 12 23% 78926 169095 39068 50%
c t  2.15 139 50 0 2 217 5 2581 1502 1.5 15 10 7 12 23% 78924 169095 39048 50%
c b  2.15 139 50 0 2 217 5 2581 1502 1.5 15 10 7 12 23% 78924 169095 39022 50%
c f  2.16 139 50 0 2 217 5 2581 1502 1.5 15 10 7 12 23% 78919 169095 39023 50%
c
c seconds   switched  rate       size/glue  tier1     binary           remaining
c         MB reductions conflicts      size   tier2       irredundant
c          level restarts   redundant     glue    trail           variables
c
c i  2.16 139 50 0 2 217 5 2583 1503 1.5 15 10 7 12 23% 78919 169095 39022 50%
c i  2.16 139 50 0 2 217 5 2586 1504 1.5 15 10 7 12 23% 78920 169095 39020 50%
c i  2.17 139 52 0 2 224 5 2673 1582 1.5 15 10 7 12 23% 78920 169095 39002 50%
c i  2.18 139 51 0 2 230 5 2758 1660 1.5 15 10 7 12 23% 78925 169095 39000 50%
c i  2.18 139 51 0 2 230 5 2760 1661 1.5 15 10 7 12 23% 78925 169095 38999 50%
c i  2.18 139 51 0 2 253 5 2888 1780 1.5 15 10 6 11 23% 78927 169095 38984 50%
c i  2.19 139 50 0 2 257 5 2898 1788 1.5 15 10 6 11 23% 78928 169095 38983 50%
c i  2.23 139 48 0 2 299 6 3346 2201 1.6 16 10 6 11 23% 78935 169094 38982 50%
c i  2.23 139 48 0 2 309 6 3374 2228 1.6 16 10 6 11 23% 78935 169094 38981 50%
c -  2.24 139 47 0 3 313 6 3415 1475 1.6 16 10 6 11 23% 77923 168924 38981 50%
c i  2.26 139 45 0 3 319 5 3726 1755 1.7 17 10 6 11 22% 77926 168924 38980 50%
c i  2.26 139 49 0 3 319 5 3816 1825 1.7 17 10 6 11 23% 77938 168924 38979 50%
c i  2.27 139 49 0 3 319 5 3822 1830 1.7 17 10 6 11 23% 77938 168924 38978 50%
c i  2.31 139 52 0 3 409 6 4261 2243 1.7 17 10 6 11 23% 77943 168924 38960 50%
c i  2.32 139 52 0 3 423 6 4512 2471 1.7 17 10 6 11 23% 77945 168924 38959 50%
c i  2.39 139 51 0 3 634 7 5102 3030 1.6 17 10 6 12 24% 77947 168924 38957 50%
c i  2.39 139 52 0 3 634 7 5104 3030 1.6 17 10 6 12 24% 77948 168924 38956 50%
c -  2.40 139 52 0 4 634 7 5150 2018 1.6 17 10 6 12 24% 77794 168924 38931 50%
c i  2.43 139 51 0 4 728 7 5466 2325 1.6 17 11 6 12 24% 77795 168924 38929 50%
c i  2.45 139 52 0 4 773 7 5732 2573 1.6 17 11 6 12 24% 77797 168924 38928 50%
c
c seconds   switched  rate       size/glue  tier1     binary           remaining
c         MB reductions conflicts      size   tier2       irredundant
c          level restarts   redundant     glue    trail           variables
c
c i  2.54 139 52 0 4 984 8 6306 3123 1.6 17 11 6 12 24% 77797 168924 38920 50%
c i  2.61 139 58 0 4 1032 8 6941 3694 1.6 17 11 6 12 25% 77807 168923 38895 50%
c -  2.64 105 58 0 5 1082 8 7150 2850 1.6 17 11 7 13 26% 77628 168923 38873 50%
c c  3.02 116 58 0 5 1204 8 7928 3596 1.6 17 11 7 13 25% 78318 168012 38235 49%
c d  3.03 116 58 0 5 1204 8 7928 3592 1.6 17 11 7 13 25% 77068 167899 38231 49%
c d  3.03 116 58 0 5 1204 8 7928 3590 1.6 17 11 7 13 25% 76859 167899 38127 49%
c b  3.04 116 58 0 5 1204 8 7928 3590 1.6 17 11 7 13 25% 76859 167899 37330 48%
c u  3.05 117 58 0 5 1204 8 7928 3550 1.6 17 11 7 13 25% 76248 167899 37330 48%
c v  3.07 117 58 0 5 1204 8 7928 3533 1.6 17 11 7 13 25% 76248 167899 37330 48%
c w  3.08 118 58 0 5 1204 8 7928 3532 1.6 17 11 7 13 25% 76248 167899 37330 48%
c x  3.09 118 58 0 5 1204 8 7928 3532 1.6 17 11 7 13 25% 76717 166428 36922 47%
c =  3.19 119 58 0 5 1204 8 7928 3532 1.6 17 11 7 13 25% 76791 166273 36843 47%
c d  3.20 119 58 0 5 1204 8 7928 3483 1.6 17 11 7 13 25% 75960 165316 36464 47%
c d  3.21 119 58 0 5 1204 8 7928 3480 1.6 17 11 7 13 25% 75892 165315 36431 46%
c t  3.21 119 58 0 5 1204 8 7928 3480 1.6 17 11 7 13 25% 75841 165315 36422 46%
c b  3.22 119 58 0 5 1204 8 7928 3480 1.6 17 11 7 13 25% 75841 165315 36325 46%
c f  3.22 119 58 0 5 1204 8 7928 3480 1.6 17 11 7 13 25% 75585 165315 36359 46%
c c  3.53 124 58 0 5 1204 8 7928 3480 1.6 17 11 7 13 25% 73007 164595 35740 46%
c d  3.53 124 58 0 5 1204 8 7928 3476 1.6 17 11 7 13 25% 72040 164491 35740 46%
c d  3.54 124 58 0 5 1204 8 7928 3476 1.6 17 11 7 13 25% 71866 164491 35653 45%
c
c seconds   switched   rate       size/glue  tier1     binary           remaining
c         MB reductions conflicts       size   tier2       irredundant
c          level  restarts   redundant     glue    trail           variables
c
c b  3.54 124 58 0 5 1204 8 7928 3476 1.6 17 11 7 13 25% 71866 164491 34999 45%
c u  3.56 124 58 0 5 1204 8 7928 3392 1.6 17 11 7 13 25% 71216 164491 34999 45%
c v  3.57 124 58 0 5 1204 8 7928 3357 1.6 17 11 7 13 25% 71216 164491 34999 45%
c w  3.58 124 58 0 5 1204 8 7928 3357 1.6 17 11 7 13 25% 71216 164491 34999 45%
c x  3.59 124 58 0 5 1204 8 7928 3357 1.6 17 11 7 13 25% 71561 163405 34653 44%
c =  3.68 125 58 0 5 1204 8 7928 3357 1.6 17 11 7 13 25% 71575 163240 34620 44%
c d  3.69 125 58 0 5 1204 8 7928 3357 1.6 17 11 7 13 25% 71040 163107 34313 44%
c d  3.69 125 58 0 5 1204 8 7928 3357 1.6 17 11 7 13 25% 70936 163107 34261 44%
c t  3.70 125 58 0 5 1204 8 7928 3357 1.6 17 11 7 13 25% 70932 163107 34233 44%
c b  3.70 125 58 0 5 1204 8 7928 3357 1.6 17 11 7 13 25% 70932 163107 34145 44%
c f  3.71 125 58 0 5 1204 8 7928 3357 1.6 17 11 7 13 25% 70705 163107 34158 44%
c i  3.71 125 58 0 5 1204 8 7928 3357 1.6 17 11 7 13 25% 70705 163107 34158 44%
c i  3.73 125 57 0 5 1268 8 8252 3651 1.5 17 11 7 13 25% 70710 163105 34139 44%
c i  3.76 125 53 0 5 1269 8 9186 4406 1.6 17 11 6 13 25% 70713 163103 34134 44%
c -  3.79 125 55 0 6 1279 7 9387 3217 1.6 17 11 6 13 25% 68167 162829 34134 44%
c i  3.81 125 53 0 6 1293 7 9934 3745 1.6 17 11 6 13 25% 68167 162829 34129 44%
c i  3.81 125 53 0 6 1293 7 9948 3757 1.6 17 11 6 13 25% 68167 162829 34095 43%
c o  3.82 125 54 0 6 1295 7 10055 3844 1.6 17 11 6 13 25% 68168 162826 34059 43%
c i  3.90 125 53 0 6 1424 7 10668 4397 1.6 17 11 6 13 25% 68169 162818 34057 43%
c i  3.90 125 53 0 6 1424 7 10669 4397 1.6 17 11 6 13 25% 68169 162818 34055 43%
c
c seconds   switched   rate        size/glue  tier1     binary           remaining
c         MB reductions  conflicts       size   tier2       irredundant
c          level  restarts    redundant     glue    trail           variables
c
c -  3.99 125 52 0 7 1613 8 11838 3852 1.6 17 11 6 14 25% 67929 162817 34055 43%
c i  4.02 125 52 0 7 1644 8 12181 4170 1.6 17 11 6 14 25% 67930 162816 34028 43%
c 2  4.06 125 50 0 7 1704 7 12901 4749 1.5 17 11 6 14 25% 67928 162814 33982 43%
c s  4.10 125 50 0 7 1704 7 12901 4749 1.5 17 11 6 14 25% 68027 157605 33982 43%
c e  4.17 101 50 0 7 1704 7 12901 4749 1.5 17 11 6 14 25% 12168 164218 10725 14%
c 2  4.17 101 50 0 7 1704 7 12901 4749 1.5 17 11 6 14 25% 12092 164218 10725 14%
c s  4.21 101 50 0 7 1704 7 12901 4749 1.5 17 11 6 14 25% 12493 158171 10725 14%
c e  4.23 101 50 0 7 1704 7 12901 4749 1.5 17 11 6 14 25% 11998 158408 10437 13%
c ^  4.23 101 50 0 7 1704 7 12901 4749 1.5 17 11 6 14 25% 11998 158408 10437 13%
c i  4.24 101 51 0 7 1704 7 12978 2669 1.5 17 11 6 14 25% 11998 158408 10436 13%
c i  4.24 101 52 0 7 1704 7 13178 2843 1.5 17 11 6 14 25% 12000 158408 10431 13%
c -  4.29 101 52 0 8 1747 7 14483 2805 1.6 17 11 6 14 25% 11924 158364 10431 13%
c c  4.37 109 51 0 8 1810 6 16201 4367 1.6 17 11 6 14 24% 12101 158221 10381 13%
c d  4.37 109 51 0 8 1810 6 16201 4365 1.6 17 11 6 14 24% 11995 158211 10377 13%
c b  4.38 109 51 0 8 1810 6 16201 4365 1.6 17 11 6 14 24% 11995 158211 10343 13%
c u  4.39 109 51 0 8 1810 6 16201 4288 1.6 17 11 6 14 24% 11895 158211 10343 13%
c v  4.40 109 51 0 8 1810 6 16201 4176 1.6 17 11 6 14 24% 11895 158211 10343 13%
c w  4.41 109 51 0 8 1810 6 16201 4145 1.6 17 11 6 14 24% 11895 158211 10343 13%
c x  4.44 109 51 0 8 1810 6 16201 4145 1.6 17 11 6 14 24% 11977 157986 10307 13%
c =  4.53 111 51 0 8 1810 6 16201 4145 1.6 17 11 6 14 24% 11987 157811 10285 13%
c
c seconds   switched   rate        size/glue  tier1     binary           remaining
c         MB reductions  conflicts       size   tier2       irredundant
c          level  restarts    redundant     glue    trail           variables
c
c d  4.53 111 51 0 8 1810 6 16201 4145 1.6 17 11 6 14 24% 12128 157641 10285 13%
c t  4.55 111 51 0 8 1810 6 16201 4145 1.6 17 11 6 14 24% 11899 157641 10253 13%
c b  4.55 111 51 0 8 1810 6 16201 4145 1.6 17 11 6 14 24% 11899 157641 10214 13%
c f  4.56 111 51 0 8 1810 6 16201 4145 1.6 17 11 6 14 24% 11897 157025 10373 13%
c c  4.58 111 51 0 8 1810 6 16201 4145 1.6 17 11 6 14 24% 11482 156823 10368 13%
c d  4.59 111 51 0 8 1810 6 16201 4145 1.6 17 11 6 14 24% 11656 156639 10368 13%
c b  4.59 111 51 0 8 1810 6 16201 4145 1.6 17 11 6 14 24% 11656 156639 10352 13%
c u  4.60 111 51 0 8 1810 6 16201 4072 1.6 17 11 6 14 24% 11631 156639 10352 13%
c v  4.62 111 51 0 8 1810 6 16201 3971 1.6 17 11 6 14 24% 11631 156639 10352 13%
c w  4.62 111 51 0 8 1810 6 16201 3962 1.6 17 11 6 14 24% 11631 156639 10352 13%
c =  4.70 112 51 0 8 1810 6 16201 3962 1.6 17 11 6 14 24% 11674 156535 10336 13%
c t  4.71 112 51 0 8 1810 6 16201 3962 1.6 17 11 6 14 24% 11649 156486 10336 13%
c b  4.71 112 51 0 8 1810 6 16201 3962 1.6 17 11 6 14 24% 11649 156486 10318 13%
c f  4.72 112 51 0 8 1810 6 16201 3962 1.6 17 11 6 14 24% 11650 156481 10320 13%
c i  4.73 112 51 0 8 1810 6 16201 3962 1.6 17 11 6 14 24% 11650 156481 10320 13%
c i  4.74 112 51 0 8 1810 7 16229 3983 1.6 17 11 6 14 24% 11652 156479 10312 13%
c i  4.74 112 51 0 8 1810 7 16230 3983 1.6 17 11 6 14 24% 11652 156479 10308 13%
c i  4.77 112 53 0 8 1840 6 17183 4835 1.6 17 11 6 14 24% 11667 156478 10254 13%
c -  4.77 112 53 0 9 1840 6 17311 3556 1.6 17 11 6 13 24% 11450 156477 10254 13%
c i  4.77 112 53 0 9 1840 6 17354 3586 1.6 17 11 6 13 24% 11456 156477 10233 13%
c
c seconds   switched   rate        size/glue  tier1     binary           remaining
c         MB reductions  conflicts       size   tier2       irredundant
c          level  restarts    redundant     glue    trail           variables
c
c i  4.77 112 53 0 9 1840 6 17356 3586 1.6 17 11 6 13 24% 11457 156477 10231 13%
c i  4.78 112 54 0 9 1845 6 17862 4061 1.6 17 11 6 13 25% 11460 156476 10227 13%
c i  4.79 112 54 0 9 1845 6 17897 4090 1.6 17 11 6 13 25% 11461 156475 10226 13%
c i  4.79 112 55 0 9 1845 6 17951 4139 1.6 17 11 6 13 25% 11462 156475 10217 13%
c -  4.83 112 52 0 10 1919 6 20312 4483 1.6 17 10 6 13 23% 11379 156474 10205 13%
c -  4.85 112 46 0 11 1929 5 23474 4948 1.6 16 10 6 12 21% 11379 156474 10205 13%
c 2  4.87 112 43 0 11 1929 5 25521 6053 1.5 15 10 6 12 20% 11379 156474 10203 13%
c s  4.87 112 43 0 11 1929 5 25521 6053 1.5 15 10 6 12 20% 11462 155009 10203 13%
c e  4.91 112 43 0 11 1929 5 25521 6053 1.5 15 10 6 12 20% 8978 158741 8077 10%
c 2  4.91 112 43 0 11 1929 5 25521 6053 1.5 15 10 6 12 20% 8961 158741 8077 10%
c s  4.92 112 43 0 11 1929 5 25521 6053 1.5 15 10 6 12 20% 9166 157851 8076 10%
c e  4.94 112 43 0 11 1929 5 25521 6053 1.5 15 10 6 12 20% 9057 157984 8009 10%
c ^  4.94 112 43 0 11 1929 5 25521 6053 1.5 15 10 6 12 20% 9057 157984 8009 10%
c o  4.95 112 43 0 11 1929 5 25521 5618 1.5 15 10 6 12 20% 9057 157984 8009 10%
c -  5.02 94 44 0 12 2075 5 26791 5126 1.5 15 10 5 12 20% 9119 157921 8009 10%
c d  5.03 94 44 0 12 2098 5 27429 5727 1.6 15 10 5 12 20% 9117 157921 8008 10%
c u  5.05 95 44 0 12 2098 5 27429 5693 1.6 15 10 5 12 20% 9096 157921 8008 10%
c v  5.06 95 44 0 12 2098 5 27429 5652 1.6 15 10 5 12 20% 9096 157921 8008 10%
c w  5.07 95 44 0 12 2098 5 27429 5646 1.6 15 10 5 12 20% 9096 157921 8008 10%
c =  5.09 97 44 0 12 2098 5 27429 5646 1.6 15 10 5 12 20% 9096 157884 7998 10%
c
c seconds  switched    rate        size/glue  tier1     binary         remaining
c        MB  reductions  conflicts       size   tier2      irredundant
c         level   restarts    redundant     glue    trail         variables
c
c t  5.10 97 44 0 12 2098 5 27429 5646 1.6 15 10 5 12 20% 9025 157868 7998 10%
c f  5.11 97 44 0 12 2098 5 27429 5646 1.6 15 10 5 12 20% 9025 157619 8051 10%
c u  5.14 97 44 0 12 2098 5 27429 5632 1.6 15 10 5 12 20% 9117 157619 8051 10%
c v  5.15 97 44 0 12 2098 5 27429 5624 1.6 15 10 5 12 20% 9117 157619 8051 10%
c w  5.16 97 44 0 12 2098 5 27429 5623 1.6 15 10 5 12 20% 9117 157619 8051 10%
c t  5.20 98 44 0 12 2098 5 27429 5623 1.6 15 10 5 12 20% 9077 157619 8051 10%
c f  5.21 98 44 0 12 2098 5 27429 5623 1.6 15 10 5 12 20% 9116 157466 8081 10%
c -  5.29 98 44 0 13 2217 5 30255 6097 1.6 15 10 5 12 20% 9120 157454 8081 10%
c i  5.30 96 44 0 13 2257 5 30548 6247 1.6 15 10 5 12 20% 9124 157452 8080 10%
c -  5.43 96 43 0 14 2740 5 33860 7639 1.6 15 10 6 12 20% 9114 157442 8068 10%
c -  5.57 97 44 0 15 3148 5 37605 8899 1.6 16 10 6 12 20% 9125 157434 8068 10%
c -  5.71 97 46 0 16 3401 5 41477 9962 1.6 16 10 6 12 20% 9136 157417 8068 10%
c d  5.72 97 46 0 16 3490 5 41881 10351 1.6 16 10 6 12 20% 9132 157339 8060 10%
c b  5.73 97 46 0 16 3490 5 41881 10351 1.6 16 10 6 12 20% 9132 157339 8055 10%
c u  5.75 97 46 0 16 3490 5 41881 10222 1.6 16 10 6 12 20% 9132 157339 8055 10%
c v  5.77 97 46 0 16 3490 5 41881 10170 1.6 16 10 6 12 20% 9132 157339 8055 10%
c w  5.78 97 46 0 16 3490 5 41881 10166 1.6 16 10 6 12 20% 9132 157339 8055 10%
c t  5.78 97 46 0 16 3490 5 41881 10166 1.6 16 10 6 12 20% 9113 157313 8054 10%
c f  5.81 97 46 0 16 3490 5 41881 10166 1.6 16 10 6 12 20% 9121 157280 8062 10%
c u  5.84 97 46 0 16 3490 5 41881 9838 1.6 16 10 6 12 20% 9123 157277 8062 10%
c
c seconds  switched    rate        size/glue  tier1     binary         remaining
c        MB  reductions  conflicts       size   tier2      irredundant
c         level   restarts    redundant     glue    trail         variables
c
c v  5.86 97 46 0 16 3490 5 41881 9781 1.6 16 10 6 12 20% 9123 157277 8062 10%
c w  5.87 97 46 0 16 3490 5 41881 9776 1.6 16 10 6 12 20% 9123 157277 8062 10%
c =  5.95 90 46 0 16 3490 5 41881 9776 1.6 16 10 6 12 20% 9125 157159 8025 10%
c d  5.95 90 46 0 16 3490 5 41881 9773 1.6 16 10 6 12 20% 9168 157083 8025 10%
c t  5.96 90 46 0 16 3490 5 41881 9773 1.6 16 10 6 12 20% 9162 157083 8025 10%
c i  6.06 91 47 0 16 3622 5 44870 12508 1.6 16 10 6 12 20% 9175 157078 8021 10%
c -  6.10 92 47 0 17 3737 5 45479 10749 1.6 16 10 6 12 20% 9072 157078 8021 10%
c o  6.12 92 46 0 17 3739 5 46176 11412 1.6 16 10 6 12 20% 9073 157078 8021 10%
c i  6.12 92 47 0 17 3763 5 46267 11494 1.6 16 10 6 12 20% 9075 157077 7996 10%
c i  6.12 92 47 0 17 3763 5 46268 11494 1.6 16 10 6 12 20% 9075 157077 7994 10%
c i  6.17 93 47 0 17 3947 5 47177 12345 1.6 16 10 6 12 20% 9081 157071 7993 10%
c -  6.29 93 47 0 18 4285 5 49602 11907 1.6 16 10 6 12 20% 9024 157053 7993 10%
c i  6.36 94 48 0 18 4416 5 50906 13096 1.6 16 10 6 12 20% 9029 157046 7987 10%
c s  6.49 94 48 0 18 4704 5 52863 14939 1.6 16 10 6 12 20% 9059 154994 7987 10%
c e  6.52 96 48 0 18 4704 5 52863 14939 1.6 16 10 6 12 20% 7906 157804 6938 9%
c 2  6.52 96 48 0 18 4704 5 52863 14939 1.6 16 10 6 12 20% 7902 157804 6938 9%
c s  6.55 96 48 0 18 4704 5 52863 14939 1.6 16 10 6 12 20% 7986 156013 6938 9%
c e  6.57 96 48 0 18 4704 5 52863 14939 1.6 16 10 6 12 20% 7929 156121 6906 9%
c ^  6.57 96 48 0 18 4704 5 52863 14939 1.6 16 10 6 12 20% 7929 156121 6906 9%
c -  6.62 96 47 0 19 4872 5 53845 11094 1.6 16 10 5 12 20% 7967 156077 6906 9%
c
c seconds  switched    rate         size/glue  tier1     binary        remaining
c        MB  reductions  conflicts        size   tier2      irredundant
c         level   restarts     redundant     glue    trail         variables
c
c -  6.80 77 50 0 20 5278 5 58203 11655 1.6 16 10 5 12 20% 7978 156069 6906 9%
c c  6.86 82 50 0 20 5297 5 59661 12994 1.6 16 10 5 12 21% 8006 156058 6904 9%
c d  6.86 82 50 0 20 5297 5 59661 12994 1.6 16 10 5 12 21% 7999 156055 6902 9%
c b  6.87 82 50 0 20 5297 5 59661 12994 1.6 16 10 5 12 21% 7999 156055 6899 9%
c u  6.89 84 50 0 20 5297 5 59661 12767 1.6 16 10 5 12 21% 7996 156055 6899 9%
c v  6.92 84 50 0 20 5297 5 59661 12734 1.6 16 10 5 12 21% 7996 156055 6899 9%
c w  6.93 84 50 0 20 5297 5 59661 12730 1.6 16 10 5 12 21% 7996 156055 6899 9%
c =  7.04 88 50 0 20 5297 5 59661 12730 1.6 16 10 5 12 21% 8317 155628 6750 9%
c d  7.05 88 50 0 20 5297 5 59661 12713 1.6 16 10 5 12 21% 7934 155608 6750 9%
c t  7.05 88 50 0 20 5297 5 59661 12713 1.6 16 10 5 12 21% 7787 155608 6743 9%
c f  7.08 88 50 0 20 5297 5 59661 12713 1.6 16 10 5 12 21% 7940 154526 6872 9%
c b  7.08 93 50 0 20 5297 5 59661 12713 1.6 16 10 5 12 21% 7951 154492 6866 9%
c u  7.13 95 50 0 20 5297 5 59661 12632 1.6 16 10 5 12 21% 7953 154492 6866 9%
c v  7.16 95 50 0 20 5297 5 59661 12568 1.6 16 10 5 12 21% 7953 154492 6866 9%
c w  7.17 95 50 0 20 5297 5 59661 12563 1.6 16 10 5 12 21% 7953 154492 6866 9%
c =  7.26 98 50 0 20 5297 5 59661 12563 1.6 16 10 5 12 21% 8087 154306 6799 9%
c d  7.27 98 50 0 20 5297 5 59661 12547 1.6 16 10 5 12 21% 7931 154285 6799 9%
c t  7.28 98 50 0 20 5297 5 59661 12547 1.6 16 10 5 12 21% 7904 154285 6799 9%
c f  7.28 98 50 0 20 5297 5 59661 12547 1.6 16 10 5 12 21% 7905 154274 6800 9%
c i  7.36 105 48 0 20 5360 5 62065 14822 1.6 17 10 5 12 20% 7908 154272 6795 9%
c
c seconds   switched    rate         size/glue  tier1     binary        remaining
c         MB  reductions  conflicts        size   tier2      irredundant
c          level   restarts     redundant     glue    trail         variables
c
c -  7.38 105 49 0 21 5440 5 62676 12254 1.6 17 10 5 12 20% 7815 154255 6789 9%
c -  7.49 106 48 0 22 5650 5 67258 12583 1.6 16 10 5 12 20% 7816 154254 6789 9%
c -  7.53 106 44 0 23 5650 4 71949 12986 1.6 16 10 5 11 19% 7816 154254 6789 9%
c i  7.62 106 45 0 23 5748 4 73794 14318 1.6 16 10 5 11 19% 7826 154250 6788 9%
c -  7.72 94 45 0 24 5883 4 76746 14264 1.6 16 10 5 11 19% 7825 154247 6788 9%
c o  7.75 94 44 0 24 5885 4 78142 15417 1.6 16 10 5 11 19% 7826 154247 6788 9%
c d  7.87 94 44 0 24 6217 4 80880 17480 1.6 16 10 5 11 19% 7831 152651 6786 9%
c d  7.87 94 44 0 24 6217 4 80880 17480 1.6 16 10 5 11 19% 7829 152650 6785 9%
c b  7.87 94 44 0 24 6217 4 80880 17480 1.6 16 10 5 11 19% 7829 152650 6780 9%
c u  7.89 94 44 0 24 6217 4 80880 17337 1.6 16 10 5 11 19% 7830 152650 6780 9%
c v  7.92 94 44 0 24 6217 4 80880 17024 1.6 16 10 5 11 19% 7830 152650 6780 9%
c w  7.93 94 44 0 24 6217 4 80880 17008 1.6 16 10 5 11 19% 7830 152650 6780 9%
c =  8.00 95 44 0 24 6217 4 80880 17008 1.6 16 10 5 11 19% 7937 152522 6729 9%
c d  8.01 95 44 0 24 6217 4 80880 17003 1.6 16 10 5 11 19% 7817 152508 6729 9%
c t  8.01 95 44 0 24 6217 4 80880 17003 1.6 16 10 5 11 19% 7780 152508 6729 9%
c f  8.02 95 44 0 24 6217 4 80880 17003 1.6 16 10 5 11 19% 7781 152502 6730 9%
c u  8.06 102 44 0 24 6217 4 80880 16812 1.6 16 10 5 11 19% 7783 152502 6730 9%
c v  8.08 102 44 0 24 6217 4 80880 16706 1.6 16 10 5 11 19% 7783 152502 6730 9%
c w  8.11 103 44 0 24 6217 4 80880 16705 1.6 16 10 5 11 19% 7783 152502 6730 9%
c =  8.18 106 44 0 24 6217 4 80880 16705 1.6 16 10 5 11 19% 7868 152401 6685 9%
c
c seconds   switched    rate         size/glue  tier1     binary        remaining
c         MB  reductions  conflicts        size   tier2      irredundant
c          level   restarts     redundant     glue    trail         variables
c
c d  8.18 106 44 0 24 6217 4 80880 16701 1.6 16 10 5 11 19% 7771 152390 6685 9%
c t  8.19 106 44 0 24 6217 4 80880 16701 1.6 16 10 5 11 19% 7750 152390 6685 9%
c -  8.24 106 44 0 25 6310 4 81646 14757 1.6 16 10 5 11 19% 7728 152390 6685 9%
c -  8.39 105 43 0 26 6743 4 86647 15879 1.6 16 10 5 11 19% 7732 152387 6685 9%
c i  8.47 106 42 0 26 6783 4 90603 18768 1.6 16 10 5 11 18% 7736 152380 6681 9%
c i  8.52 106 41 0 26 6910 4 91705 19782 1.6 16 10 5 11 18% 7737 152380 6677 9%
c -  8.52 106 41 0 27 6910 4 91746 16811 1.6 16 10 5 11 18% 7698 152380 6671 9%
c s  8.75 107 41 0 27 7443 4 96876 21527 1.6 16 10 5 11 18% 7756 150947 6671 9%
c e  8.78 108 41 0 27 7443 4 96876 21527 1.6 16 10 5 11 18% 6651 155005 5738 7%
c 2  8.78 108 41 0 27 7443 4 96876 21527 1.6 16 10 5 11 18% 6639 155005 5738 7%
c s  8.83 108 41 0 27 7443 4 96876 21527 1.6 16 10 5 11 18% 6724 153445 5738 7%
c e  8.84 108 41 0 27 7443 4 96876 21527 1.6 16 10 5 11 18% 6616 153753 5675 7%
c ^  8.84 108 41 0 27 7443 4 96876 21527 1.6 16 10 5 11 18% 6616 153753 5675 7%
c -  8.86 108 41 0 28 7443 4 96942 15767 1.6 16 10 5 11 18% 6632 153740 5675 7%
c -  9.04 107 40 0 29 8165 4 102235 16964 1.6 16 10 5 11 18% 6640 153732 5675 7%
c c  9.09 98 39 0 29 8242 4 105666 19543 1.6 16 10 5 11 18% 6686 153715 5672 7%
c d  9.10 98 39 0 29 8242 4 105666 19543 1.6 16 10 5 11 18% 6680 153715 5672 7%
c b  9.10 98 39 0 29 8242 4 105666 19543 1.6 16 10 5 11 18% 6680 153715 5668 7%
c u  9.12 98 39 0 29 8242 4 105666 18724 1.6 16 10 5 11 18% 6677 153715 5668 7%
c v  9.16 98 39 0 29 8242 4 105666 18676 1.6 16 10 5 11 18% 6677 153715 5668 7%
c
c seconds  switched    rate          size/glue  tier1     binary        remaining
c        MB  reductions  conflicts         size   tier2      irredundant
c         level   restarts      redundant     glue    trail         variables
c
c w  9.17 98 39 0 29 8242 4 105666 18507 1.6 16 10 5 11 18% 6677 153715 5668 7%
c x  9.19 98 39 0 29 8242 4 105666 18506 1.6 16 10 5 11 18% 6689 153650 5668 7%
c =  9.29 98 39 0 29 8242 4 105666 18506 1.6 16 10 5 11 18% 6888 153388 5574 7%
c d  9.29 98 39 0 29 8242 4 105666 18495 1.6 16 10 5 11 18% 6664 153388 5574 7%
c t  9.30 98 39 0 29 8242 4 105666 18495 1.6 16 10 5 11 18% 6518 153388 5574 7%
c f  9.33 98 39 0 29 8242 4 105666 18495 1.6 16 10 5 11 18% 6526 153123 5598 7%
c u  9.36 98 39 0 29 8242 4 105666 17620 1.6 16 10 5 11 18% 6526 153123 5598 7%
c v  9.40 98 39 0 29 8242 4 105666 16469 1.6 16 10 5 11 18% 6526 153123 5598 7%
c w  9.41 98 39 0 29 8242 4 105666 16452 1.6 16 10 5 11 18% 6526 153123 5598 7%
c =  9.51 98 39 0 29 8242 4 105666 16452 1.6 16 10 5 11 18% 6695 152889 5516 7%
c d  9.51 98 39 0 29 8242 4 105666 16448 1.6 16 10 5 11 18% 6491 152889 5516 7%
c t  9.51 98 39 0 29 8242 4 105666 16448 1.6 16 10 5 11 18% 6444 152889 5516 7%
c f  9.52 98 39 0 29 8242 4 105666 16448 1.6 16 10 5 11 18% 6446 152876 5517 7%
c -  9.61 98 40 0 30 8532 4 107620 15931 1.6 16 10 5 11 18% 6434 152870 5517 7%
c -  9.79 97 39 0 31 9035 4 113097 17471 1.6 16 10 5 11 18% 6440 152864 5517 7%
c o  9.99 81 39 0 31 9807 4 118327 22359 1.6 16 10 5 11 18% 6441 152861 5517 7%
c - 10.02 81 39 0 32 9901 5 118665 18508 1.6 16 10 5 11 18% 6441 152860 5517 7%
c i 10.11 82 39 0 32 10270 5 120942 20618 1.6 16 10 5 11 18% 6446 152857 5516 7%
c - 10.27 82 39 0 33 10752 5 124323 19416 1.6 16 10 5 11 18% 6447 152855 5516 7%
c i 10.43 82 40 0 33 11275 5 128326 23220 1.6 17 10 5 11 19% 6452 152849 5511 7%
c
c seconds  switched     rate          size/glue  tier1     binary        remaining
c        MB  reductions   conflicts         size   tier2      irredundant
c         level   restarts       redundant     glue    trail         variables
c
c - 10.51 83 41 0 34 11532 5 130067 20322 1.6 17 10 5 11 19% 6435 152847 5501 7%
c d 10.65 72 40 0 34 11936 5 134099 23829 1.6 17 10 5 11 19% 6442 152683 5497 7%
c b 10.65 72 40 0 34 11936 5 134099 23829 1.6 17 10 5 11 19% 6442 152683 5493 7%
c u 10.68 73 40 0 34 11936 5 134099 23727 1.6 17 10 5 11 19% 6442 152683 5493 7%
c v 10.70 73 40 0 34 11936 5 134099 23439 1.6 17 10 5 11 19% 6442 152683 5493 7%
c w 10.72 73 40 0 34 11936 5 134099 23409 1.6 17 10 5 11 19% 6442 152683 5493 7%
c x 10.74 73 40 0 34 11936 5 134099 23388 1.6 17 10 5 11 19% 6459 152486 5493 7%
c = 10.91 76 40 0 34 11936 5 134099 23388 1.6 17 10 5 11 19% 6488 152451 5479 7%
c d 10.91 76 40 0 34 11936 5 134099 23383 1.6 17 10 5 11 19% 6455 152451 5479 7%
c t 10.92 76 40 0 34 11936 5 134099 23383 1.6 17 10 5 11 19% 6434 152451 5479 7%
c u 10.97 76 40 0 34 11936 5 134099 23290 1.6 17 10 5 11 19% 6434 152451 5479 7%
c v 11.00 76 40 0 34 11936 5 134099 23185 1.6 17 10 5 11 19% 6434 152451 5479 7%
c w 11.02 76 40 0 34 11936 5 134099 23180 1.6 17 10 5 11 19% 6434 152451 5479 7%
c x 11.05 76 40 0 34 11936 5 134099 23180 1.6 17 10 5 11 19% 6434 152357 5479 7%
c - 11.20 78 41 0 35 12054 5 135897 20841 1.6 17 10 5 11 19% 6416 152347 5479 7%
c i 11.23 78 41 0 35 12112 5 137152 21939 1.6 17 10 5 11 19% 6425 152345 5477 7%
c - 11.40 78 42 0 36 12484 5 141813 21554 1.6 17 10 5 11 19% 6423 152339 5477 7%
c - 11.62 82 41 0 37 13066 5 147815 22726 1.6 17 10 5 11 19% 6428 152334 5477 7%
c - 11.86 83 41 0 38 13580 5 153897 23849 1.6 17 10 5 11 19% 6441 152327 5477 7%
c i 12.00 85 41 0 38 13919 5 157386 27114 1.6 17 10 5 11 19% 6445 152325 5475 7%
c
c seconds  switched     rate          size/glue  tier1     binary        remaining
c        MB  reductions   conflicts         size   tier2      irredundant
c         level   restarts       redundant     glue    trail         variables
c
c i 12.00 85 41 0 38 13919 5 157501 27217 1.6 17 10 5 11 19% 6446 152325 5473 7%
c s 12.14 78 42 0 38 14028 5 159370 28854 1.6 17 10 5 11 19% 6501 148420 5473 7%
c e 12.17 81 42 0 38 14028 5 159370 28854 1.6 17 10 5 11 19% 5673 152841 4841 6%
c 2 12.17 81 42 0 38 14028 5 159370 28854 1.6 17 10 5 11 19% 5663 152841 4841 6%
c s 12.24 81 42 0 38 14028 5 159370 28854 1.6 17 10 5 11 19% 5735 150831 4841 6%
c e 12.25 81 42 0 38 14028 5 159370 28854 1.6 17 10 5 11 19% 5661 151268 4786 6%
c ^ 12.25 81 42 0 38 14028 5 159370 28854 1.6 17 10 5 11 19% 5661 151268 4786 6%
c - 12.28 81 42 0 39 14045 5 160061 21766 1.6 17 10 5 11 19% 5680 151246 4786 6%
c d 12.42 82 41 0 39 14349 5 166282 26593 1.6 17 10 5 11 19% 5678 151243 4785 6%
c b 12.42 82 41 0 39 14349 5 166282 26593 1.6 17 10 5 11 19% 5678 151243 4775 6%
c u 12.45 82 41 0 39 14349 5 166282 26514 1.6 17 10 5 11 19% 5674 151243 4775 6%
c v 12.49 83 41 0 39 14349 5 166282 26454 1.6 17 10 5 11 19% 5674 151243 4775 6%
c w 12.50 83 41 0 39 14349 5 166282 26453 1.6 17 10 5 11 19% 5674 151243 4775 6%
c x 12.53 83 41 0 39 14349 5 166282 26447 1.6 17 10 5 11 19% 5700 150963 4775 6%
c t 12.54 83 41 0 39 14349 5 166282 26447 1.6 17 10 5 11 19% 5625 150963 4775 6%
c f 12.57 83 41 0 39 14349 5 166282 26447 1.6 17 10 5 11 19% 5617 150789 4784 6%
c c 12.60 88 41 0 39 14349 5 166282 26446 1.6 17 10 5 11 19% 5595 150745 4779 6%
c d 12.60 88 41 0 39 14349 5 166282 26445 1.6 17 10 5 11 19% 5602 150735 4779 6%
c b 12.61 88 41 0 39 14349 5 166282 26445 1.6 17 10 5 11 19% 5602 150735 4774 6%
c u 12.64 90 41 0 39 14349 5 166282 26363 1.6 17 10 5 11 19% 5596 150735 4774 6%
c
c seconds  switched     rate          size/glue  tier1     binary        remaining
c        MB  reductions   conflicts         size   tier2      irredundant
c         level   restarts       redundant     glue    trail         variables
c
c v 12.66 91 41 0 39 14349 5 166282 26326 1.6 17 10 5 11 19% 5596 150735 4774 6%
c w 12.68 91 41 0 39 14349 5 166282 26322 1.6 17 10 5 11 19% 5596 150735 4774 6%
c x 12.70 90 41 0 39 14349 5 166282 26315 1.6 17 10 5 11 19% 5605 150481 4774 6%
c = 12.85 91 41 0 39 14349 5 166282 26315 1.6 17 10 5 11 19% 5615 150456 4763 6%
c d 12.86 91 41 0 39 14349 5 166282 26312 1.6 17 10 5 11 19% 5616 150432 4763 6%
c t 12.86 91 41 0 39 14349 5 166282 26312 1.6 17 10 5 11 19% 5598 150432 4763 6%
c - 12.88 83 41 0 40 14349 5 166305 22817 1.6 17 10 5 11 19% 5563 150432 4763 6%
c o 12.95 83 41 0 40 14570 5 168380 24711 1.6 17 10 5 11 19% 5566 150431 4763 6%
c i 13.05 83 41 0 40 14852 5 170978 26954 1.6 17 10 5 11 19% 5569 150428 4761 6%
c i 13.11 84 41 0 40 15037 5 172055 27975 1.6 17 10 5 11 19% 5569 150428 4758 6%
c - 13.14 84 41 0 41 15116 5 172630 23898 1.6 17 10 5 11 19% 5548 150427 4756 6%
c - 13.37 85 42 0 42 15666 5 179033 21539 1.6 17 10 4 11 19% 5551 150421 4756 6%
c i 13.39 85 42 0 42 15676 5 179837 22269 1.6 17 10 4 11 19% 5554 150417 4748 6%
c - 13.60 85 41 0 43 16348 5 185513 20778 1.6 17 11 4 11 19% 5529 150415 4748 6%
c i 13.65 87 42 0 43 16558 5 187146 22260 1.6 17 11 4 11 19% 5531 150409 4740 6%
c - 13.83 91 43 0 44 16990 5 192071 20763 1.6 17 11 4 11 20% 5523 150403 4740 6%
c i 14.06 93 43 0 44 17442 5 198309 26425 1.6 17 11 4 11 20% 5528 150388 4739 6%
c - 14.08 93 43 0 45 17501 5 198705 21058 1.6 17 11 4 11 20% 5517 150384 4730 6%
c b 14.22 96 43 0 45 17787 5 202298 24381 1.6 17 11 4 11 20% 5575 150044 4717 6%
c u 14.25 96 43 0 45 17787 5 202298 24080 1.6 17 11 4 11 20% 5570 150044 4717 6%
c
c seconds  switched     rate          size/glue  tier1     binary        remaining
c        MB  reductions   conflicts         size   tier2      irredundant
c         level   restarts       redundant     glue    trail         variables
c
c v 14.28 97 43 0 45 17787 5 202298 23636 1.6 17 11 4 11 20% 5570 150044 4717 6%
c w 14.31 97 43 0 45 17787 5 202298 23632 1.6 17 11 4 11 20% 5570 150044 4717 6%
c x 14.33 97 43 0 45 17787 5 202298 23631 1.6 17 11 4 11 20% 5602 149814 4717 6%
c = 14.51 81 43 0 45 17787 5 202298 23631 1.6 17 11 4 11 20% 5611 149793 4708 6%
c d 14.52 81 43 0 45 17787 5 202298 23630 1.6 17 11 4 11 20% 5604 149777 4708 6%
c t 14.53 81 43 0 45 17787 5 202298 23630 1.6 17 11 4 11 20% 5590 149777 4704 6%
c b 14.53 81 43 0 45 17787 5 202298 23630 1.6 17 11 4 11 20% 5590 149777 4700 6%
c u 14.59 81 43 0 45 17787 5 202298 23342 1.6 17 11 4 11 20% 5599 149721 4700 6%
c v 14.63 81 43 0 45 17787 5 202298 23181 1.6 17 11 4 11 20% 5599 149721 4700 6%
c w 14.64 81 43 0 45 17787 5 202298 23177 1.6 17 11 4 11 20% 5599 149721 4700 6%
c x 14.67 81 43 0 45 17787 5 202298 23174 1.6 17 11 4 11 20% 5599 149615 4700 6%
c = 14.83 81 43 0 45 17787 5 202298 23174 1.6 17 11 4 11 20% 5601 149583 4693 6%
c d 14.84 81 43 0 45 17787 5 202298 23174 1.6 17 11 4 11 20% 5617 149546 4693 6%
c t 14.84 81 43 0 45 17787 5 202298 23174 1.6 17 11 4 11 20% 5612 149546 4693 6%
c b 14.84 81 43 0 45 17787 5 202298 23174 1.6 17 11 4 11 20% 5612 149546 4689 6%
c - 14.97 81 43 0 46 18019 5 205413 20877 1.6 17 11 4 11 20% 5494 149540 4689 6%
c i 15.16 82 42 0 46 18490 5 210930 25962 1.6 18 11 4 11 20% 5498 149537 4688 6%
c - 15.20 75 42 0 47 18527 4 212195 21709 1.6 18 11 4 11 20% 5495 149533 4688 6%
c i 15.24 75 42 0 47 18533 4 213611 23028 1.6 18 11 4 11 20% 5496 149531 4687 6%
c - 15.50 82 42 0 48 19049 4 219050 22441 1.6 18 11 4 11 20% 5497 149523 4687 6%
c
c seconds  switched     rate          size/glue  tier1     binary        remaining
c        MB  reductions   conflicts         size   tier2      irredundant
c         level   restarts       redundant     glue    trail         variables
c
c - 15.75 83 42 0 49 19638 4 225978 22951 1.7 18 11 4 11 20% 5497 149515 4687 6%
c o 15.85 85 41 0 49 19805 4 228700 25375 1.7 18 11 4 11 20% 5497 149508 4687 6%
c i 15.85 85 41 0 49 19805 4 228712 25385 1.7 18 11 4 11 20% 5498 149507 4686 6%
c i 15.85 85 41 0 49 19805 4 228733 25399 1.7 18 11 4 11 20% 5500 149505 4684 6%
c i 15.85 85 41 0 49 19805 4 228742 25407 1.7 18 11 4 11 20% 5500 149505 4683 6%
c - 16.03 85 42 0 50 20488 5 232978 23366 1.6 18 11 4 12 20% 5495 149501 4683 6%
c - 16.29 87 42 0 51 20748 4 240050 23965 1.7 18 11 4 12 20% 5499 149492 4683 6%
c s 16.44 87 42 0 51 20995 4 242036 25802 1.6 18 11 4 12 20% 5542 147929 4683 6%
c e 16.48 90 42 0 51 20995 4 242036 25802 1.6 18 11 4 12 20% 4711 156007 4050 5%
c 2 16.48 90 42 0 51 20995 4 242036 25802 1.6 18 11 4 12 20% 4703 156007 4050 5%
c s 16.57 90 42 0 51 20995 4 242036 25802 1.6 18 11 4 12 20% 4763 152962 4050 5%
c e 16.59 90 42 0 51 20995 4 242036 25802 1.6 18 11 4 12 20% 4678 153570 4006 5%
c ! 16.59 90 42 0 51 20995 4 242036 25802 1.6 18 11 4 12 20% 4678 153570 4006 5%
c b 16.61 90 42 0 51 21031 4 242210 22408 1.6 18 11 4 12 20% 4684 153564 4000 5%
c u 16.63 90 42 0 51 21031 4 242210 22141 1.6 18 11 4 12 20% 4677 153564 4000 5%
c v 16.67 90 42 0 51 21031 4 242210 22075 1.6 18 11 4 12 20% 4678 153564 4000 5%
c w 16.69 90 42 0 51 21031 4 242210 22070 1.6 18 11 4 12 20% 4678 153564 4000 5%
c x 16.71 90 42 0 51 21031 4 242210 22068 1.6 18 11 4 12 20% 4706 153457 4000 5%
c = 16.90 92 42 0 51 21031 4 242210 22068 1.6 18 11 4 12 20% 4715 153448 3996 5%
c d 16.90 92 42 0 51 21031 4 242210 22068 1.6 18 11 4 12 20% 4705 153448 3996 5%
c
c seconds  switched     rate          size/glue  tier1     binary        remaining
c        MB  reductions   conflicts         size   tier2      irredundant
c         level   restarts       redundant     glue    trail         variables
c
c t 16.91 80 42 0 51 21031 4 242210 22068 1.6 18 11 4 12 20% 4656 153448 3990 5%
c f 16.95 80 42 0 51 21031 4 242210 22068 1.6 18 11 4 12 20% 4673 151754 4063 5%
c b 16.96 86 42 0 51 21031 4 242210 22067 1.6 18 11 4 12 20% 4682 151702 4059 5%
c u 16.99 88 42 0 51 21031 4 242210 21704 1.6 18 11 4 12 20% 4683 151702 4059 5%
c v 17.02 88 42 0 51 21031 4 242210 21584 1.6 18 11 4 12 20% 4683 151702 4059 5%
c w 17.04 88 42 0 51 21031 4 242210 21568 1.6 18 11 4 12 20% 4683 151702 4059 5%
c x 17.08 89 42 0 51 21031 4 242210 21566 1.6 18 11 4 12 20% 4692 151282 4059 5%
c = 17.28 91 42 0 51 21031 4 242210 21566 1.6 18 11 4 12 20% 4693 151280 4058 5%
c d 17.28 91 42 0 51 21031 4 242210 21566 1.6 18 11 4 12 20% 4690 151280 4058 5%
c - 17.54 95 45 0 52 21476 4 247191 20749 1.6 18 11 4 12 20% 4637 151273 4058 5%
c - 17.75 95 44 0 53 21942 4 254403 21519 1.6 18 11 4 12 20% 4638 151271 4058 5%
c - 18.00 91 44 0 54 22312 4 261683 22289 1.6 18 11 4 12 20% 4643 151240 4058 5%
c - 18.22 94 46 0 55 22688 4 269031 22958 1.7 18 11 4 12 20% 4647 151222 4058 5%
c - 18.45 95 45 0 56 23031 4 276447 23317 1.7 18 11 4 12 20% 4652 151208 4058 5%
c - 18.65 98 43 0 57 23325 4 283930 23437 1.7 18 11 4 11 20% 4654 151203 4058 5%
c i 18.70 98 43 0 57 23336 4 285790 24969 1.7 18 11 4 11 20% 4655 151201 4056 5%
c u 18.76 99 43 0 57 23389 4 286129 24655 1.7 18 11 4 11 20% 4670 151124 4052 5%
c v 18.79 99 43 0 57 23389 4 286129 24062 1.7 18 11 4 11 20% 4670 151124 4052 5%
c w 18.80 99 43 0 57 23389 4 286129 23831 1.7 18 11 4 11 20% 4670 151124 4052 5%
c x 18.84 100 43 0 57 23389 4 286129 23831 1.7 18 11 4 11 20% 4670 151124 4052 5%
c
c seconds   switched     rate          size/glue  tier1     binary        remaining
c         MB  reductions   conflicts         size   tier2      irredundant
c          level   restarts       redundant     glue    trail         variables
c
c = 19.02 101 43 0 57 23389 4 286129 23831 1.7 18 11 4 11 20% 4682 151099 4046 5%
c d 19.02 101 43 0 57 23389 4 286129 23827 1.7 18 11 4 11 20% 4667 151099 4046 5%
c t 19.03 101 43 0 57 23389 4 286129 23827 1.7 18 11 4 11 20% 4655 151099 4046 5%
c u 19.11 109 43 0 57 23389 4 286129 23428 1.7 18 11 4 11 20% 4663 151099 4046 5%
c v 19.15 110 43 0 57 23389 4 286129 23131 1.7 18 11 4 11 20% 4663 151099 4046 5%
c w 19.17 110 43 0 57 23389 4 286129 23063 1.7 18 11 4 11 20% 4663 151099 4046 5%
c = 19.34 112 43 0 57 23389 4 286129 23063 1.7 18 11 4 11 20% 4668 151094 4044 5%
c d 19.35 112 43 0 57 23389 4 286129 23063 1.7 18 11 4 11 20% 4664 151094 4044 5%
c t 19.35 112 43 0 57 23389 4 286129 23063 1.7 18 11 4 11 20% 4652 151094 4044 5%
c - 19.41 112 41 0 58 23414 4 291480 22965 1.7 18 11 4 11 20% 4653 151094 4044 5%
c i 19.44 112 40 0 58 23414 4 295436 25013 1.7 18 11 4 11 19% 4661 151094 4034 5%
c - 19.57 115 40 0 59 23572 4 299096 21027 1.7 18 11 4 11 19% 4600 151090 4034 5%
c o 19.59 115 40 0 59 23583 4 299637 21469 1.7 18 11 4 11 19% 4600 151090 4034 5%
c - 19.82 116 40 0 60 24044 4 306777 22996 1.7 18 11 4 11 19% 4603 151085 4034 5%
c - 19.97 120 41 0 61 24393 4 314525 24308 1.7 18 11 4 11 19% 4604 151079 4034 5%
c i 20.07 104 42 0 61 24526 4 317984 27517 1.7 18 11 4 11 19% 4606 151076 4028 5%
c i 20.15 105 42 0 61 24621 4 320015 29423 1.7 18 11 4 11 19% 4609 151076 4027 5%
c - 20.23 107 43 0 62 24751 4 322337 25861 1.7 18 11 4 11 19% 4598 151072 4027 5%
c - 20.51 109 43 0 63 25415 4 330213 26686 1.7 18 11 4 11 19% 4599 151059 4027 5%
c d 20.67 112 43 0 63 26099 4 334097 30341 1.6 18 11 4 11 19% 4662 150801 4026 5%
c
c seconds   switched     rate          size/glue  tier1     binary        remaining
c         MB  reductions   conflicts         size   tier2      irredundant
c          level   restarts       redundant     glue    trail         variables
c
c b 20.67 112 43 0 63 26099 4 334097 30341 1.6 18 11 4 11 19% 4662 150801 4020 5%
c u 20.70 113 43 0 63 26099 4 334097 30078 1.6 18 11 4 11 19% 4662 150801 4020 5%
c v 20.73 113 43 0 63 26099 4 334097 29990 1.6 18 11 4 11 19% 4662 150801 4020 5%
c w 20.75 113 43 0 63 26099 4 334097 29987 1.6 18 11 4 11 19% 4662 150801 4020 5%
c x 20.77 113 43 0 63 26099 4 334097 29986 1.6 18 11 4 11 19% 4674 150512 4020 5%
c = 20.95 94 43 0 63 26099 4 334097 29986 1.6 18 11 4 11 19% 4683 150495 4015 5%
c d 20.95 94 43 0 63 26099 4 334097 29986 1.6 18 11 4 11 19% 4672 150495 4015 5%
c t 20.96 94 43 0 63 26099 4 334097 29986 1.6 18 11 4 11 19% 4662 150495 4015 5%
c f 20.97 94 43 0 63 26099 4 334097 29986 1.6 18 11 4 11 19% 4664 150476 4016 5%
c u 21.02 101 43 0 63 26099 4 334097 29591 1.6 18 11 4 11 19% 4664 150476 4016 5%
c v 21.05 101 43 0 63 26099 4 334097 29506 1.6 18 11 4 11 19% 4664 150476 4016 5%
c w 21.07 102 43 0 63 26099 4 334097 29503 1.6 18 11 4 11 19% 4664 150476 4016 5%
c x 21.10 102 43 0 63 26099 4 334097 29495 1.6 18 11 4 11 19% 4664 150407 4016 5%
c = 21.28 102 43 0 63 26099 4 334097 29495 1.6 18 11 4 11 19% 4668 150406 4014 5%
c d 21.29 102 43 0 63 26099 4 334097 29495 1.6 18 11 4 11 19% 4663 150406 4014 5%
c t 21.29 102 43 0 63 26099 4 334097 29495 1.6 18 11 4 11 19% 4662 150406 4014 5%
c - 21.39 102 42 0 64 26165 4 338151 26599 1.6 18 11 4 11 19% 4637 150405 4014 5%
c - 21.59 112 41 0 65 26258 4 346152 27911 1.6 17 11 4 11 19% 4646 150403 4014 5%
c s 21.68 112 41 0 65 26297 4 346503 28233 1.6 17 11 4 11 19% 4669 149200 4014 5%
c e 21.71 114 41 0 65 26297 4 346503 28233 1.6 17 11 4 11 19% 4485 150382 3900 5%
c
c seconds   switched     rate          size/glue  tier1     binary        remaining
c         MB  reductions   conflicts         size   tier2      irredundant
c          level   restarts       redundant     glue    trail         variables
c
c 2 21.71 114 41 0 65 26297 4 346503 28233 1.6 17 11 4 11 19% 4482 150382 3900 5%
c s 21.81 114 41 0 65 26297 4 346503 28233 1.6 17 11 4 11 19% 4508 149364 3900 5%
c e 21.82 114 41 0 65 26297 4 346503 28233 1.6 17 11 4 11 19% 4494 149535 3889 5%
c i 21.97 124 40 0 65 26550 4 351586 32461 1.7 18 11 4 11 19% 4502 149532 3863 5%
c - 22.08 124 40 0 66 26768 4 354214 28568 1.7 18 11 4 11 19% 4473 149513 3863 5%
c i 22.33 135 40 0 66 27586 4 360263 34177 1.7 18 11 4 11 19% 4477 149499 3862 5%
c - 22.42 136 40 0 67 27843 4 362339 28665 1.6 18 11 4 11 19% 4464 149499 3860 5%
c - 22.56 136 39 0 68 27895 4 370527 29274 1.7 18 11 4 11 19% 4466 149496 3860 5%
c - 22.84 147 38 0 69 28593 4 378773 30106 1.7 18 11 4 11 19% 4466 149491 3860 5%
c o 22.87 147 37 0 69 28601 4 379784 30954 1.7 18 11 4 11 19% 4466 149491 3860 5%
c u 23.19 169 38 0 69 29320 4 386187 36423 1.7 18 11 4 11 19% 4526 149149 3860 5%
c v 23.23 170 38 0 69 29320 4 386187 36328 1.7 18 11 4 11 19% 4526 149149 3860 5%
c w 23.25 170 38 0 69 29320 4 386187 36317 1.7 18 11 4 11 19% 4526 149149 3860 5%
c x 23.28 170 38 0 69 29320 4 386187 36317 1.7 18 11 4 11 19% 4526 148970 3860 5%
c = 23.49 172 38 0 69 29320 4 386187 36317 1.7 18 11 4 11 19% 4534 148954 3857 5%
c d 23.50 172 38 0 69 29320 4 386187 36317 1.7 18 11 4 11 19% 4528 148954 3857 5%
c t 23.50 172 38 0 69 29320 4 386187 36317 1.7 18 11 4 11 19% 4505 148954 3857 5%
c f 23.54 172 38 0 69 29320 4 386187 36317 1.7 18 11 4 11 19% 4524 148340 3885 5%
c u 23.60 151 38 0 69 29320 4 386187 36108 1.7 18 11 4 11 19% 4524 148340 3885 5%
c v 23.64 160 38 0 69 29320 4 386187 35980 1.7 18 11 4 11 19% 4524 148340 3885 5%
c
c seconds   switched     rate          size/glue  tier1     binary        remaining
c         MB  reductions   conflicts         size   tier2      irredundant
c          level   restarts       redundant     glue    trail         variables
c
c w 23.65 160 38 0 69 29320 4 386187 35978 1.7 18 11 4 11 19% 4524 148340 3885 5%
c x 23.69 160 38 0 69 29320 4 386187 35977 1.7 18 11 4 11 19% 4524 148095 3885 5%
c = 23.92 162 38 0 69 29320 4 386187 35977 1.7 18 11 4 11 19% 4538 148081 3878 5%
c d 23.92 162 38 0 69 29320 4 386187 35974 1.7 18 11 4 11 19% 4521 148081 3878 5%
c t 23.93 162 38 0 69 29320 4 386187 35974 1.7 18 11 4 11 19% 4518 148081 3878 5%
c - 23.99 162 38 0 70 29325 4 387079 30347 1.7 18 11 4 11 19% 4518 148081 3878 5%
c - 24.27 173 38 0 71 29893 4 395445 30504 1.7 18 11 4 11 19% 4522 148076 3878 5%
c - 24.64 133 38 0 72 30943 4 403871 31150 1.7 18 11 4 11 19% 4524 148069 3878 5%
c - 24.96 136 38 0 73 31609 4 412356 31602 1.7 18 11 4 11 19% 4530 148060 3878 5%
c i 25.08 137 37 0 73 31852 4 415579 34501 1.7 18 11 4 11 19% 4532 148059 3876 5%
c - 25.15 139 36 0 74 31873 4 420900 31714 1.7 18 11 4 11 19% 4524 148058 3876 5%
c - 25.23 139 34 0 75 31893 4 429504 31005 1.6 17 11 4 11 18% 4524 148058 3876 5%
c - 25.30 94 32 0 76 31893 3 438164 30738 1.6 17 10 4 11 17% 4524 148058 3876 5%
c u 25.53 98 32 0 76 32342 3 442427 34048 1.6 17 11 4 11 17% 4536 148029 3876 5%
c v 25.56 98 32 0 76 32342 3 442427 31875 1.6 17 11 4 11 17% 4536 148029 3876 5%
c w 25.58 99 32 0 76 32342 3 442427 31730 1.6 17 11 4 11 17% 4536 148029 3876 5%
c x 25.61 99 32 0 76 32342 3 442427 31727 1.6 17 11 4 11 17% 4536 147807 3876 5%
c = 25.81 100 32 0 76 32342 3 442427 31727 1.6 17 11 4 11 17% 4546 147795 3871 5%
c d 25.81 100 32 0 76 32342 3 442427 31727 1.6 17 11 4 11 17% 4532 147795 3871 5%
c t 25.82 100 32 0 76 32342 3 442427 31727 1.6 17 11 4 11 17% 4525 147795 3871 5%
c
c seconds   switched     rate          size/glue  tier1     binary        remaining
c         MB  reductions   conflicts         size   tier2      irredundant
c          level   restarts       redundant     glue    trail         variables
c
c u 25.89 101 32 0 76 32342 3 442427 31323 1.6 17 11 4 11 17% 4526 147795 3871 5%
c v 25.92 101 32 0 76 32342 3 442427 31217 1.6 17 11 4 11 17% 4526 147795 3871 5%
c w 25.94 101 32 0 76 32342 3 442427 31215 1.6 17 11 4 11 17% 4526 147795 3871 5%
c x 25.97 101 32 0 76 32342 3 442427 31215 1.6 17 11 4 11 17% 4526 147484 3871 5%
c = 26.17 81 32 0 76 32342 3 442427 31215 1.6 17 11 4 11 17% 4543 147447 3860 5%
c d 26.17 81 32 0 76 32342 3 442427 31209 1.6 17 11 4 11 17% 4534 147407 3860 5%
c t 26.18 81 32 0 76 32342 3 442427 31209 1.6 17 11 4 11 17% 4524 147407 3860 5%
c - 26.36 83 32 0 77 32792 3 446882 29949 1.6 17 11 4 11 17% 4508 147355 3860 5%
c i 26.48 84 32 0 77 33132 3 453345 34927 1.6 17 11 4 11 17% 4510 147311 3858 5%
c - 26.57 84 32 0 78 33407 3 455656 31659 1.6 17 11 4 11 17% 4500 147309 3858 5%
c - 26.96 85 32 0 79 34449 4 464489 33085 1.6 17 11 4 11 18% 4505 147298 3858 5%
c o 27.17 88 32 0 79 34991 4 469800 37703 1.6 17 11 4 11 18% 4505 147292 3858 5%
c - 27.31 89 32 0 80 35258 4 473377 33748 1.6 17 11 4 11 18% 4509 147282 3858 5%
c s 27.44 89 32 0 80 35353 4 474156 34456 1.6 17 11 4 11 18% 4582 146386 3858 5%
c e 27.45 93 32 0 80 35353 4 474156 34456 1.6 17 11 4 11 18% 4493 147199 3791 5%
c 2 27.45 93 32 0 80 35353 4 474156 34456 1.6 17 11 4 11 18% 4482 147199 3791 5%
c s 27.56 93 32 0 80 35353 4 474156 34456 1.6 17 11 4 11 18% 4514 146587 3791 5%
c e 27.58 93 32 0 80 35353 4 474156 34456 1.6 17 11 4 11 18% 4474 146837 3772 5%
c i 27.68 95 32 0 80 35806 4 477869 37218 1.6 17 11 4 11 18% 4474 146837 3765 5%
c - 27.80 96 32 0 81 36188 4 482321 33910 1.6 17 11 4 11 18% 4449 146791 3765 5%
c
c seconds  switched     rate          size/glue  tier1     binary        remaining
c        MB  reductions   conflicts         size   tier2      irredundant
c         level   restarts       redundant     glue    trail         variables
c
c - 28.06 84 31 0 82 36799 4 491322 34345 1.6 17 11 4 11 18% 4451 146737 3765 5%
c - 28.38 89 31 0 83 37693 4 500379 35142 1.6 17 11 4 11 18% 4454 146705 3765 5%
c u 28.53 99 32 0 83 37965 4 502911 36950 1.6 17 11 4 11 18% 4482 146581 3765 5%
c v 28.58 100 32 0 83 37965 4 502911 36768 1.6 17 11 4 11 18% 4482 146581 3765 5%
c w 28.59 100 32 0 83 37965 4 502911 36763 1.6 17 11 4 11 18% 4482 146581 3765 5%
c x 28.63 101 32 0 83 37965 4 502911 36753 1.6 17 11 4 11 18% 4482 146428 3765 5%
c = 28.89 102 32 0 83 37965 4 502911 36753 1.6 17 11 4 11 18% 4493 146418 3760 5%
c d 28.90 102 32 0 83 37965 4 502911 36753 1.6 17 11 4 11 18% 4481 146418 3760 5%
c t 28.91 102 32 0 83 37965 4 502911 36753 1.6 17 11 4 11 18% 4431 146418 3760 5%
c f 28.94 102 32 0 83 37965 4 502911 36753 1.6 17 11 4 11 18% 4439 146111 3774 5%
c u 28.99 110 32 0 83 37965 4 502911 36459 1.6 17 11 4 11 18% 4445 146111 3774 5%
c v 29.05 110 32 0 83 37965 4 502911 36291 1.6 17 11 4 11 18% 4445 146111 3774 5%
c w 29.06 110 32 0 83 37965 4 502911 36285 1.6 17 11 4 11 18% 4445 146111 3774 5%
c x 29.10 110 32 0 83 37965 4 502911 36280 1.6 17 11 4 11 18% 4445 146000 3774 5%
c = 29.38 102 32 0 83 37965 4 502911 36280 1.6 17 11 4 11 18% 4492 145931 3751 5%
c d 29.38 102 32 0 83 37965 4 502911 36271 1.6 17 11 4 11 18% 4439 145931 3751 5%
c t 29.39 102 32 0 83 37965 4 502911 36271 1.6 17 11 4 11 18% 4417 145931 3751 5%
c - 29.61 103 32 0 84 38359 4 509489 35123 1.6 18 11 4 11 18% 4420 145930 3751 5%
c - 29.88 105 31 0 85 38925 4 518654 35906 1.6 18 11 4 11 18% 4424 145916 3751 5%
c - 30.18 88 32 0 86 39459 4 527874 36959 1.6 18 11 4 11 18% 4433 145888 3751 5%
c
c seconds   switched     rate          size/glue  tier1     binary        remaining
c         MB  reductions   conflicts         size   tier2      irredundant
c          level   restarts       redundant     glue    trail         variables
c
c - 30.48 100 31 0 87 39746 3 537147 38011 1.6 18 11 4 11 18% 4434 145880 3751 5%
c - 30.76 92 31 0 88 40317 3 546475 38780 1.6 18 11 4 11 18% 4435 145875 3751 5%
c i 30.78 92 30 0 88 40323 3 550568 40690 1.6 17 11 4 11 17% 4448 145875 3750 5%
c - 30.99 96 30 0 89 40741 3 555858 36656 1.6 18 11 4 11 17% 4430 145871 3750 5%
c - 31.31 100 30 0 90 41495 3 565293 38073 1.6 18 11 4 11 17% 4435 145869 3750 5%
c u 31.48 101 30 0 90 41729 3 567675 40006 1.6 18 11 4 11 17% 4436 145855 3750 5%
c v 31.52 101 30 0 90 41729 3 567675 39871 1.6 18 11 4 11 17% 4436 145855 3750 5%
c w 31.54 101 30 0 90 41729 3 567675 39866 1.6 18 11 4 11 17% 4436 145855 3750 5%
c x 31.58 86 30 0 90 41729 3 567675 39856 1.6 18 11 4 11 17% 4436 145850 3750 5%
c = 31.90 87 30 0 90 41729 3 567675 39856 1.6 18 11 4 11 17% 4451 145797 3737 5%
c d 31.90 87 30 0 90 41729 3 567675 39851 1.6 18 11 4 11 17% 4455 145731 3737 5%
c t 31.91 87 30 0 90 41729 3 567675 39851 1.6 18 11 4 11 17% 4444 145731 3737 5%
c u 31.99 87 30 0 90 41729 3 567675 39722 1.6 18 11 4 11 17% 4444 145731 3737 5%
c v 32.03 87 30 0 90 41729 3 567675 39592 1.6 18 11 4 11 17% 4444 145731 3737 5%
c w 32.04 87 30 0 90 41729 3 567675 39564 1.6 18 11 4 11 17% 4444 145731 3737 5%
c x 32.09 87 30 0 90 41729 3 567675 39559 1.6 18 11 4 11 17% 4444 145658 3737 5%
c o 32.27 88 30 0 90 42077 3 569914 41630 1.6 18 11 4 11 17% 4444 145657 3737 5%
c - 32.41 77 30 0 91 42185 3 574780 38649 1.6 17 11 4 11 17% 4414 145621 3737 5%
c i 32.51 79 29 0 91 42381 3 583775 44152 1.6 17 11 4 11 17% 4421 145586 3736 5%
c - 32.54 80 29 0 92 42388 3 584319 37015 1.6 17 11 4 11 17% 4409 145586 3736 5%
c
c seconds  switched     rate          size/glue  tier1     binary        remaining
c        MB  reductions   conflicts         size   tier2      irredundant
c         level   restarts       redundant     glue    trail         variables
c
c - 32.84 84 29 0 93 42982 3 593913 38843 1.6 17 10 4 11 17% 4410 145584 3736 5%
c i 32.87 84 28 0 93 42989 3 597297 40860 1.6 17 10 4 11 17% 4419 145584 3735 5%
c - 33.05 89 28 0 94 43366 3 603556 38449 1.6 17 10 4 11 17% 4405 145582 3735 5%
c - 33.40 85 28 0 95 44221 3 613252 39397 1.6 17 10 4 11 17% 4405 145580 3735 5%
c - 33.72 86 27 0 96 45026 3 622998 39727 1.6 17 10 4 11 17% 4410 145569 3735 5%
c s 33.89 82 27 0 96 45026 3 626438 41962 1.6 17 10 4 11 17% 4441 144597 3735 5%
c e 33.90 85 27 0 96 45026 3 626438 41962 1.6 17 10 4 11 17% 4365 145320 3676 5%
c 2 33.90 85 27 0 96 45026 3 626438 41962 1.6 17 10 4 11 17% 4357 145320 3676 5%
c s 34.02 85 27 0 96 45026 3 626438 41962 1.6 17 10 4 11 17% 4383 144686 3676 5%
c e 34.02 85 27 0 96 45026 3 626438 41962 1.6 17 10 4 11 17% 4371 144877 3663 5%
c - 34.35 85 27 0 97 45821 3 632795 39987 1.6 17 10 4 11 17% 4376 144867 3663 5%
c u 34.53 85 27 0 97 46150 4 636785 43317 1.6 17 11 4 11 17% 4374 144855 3663 5%
c v 34.58 85 27 0 97 46150 4 636785 42463 1.6 17 11 4 11 17% 4374 144855 3663 5%
c w 34.60 85 27 0 97 46150 4 636785 42442 1.6 17 11 4 11 17% 4374 144855 3663 5%
c x 34.64 85 27 0 97 46150 4 636785 42438 1.6 17 11 4 11 17% 4374 144668 3663 5%
c t 34.64 85 27 0 97 46150 4 636785 42438 1.6 17 11 4 11 17% 4345 144668 3663 5%
c f 34.67 85 27 0 97 46150 4 636785 42438 1.6 17 11 4 11 17% 4352 144439 3674 5%
c u 34.73 93 27 0 97 46150 4 636785 42199 1.6 17 11 4 11 17% 4352 144439 3674 5%
c v 34.77 94 27 0 97 46150 4 636785 42049 1.6 17 11 4 11 17% 4352 144439 3674 5%
c w 34.80 94 27 0 97 46150 4 636785 42045 1.6 17 11 4 11 17% 4352 144439 3674 5%
c
c seconds  switched     rate          size/glue  tier1     binary        remaining
c        MB  reductions   conflicts         size   tier2      irredundant
c         level   restarts       redundant     glue    trail         variables
c
c x 34.84 84 27 0 97 46150 4 636785 42039 1.6 17 11 4 11 17% 4352 144224 3674 5%
c = 35.09 87 27 0 97 46150 4 636785 42039 1.6 17 11 4 11 17% 4362 144212 3669 5%
c d 35.10 87 27 0 97 46150 4 636785 42039 1.6 17 11 4 11 17% 4349 144212 3669 5%
c t 35.10 87 27 0 97 46150 4 636785 42039 1.6 17 11 4 11 17% 4346 144212 3669 5%
c - 35.34 86 27 0 98 46660 3 642643 39970 1.6 17 11 4 11 17% 4348 144212 3669 5%
c - 35.68 80 27 0 99 47202 3 652542 41823 1.7 17 10 4 11 17% 4350 144211 3669 5%
c - 36.06 85 27 0 100 48139 3 662492 42667 1.7 17 11 4 11 17% 4353 144190 3669 5%
c - 36.52 83 28 0 101 49406 4 672493 42573 1.7 18 11 4 11 17% 4356 144175 3669 5%
c o 36.76 87 28 0 101 49966 4 680368 48971 1.6 17 11 4 11 17% 4363 144166 3669 5%
c - 36.86 89 28 0 102 50211 4 682542 43063 1.6 17 11 4 11 17% 4363 144164 3669 5%
c - 37.24 94 28 0 103 51214 4 692642 43554 1.6 18 11 4 11 17% 4366 144156 3669 5%
c - 37.53 98 28 0 104 51711 4 702791 43842 1.6 18 11 4 11 17% 4369 144147 3669 5%
c d 37.74 101 28 0 104 51934 3 710275 50060 1.7 18 11 4 11 18% 4368 144145 3668 5%
c b 37.74 101 28 0 104 51934 3 710275 50060 1.7 18 11 4 11 18% 4368 144145 3658 5%
c u 37.81 102 28 0 104 51934 3 710275 49748 1.7 18 11 4 11 18% 4368 144145 3658 5%
c v 37.87 102 28 0 104 51934 3 710275 48363 1.7 18 11 4 11 18% 4368 144145 3658 5%
c w 37.90 102 28 0 104 51934 3 710275 48079 1.7 18 11 4 11 18% 4368 144145 3658 5%
c x 37.96 102 28 0 104 51934 3 710275 48078 1.7 18 11 4 11 18% 4394 143823 3658 5%
c = 38.28 92 28 0 104 51934 3 710275 48078 1.7 18 11 4 11 18% 4417 143786 3647 5%
c d 38.29 92 28 0 104 51934 3 710275 48069 1.7 18 11 4 11 18% 4391 143786 3647 5%
c
c seconds  switched      rate          size/glue  tier1     binary        remaining
c        MB  reductions    conflicts         size   tier2      irredundant
c         level    restarts       redundant     glue    trail         variables
c
c t 38.29 92 28 0 104 51934 3 710275 48069 1.7 18 11 4 11 18% 4376 143786 3647 5%
c u 38.39 92 28 0 104 51934 3 710275 47498 1.7 18 11 4 11 18% 4376 143786 3647 5%
c v 38.44 93 28 0 104 51934 3 710275 47112 1.7 18 11 4 11 18% 4376 143786 3647 5%
c w 38.47 93 28 0 104 51934 3 710275 46963 1.7 18 11 4 11 18% 4376 143786 3647 5%
c x 38.52 93 28 0 104 51934 3 710275 46963 1.7 18 11 4 11 18% 4376 143344 3647 5%
c = 38.85 93 28 0 104 51934 3 710275 46963 1.7 18 11 4 11 18% 4380 143326 3644 5%
c d 38.85 93 28 0 104 51934 3 710275 46963 1.7 18 11 4 11 18% 4376 143310 3644 5%
c - 38.98 93 28 0 105 52003 3 712989 43174 1.7 18 11 4 11 18% 4327 143310 3644 5%
c - 39.31 78 28 0 106 52591 3 723235 44463 1.7 18 11 4 11 18% 4327 143308 3644 5%
c - 39.69 91 28 0 107 53698 3 733530 44802 1.7 18 11 4 11 18% 4329 143306 3644 5%
c - 40.08 97 29 0 108 54601 3 743875 45225 1.7 18 11 4 11 18% 4330 143294 3644 5%
c - 40.45 101 28 0 109 55190 3 754268 45647 1.7 18 11 4 11 18% 4335 143291 3644 5%
c - 40.77 102 28 0 110 55607 3 764708 46148 1.7 18 11 4 11 18% 4339 143289 3644 5%
c - 41.17 91 27 0 111 56287 3 775197 46470 1.7 18 11 4 11 18% 4341 143286 3644 5%
c - 41.46 94 27 0 112 56653 3 785732 46429 1.7 18 11 4 11 18% 4342 143285 3644 5%
c b 41.60 100 27 0 112 56946 3 788203 48734 1.7 18 11 4 11 18% 4368 143281 3643 5%
c u 41.67 103 27 0 112 56946 3 788203 48350 1.7 18 11 4 11 18% 4370 143281 3643 5%
c v 41.73 104 27 0 112 56946 3 788203 48155 1.7 18 11 4 11 18% 4370 143281 3643 5%
c w 41.75 104 27 0 112 56946 3 788203 48146 1.7 18 11 4 11 18% 4370 143281 3643 5%
c x 41.81 104 27 0 112 56946 3 788203 48139 1.7 18 11 4 11 18% 4371 143047 3643 5%
c
c seconds  switched      rate          size/glue  tier1     binary        remaining
c        MB  reductions    conflicts         size   tier2      irredundant
c         level    restarts       redundant     glue    trail         variables
c
c = 42.15 79 27 0 112 56946 3 788203 48139 1.7 18 11 4 11 18% 4379 143030 3639 5%
c d 42.15 79 27 0 112 56946 3 788203 48139 1.7 18 11 4 11 18% 4368 143030 3639 5%
c t 42.16 79 27 0 112 56946 3 788203 48139 1.7 18 11 4 11 18% 4358 143030 3638 5%
c b 42.19 79 27 0 112 56946 3 788203 48132 1.7 18 11 4 11 18% 4370 143011 3636 5%
c u 42.25 79 27 0 112 56946 3 788203 47641 1.7 18 11 4 11 18% 4371 143011 3636 5%
c v 42.31 79 27 0 112 56946 3 788203 47385 1.7 18 11 4 11 18% 4370 143011 3636 5%
c w 42.34 79 27 0 112 56946 3 788203 47377 1.7 18 11 4 11 18% 4370 143011 3636 5%
c x 42.40 79 27 0 112 56946 3 788203 47371 1.7 18 11 4 11 18% 4371 142665 3636 5%
c = 42.71 79 27 0 112 56946 3 788203 47371 1.7 18 11 4 11 18% 4385 142619 3628 5%
c d 42.72 79 27 0 112 56946 3 788203 47371 1.7 18 11 4 11 18% 4366 142611 3627 5%
c t 42.72 79 27 0 112 56946 3 788203 47371 1.7 18 11 4 11 18% 4359 142611 3627 5%
c - 43.11 82 28 0 113 57743 3 796318 45932 1.7 18 11 4 11 18% 4340 142605 3627 5%
c o 43.25 84 27 0 113 57928 3 802728 50930 1.7 18 11 4 11 18% 4340 142605 3627 5%
c s 43.52 86 27 0 113 58019 3 804655 52647 1.7 18 11 4 11 18% 4362 141920 3627 5%
c e 43.53 88 27 0 113 58019 3 804655 52647 1.7 18 11 4 11 18% 4297 142415 3588 5%
c 2 43.53 88 27 0 113 58019 3 804655 52647 1.7 18 11 4 11 18% 4293 142415 3588 5%
c s 43.71 88 27 0 113 58019 3 804655 52647 1.7 18 11 4 11 18% 4310 140472 3588 5%
c e 43.72 88 27 0 113 58019 3 804655 52647 1.7 18 11 4 11 18% 4297 140571 3582 5%
c - 43.83 89 27 0 114 58212 3 806949 46371 1.7 18 11 4 11 18% 4297 140571 3582 5%
c - 44.20 83 27 0 115 58757 3 817626 47912 1.7 18 11 4 11 18% 4298 140570 3582 5%
c
c seconds  switched      rate          size/glue  tier1     binary        remaining
c        MB  reductions    conflicts         size   tier2      irredundant
c         level    restarts       redundant     glue    trail         variables
c
c - 44.69 90 29 0 116 59700 3 828352 48915 1.7 18 11 4 11 19% 4301 140563 3582 5%
c - 45.11 94 29 0 117 60696 3 839122 48848 1.7 18 11 4 11 18% 4303 140563 3582 5%
c - 45.52 99 29 0 118 61784 3 849939 49004 1.7 19 11 4 11 19% 4308 140558 3582 5%
c - 45.88 93 29 0 119 62576 3 860804 49087 1.7 19 11 4 11 18% 4308 140558 3582 5%
c u 46.31 103 29 0 119 63273 3 870616 56588 1.7 18 11 4 11 18% 4309 140556 3582 5%
c v 46.39 103 29 0 119 63273 3 870616 55366 1.7 18 11 4 11 18% 4309 140556 3582 5%
c w 46.44 103 29 0 119 63273 3 870616 55339 1.7 18 11 4 11 18% 4309 140556 3582 5%
c x 46.50 103 29 0 119 63273 3 870616 55338 1.7 18 11 4 11 18% 4309 140447 3582 5%
c = 46.89 88 29 0 119 63273 3 870616 55338 1.7 18 11 4 11 18% 4313 140436 3580 5%
c d 46.89 88 29 0 119 63273 3 870616 55332 1.7 18 11 4 11 18% 4308 140436 3580 5%
c t 46.90 88 29 0 119 63273 3 870616 55332 1.7 18 11 4 11 18% 4278 140436 3580 5%
c f 46.92 88 29 0 119 63273 3 870616 55332 1.7 18 11 4 11 18% 4292 140213 3591 5%
c u 47.00 98 29 0 119 63273 3 870616 54836 1.7 18 11 4 11 18% 4292 140213 3591 5%
c v 47.08 99 29 0 119 63273 3 870616 54597 1.7 18 11 4 11 18% 4292 140213 3591 5%
c w 47.11 99 29 0 119 63273 3 870616 54585 1.7 18 11 4 11 18% 4292 140213 3591 5%
c x 47.17 100 29 0 119 63273 3 870616 54585 1.7 18 11 4 11 18% 4292 140209 3591 5%
c = 47.56 101 29 0 119 63273 3 870616 54585 1.7 18 11 4 11 18% 4304 140195 3585 5%
c d 47.57 101 29 0 119 63273 3 870616 54581 1.7 18 11 4 11 18% 4289 140195 3585 5%
c t 47.57 101 29 0 119 63273 3 870616 54581 1.7 18 11 4 11 18% 4284 140195 3585 5%
c - 47.61 101 28 0 120 63288 3 871712 47732 1.7 19 11 4 11 18% 4284 140195 3585 5%
c
c seconds  switched      rate          size/glue  tier1     binary        remaining
c        MB  reductions    conflicts         size   tier2      irredundant
c         level    restarts       redundant     glue    trail         variables
c
c - 48.07 92 29 0 121 64229 3 882666 48720 1.7 19 11 4 11 19% 4290 140194 3585 5%
c - 48.51 97 28 0 122 64825 3 893666 49177 1.7 19 11 4 11 19% 4291 140194 3585 5%
c - 48.77 100 28 0 123 65277 3 904711 49660 1.7 19 11 4 11 19% 4291 140192 3585 5%
c - 49.08 87 27 0 124 65510 3 915803 50307 1.7 18 11 4 11 19% 4291 140192 3585 5%
c i 49.18 88 26 0 124 65546 3 925837 56610 1.7 18 11 4 11 18% 4298 140192 3584 5%
c - 49.25 90 26 0 125 65646 3 926939 48219 1.7 18 11 4 11 18% 4284 140192 3584 5%
c o 49.46 93 26 0 125 66040 3 934789 55095 1.7 18 11 4 11 18% 4284 140191 3584 5%
c - 49.63 95 26 0 126 66547 3 938119 49359 1.7 18 11 4 11 18% 4284 140190 3584 5%
c i 49.92 97 25 0 126 66797 3 949169 58330 1.7 18 11 4 11 18% 4287 140190 3578 5%
c - 49.94 86 25 0 127 66821 3 949343 50750 1.7 18 11 4 11 18% 4278 140190 3578 5%
c b 50.24 87 25 0 127 67373 3 957539 57918 1.7 18 11 4 11 18% 4293 140068 3577 5%
c u 50.32 88 25 0 127 67373 3 957539 57264 1.7 18 11 4 11 18% 4293 140068 3577 5%
c v 50.41 88 25 0 127 67373 3 957539 56901 1.7 18 11 4 11 18% 4293 140068 3577 5%
c w 50.45 88 25 0 127 67373 3 957539 56885 1.7 18 11 4 11 18% 4293 140068 3577 5%
c = 50.77 77 25 0 127 67373 3 957539 56885 1.7 18 11 4 11 18% 4309 140032 3569 5%
c d 50.78 77 25 0 127 67373 3 957539 56875 1.7 18 11 4 11 18% 4293 140029 3569 5%
c t 50.79 77 25 0 127 67373 3 957539 56875 1.7 18 11 4 11 18% 4284 140029 3569 5%
c u 50.88 77 25 0 127 67373 3 957539 56454 1.7 18 11 4 11 18% 4284 140029 3569 5%
c v 50.93 77 25 0 127 67373 3 957539 56284 1.7 18 11 4 11 18% 4284 140029 3569 5%
c w 50.96 77 25 0 127 67373 3 957539 56266 1.7 18 11 4 11 18% 4284 140029 3569 5%
c
c seconds  switched      rate          size/glue  tier1     binary        remaining
c        MB  reductions    conflicts         size   tier2      irredundant
c         level    restarts       redundant     glue    trail         variables
c
c x 51.00 79 25 0 127 67373 3 957539 56263 1.7 18 11 4 11 18% 4284 139904 3569 5%
c = 51.33 79 25 0 127 67373 3 957539 56263 1.7 18 11 4 11 18% 4288 139901 3567 5%
c d 51.33 79 25 0 127 67373 3 957539 56263 1.7 18 11 4 11 18% 4282 139901 3567 5%
c - 51.51 79 25 0 128 67610 3 960613 50912 1.7 18 11 4 11 19% 4277 139900 3567 5%
c - 51.89 84 25 0 129 68364 3 971926 51460 1.7 18 11 4 11 19% 4277 139899 3567 5%
c - 52.16 88 24 0 130 68898 3 983285 51055 1.7 18 11 4 11 18% 4281 139895 3567 5%
c - 52.52 87 24 0 131 69900 3 994686 51613 1.7 18 11 4 11 18% 4283 139892 3567 5%
c - 52.94 95 24 0 132 70721 3 1006132 52565 1.7 18 11 4 11 18% 4284 139892 3567 5%
c s 53.29 86 25 0 132 71213 3 1010009 55832 1.7 18 11 4 11 18% 4300 138711 3567 5%
c e 53.29 88 25 0 132 71213 3 1010009 55832 1.7 18 11 4 11 18% 4268 139012 3541 5%
c s 53.47 88 25 0 132 71213 3 1010009 55832 1.7 18 11 4 11 18% 4280 138826 3541 5%
c e 53.48 88 25 0 132 71213 3 1010009 55832 1.7 18 11 4 11 18% 4271 138922 3535 5%
c - 53.76 91 25 0 133 71572 3 1017621 53388 1.7 18 11 4 11 18% 4273 138921 3535 5%
c - 54.21 83 25 0 134 72421 3 1029154 54207 1.7 18 11 4 11 18% 4275 138921 3535 5%
c - 54.80 90 25 0 135 73838 3 1040730 45886 1.7 18 11 3 11 19% 4277 138921 3535 5%
c u 55.14 94 24 0 135 74351 3 1049055 52248 1.7 18 11 3 11 19% 4276 138921 3535 5%
c v 55.22 94 24 0 135 74351 3 1049055 49481 1.7 18 11 3 11 19% 4276 138921 3535 5%
c w 55.25 94 24 0 135 74351 3 1049055 49430 1.7 18 11 3 11 19% 4276 138921 3535 5%
c x 55.31 95 24 0 135 74351 3 1049055 49428 1.7 18 11 3 11 19% 4276 138866 3535 5%
c = 55.71 96 24 0 135 74351 3 1049055 49428 1.7 18 11 3 11 19% 4318 138769 3514 4%
c
c seconds  switched      rate           size/glue  tier1     binary        remaining
c        MB  reductions     conflicts         size   tier2      irredundant
c         level    restarts        redundant     glue    trail         variables
c
c d 55.71 96 24 0 135 74351 3 1049055 49413 1.7 18 11 3 11 19% 4275 138764 3514 4%
c t 55.72 96 24 0 135 74351 3 1049055 49413 1.7 18 11 3 11 19% 4242 138764 3514 4%
c f 55.74 96 24 0 135 74351 3 1049055 49413 1.7 18 11 3 11 19% 4255 138578 3523 4%
c u 55.83 105 24 0 135 74351 3 1049055 48695 1.7 18 11 3 11 19% 4255 138578 3523 4%
c v 55.90 105 24 0 135 74351 3 1049055 48316 1.7 18 11 3 11 19% 4255 138578 3523 4%
c w 55.94 105 24 0 135 74351 3 1049055 48289 1.7 18 11 3 11 19% 4255 138578 3523 4%
c x 55.99 93 24 0 135 74351 3 1049055 48288 1.7 18 11 3 11 19% 4255 138571 3523 4%
c = 56.40 95 24 0 135 74351 3 1049055 48288 1.7 18 11 3 11 19% 4280 138531 3512 4%
c d 56.41 95 24 0 135 74351 3 1049055 48276 1.7 18 11 3 11 19% 4255 138531 3512 4%
c t 56.41 95 24 0 135 74351 3 1049055 48276 1.7 18 11 3 11 19% 4241 138531 3512 4%
c - 56.57 97 25 0 136 74533 3 1052348 40563 1.7 18 11 3 11 19% 4240 138531 3512 4%
c - 56.95 82 24 0 137 74972 3 1064009 40802 1.7 18 11 3 11 19% 4240 138531 3512 4%
c o 57.37 87 25 0 137 75900 3 1074792 50348 1.7 18 11 3 11 19% 4247 138531 3512 4%
c - 57.41 88 25 0 138 76085 3 1075713 41241 1.7 18 11 3 11 19% 4247 138531 3512 4%
c - 57.82 81 24 0 139 76420 3 1087461 41835 1.7 18 11 3 11 19% 4247 138531 3512 4%
c - 58.29 86 25 0 140 77325 3 1099250 42042 1.7 18 11 3 11 19% 4251 138531 3512 4%
c - 58.78 83 26 0 141 78364 3 1111083 42057 1.7 19 11 3 11 19% 4254 138531 3512 4%
c - 59.14 86 25 0 142 79056 3 1122957 41998 1.7 18 11 3 11 19% 4255 138530 3512 4%
c - 59.54 86 24 0 143 79292 3 1134873 42033 1.7 18 11 3 11 20% 4256 138530 3512 4%
c u 60.10 95 24 0 143 80336 3 1145169 50513 1.7 18 11 3 11 20% 4263 138530 3512 4%
c
c seconds  switched      rate           size/glue  tier1     binary        remaining
c        MB  reductions     conflicts         size   tier2      irredundant
c         level    restarts        redundant     glue    trail         variables
c
c v 60.22 95 24 0 143 80336 3 1145169 50293 1.7 18 11 3 11 20% 4263 138530 3512 4%
c w 60.26 95 24 0 143 80336 3 1145169 50252 1.7 18 11 3 11 20% 4263 138530 3512 4%
c = 60.68 80 24 0 143 80336 3 1145169 50252 1.7 18 11 3 11 20% 4284 138493 3502 4%
c d 60.68 80 24 0 143 80336 3 1145169 50246 1.7 18 11 3 11 20% 4262 138493 3502 4%
c t 60.69 80 24 0 143 80336 3 1145169 50246 1.7 18 11 3 11 20% 4249 138493 3502 4%
c f 60.70 80 24 0 143 80336 3 1145169 50246 1.7 18 11 3 11 20% 4251 138474 3503 4%
c u 60.80 89 24 0 143 80336 3 1145169 49515 1.7 18 11 3 11 20% 4276 138474 3503 4%
c v 60.86 90 24 0 143 80336 3 1145169 49134 1.7 18 11 3 11 20% 4276 138474 3503 4%
c w 60.89 90 24 0 143 80336 3 1145169 49131 1.7 18 11 3 11 20% 4276 138474 3503 4%
c x 60.95 91 24 0 143 80336 3 1145169 49126 1.7 18 11 3 11 20% 4276 138419 3503 4%
c = 61.40 92 24 0 143 80336 3 1145169 49126 1.7 18 11 3 11 20% 4298 138385 3493 4%
c d 61.41 92 24 0 143 80336 3 1145169 49110 1.7 18 11 3 11 20% 4270 138385 3492 4%
c t 61.41 92 24 0 143 80336 3 1145169 49110 1.7 18 11 3 11 20% 4242 138385 3492 4%
c - 61.47 92 24 0 144 80347 3 1146831 41553 1.7 18 11 3 11 20% 4242 138385 3492 4%
c - 61.88 96 24 0 145 80884 3 1158831 41294 1.7 18 11 3 11 20% 4244 138385 3492 4%
c - 62.28 86 23 0 146 81663 3 1170873 40960 1.7 18 11 3 11 20% 4245 138385 3492 4%
c - 62.70 92 23 0 147 82429 3 1182957 41430 1.7 18 11 3 11 20% 4248 138385 3492 4%
c - 63.09 95 23 0 148 83072 3 1195082 42003 1.7 19 11 3 11 20% 4250 138385 3492 4%
c i 63.36 106 24 0 148 83697 3 1203517 49595 1.7 19 11 3 11 20% 4267 138383 3477 4%
c - 63.49 109 24 0 149 83928 3 1207248 42354 1.7 19 11 3 11 20% 4247 138383 3477 4%
c
c seconds   switched      rate           size/glue  tier1     binary        remaining
c         MB  reductions     conflicts         size   tier2      irredundant
c          level    restarts        redundant     glue    trail         variables
c
c - 63.98 114 24 0 150 84828 3 1219455 42789 1.8 19 11 3 11 20% 4251 138383 3477 4%
c o 64.19 119 25 0 150 85492 3 1224999 47648 1.7 19 11 3 11 20% 4262 138383 3477 4%
c - 64.45 123 25 0 151 85867 3 1231703 42955 1.8 19 11 3 11 20% 4263 138383 3477 4%
c s 65.08 119 25 0 151 86628 3 1243752 53499 1.8 19 11 3 11 20% 4270 136739 3477 4%
c e 65.09 120 25 0 151 86628 3 1243752 53499 1.8 19 11 3 11 20% 4201 137360 3429 4%
c 2 65.09 120 25 0 151 86628 3 1243752 53499 1.8 19 11 3 11 20% 4200 137360 3429 4%
c s 65.31 120 25 0 151 86628 3 1243752 53499 1.8 19 11 3 11 20% 4215 137008 3429 4%
c e 65.32 120 25 0 151 86628 3 1243752 53499 1.8 19 11 3 11 20% 4189 137189 3415 4%
c - 65.36 120 25 0 152 86656 3 1243993 42554 1.8 19 11 3 11 20% 4189 137189 3415 4%
c u 65.49 122 25 0 152 86830 3 1245950 43606 1.8 19 11 3 11 20% 4213 137168 3415 4%
c v 65.55 122 25 0 152 86830 3 1245950 43264 1.8 19 11 3 11 20% 4213 137168 3415 4%
c w 65.59 122 25 0 152 86830 3 1245950 43201 1.8 19 11 3 11 20% 4213 137168 3415 4%
c x 65.65 123 25 0 152 86830 3 1245950 43194 1.8 19 11 3 11 20% 4213 137104 3415 4%
c t 66.11 100 25 0 152 86830 3 1245950 43194 1.8 19 11 3 11 20% 4172 137104 3415 4%
c f 66.13 100 25 0 152 86830 3 1245950 43194 1.8 19 11 3 11 20% 4184 136839 3427 4%
c u 66.22 108 25 0 152 86830 3 1245950 42409 1.8 19 11 3 11 20% 4187 136839 3427 4%
c v 66.31 109 25 0 152 86830 3 1245950 42169 1.8 19 11 3 11 20% 4187 136839 3427 4%
c w 66.34 109 25 0 152 86830 3 1245950 42122 1.8 19 11 3 11 20% 4187 136839 3427 4%
c x 66.39 110 25 0 152 86830 3 1245950 42122 1.8 19 11 3 11 20% 4187 136830 3427 4%
c - 66.55 90 24 0 153 86830 3 1256321 41088 1.7 18 11 3 10 19% 4187 136830 3427 4%
c
c seconds  switched      rate           size/glue  tier1     binary        remaining
c        MB  reductions     conflicts         size   tier2      irredundant
c         level    restarts        redundant     glue    trail         variables
c
c - 66.83 91 23 0 154 87197 3 1268690 42317 1.7 18 10 3 10 19% 4188 136830 3427 4%
c - 67.32 95 23 0 155 88427 3 1281100 43508 1.7 18 10 3 10 19% 4190 136830 3427 4%
c - 67.72 82 23 0 156 88980 3 1293549 42597 1.7 18 10 3 10 20% 4190 136830 3427 4%
c - 68.20 87 22 0 157 89923 3 1306038 43538 1.7 18 10 3 10 19% 4191 136830 3427 4%
c - 68.70 86 23 0 158 91467 3 1318567 43735 1.7 18 11 3 10 20% 4192 136830 3427 4%
c - 69.10 93 24 0 159 92469 3 1331136 44039 1.7 18 11 3 10 19% 4195 136829 3427 4%
c - 69.54 87 24 0 160 93932 3 1343746 44605 1.7 18 11 3 10 20% 4198 136829 3427 4%
c u 69.89 91 25 0 160 94160 3 1351422 50142 1.8 19 11 3 10 20% 4219 136829 3425 4%
c v 70.00 91 25 0 160 94160 3 1351422 49462 1.8 19 11 3 10 20% 4219 136829 3425 4%
c w 70.05 91 25 0 160 94160 3 1351422 48989 1.8 19 11 3 10 20% 4219 136829 3425 4%
c d 70.16 92 25 0 160 94160 3 1351422 48971 1.8 19 11 3 10 20% 4228 136792 3423 4%
c t 70.17 92 25 0 160 94160 3 1351422 48971 1.8 19 11 3 10 20% 4218 136792 3423 4%
c b 70.17 92 25 0 160 94160 3 1351422 48971 1.8 19 11 3 10 20% 4218 136792 3422 4%
c u 70.27 92 25 0 160 94160 3 1351422 48334 1.8 19 11 3 10 20% 4245 136778 3422 4%
c v 70.35 93 25 0 160 94160 3 1351422 48191 1.8 19 11 3 10 20% 4245 136778 3422 4%
c w 70.38 93 25 0 160 94160 3 1351422 48165 1.8 19 11 3 10 20% 4245 136778 3422 4%
c x 70.43 94 25 0 160 94160 3 1351422 48163 1.8 19 11 3 10 20% 4245 136747 3422 4%
c d 70.44 94 25 0 160 94160 3 1351422 48163 1.8 19 11 3 10 20% 4243 136747 3421 4%
c t 70.44 94 25 0 160 94160 3 1351422 48163 1.8 19 11 3 10 20% 4233 136747 3421 4%
c i 70.45 94 25 0 160 94160 3 1351422 48163 1.8 19 11 3 10 20% 4233 136747 3421 4%
c
c seconds  switched      rate           size/glue  tier1     binary        remaining
c        MB  reductions     conflicts         size   tier2      irredundant
c         level    restarts        redundant     glue    trail         variables
c
c - 70.66 98 25 0 161 94613 3 1356395 42311 1.7 19 11 3 10 20% 4217 136747 3421 4%
c - 71.11 103 25 0 162 95915 3 1369086 42980 1.7 19 11 3 10 20% 4219 136747 3421 4%
c - 71.38 91 24 0 163 96263 3 1381813 43271 1.7 19 11 3 10 20% 4220 136747 3421 4%
c o 71.50 93 25 0 163 96444 3 1385200 46403 1.8 19 11 3 10 20% 4221 136747 3421 4%
c - 71.84 99 25 0 164 97219 3 1394580 43874 1.7 19 11 3 10 20% 4222 136747 3421 4%
c i 72.04 101 24 0 164 97371 3 1401920 50074 1.8 19 11 3 10 20% 4230 136747 3415 4%
c - 72.22 102 24 0 165 97496 3 1407388 45248 1.8 19 10 3 10 19% 4218 136747 3415 4%
c - 72.72 91 24 0 166 98537 3 1420233 45560 1.8 19 11 3 10 19% 4221 136747 3415 4%
c - 73.08 94 23 0 167 98913 3 1433118 44919 1.8 19 10 3 10 20% 4221 136747 3415 4%
c - 73.56 88 24 0 168 99926 3 1446040 45654 1.8 19 10 3 10 20% 4224 136747 3415 4%
c - 74.00 91 23 0 169 100595 3 1459003 45649 1.8 19 11 3 10 20% 4225 136747 3415 4%
c d 74.11 93 23 0 169 100791 3 1461615 47939 1.8 19 11 3 10 20% 4227 136663 3411 4%
c d 74.12 93 23 0 169 100791 3 1461615 47939 1.8 19 11 3 10 20% 4226 136660 3410 4%
c u 74.24 86 23 0 169 100791 3 1461615 46854 1.8 19 11 3 10 20% 4226 136660 3410 4%
c v 74.36 86 23 0 169 100791 3 1461615 45821 1.8 19 11 3 10 20% 4226 136660 3410 4%
c w 74.41 86 23 0 169 100791 3 1461615 45770 1.8 19 11 3 10 20% 4226 136660 3410 4%
c d 74.42 86 23 0 169 100791 3 1461615 45769 1.8 19 11 3 10 20% 4226 136650 3409 4%
c d 74.42 86 23 0 169 100791 3 1461615 45768 1.8 19 11 3 10 20% 4223 136647 3408 4%
c t 74.42 86 23 0 169 100791 3 1461615 45768 1.8 19 11 3 10 20% 4208 136647 3408 4%
c u 74.56 86 23 0 169 100791 3 1461615 44378 1.8 19 11 3 10 20% 4208 136647 3408 4%
c
c seconds  switched       rate           size/glue  tier1     binary        remaining
c        MB  reductions      conflicts         size   tier2      irredundant
c         level     restarts        redundant     glue    trail         variables
c
c v 74.67 86 23 0 169 100791 3 1461615 43745 1.8 19 11 3 10 20% 4208 136647 3408 4%
c w 74.72 86 23 0 169 100791 3 1461615 43628 1.8 19 11 3 10 20% 4208 136647 3408 4%
c = 75.14 76 23 0 169 100791 3 1461615 43628 1.8 19 11 3 10 20% 4243 136342 3365 4%
c d 75.14 76 23 0 169 100791 3 1461615 43599 1.8 19 11 3 10 20% 4249 136260 3365 4%
c d 75.15 76 23 0 169 100791 3 1461615 43599 1.8 19 11 3 10 20% 4241 136244 3361 4%
c t 75.15 76 23 0 169 100791 3 1461615 43599 1.8 19 11 3 10 20% 4216 136244 3350 4%
c - 75.47 78 23 0 170 101209 3 1472003 41813 1.8 19 11 3 10 20% 4100 136244 3350 4%
c - 75.92 82 23 0 171 101935 3 1485041 42792 1.8 19 11 3 10 20% 4103 136244 3350 4%
c - 76.37 86 24 0 172 102570 3 1498117 43431 1.8 19 11 3 10 20% 4105 136244 3350 4%
c s 76.89 88 24 0 172 103261 3 1507045 51700 1.8 19 11 3 10 20% 4130 135525 3346 4%
c e 76.91 91 24 0 172 103261 3 1507045 51700 1.8 19 11 3 10 20% 4052 136076 3284 4%
c 2 76.91 91 24 0 172 103261 3 1507045 51700 1.8 19 11 3 10 20% 4049 136076 3284 4%
c s 77.14 83 24 0 172 103261 3 1507045 51700 1.8 19 11 3 10 20% 4065 135770 3284 4%
c e 77.14 83 24 0 172 103261 3 1507045 51700 1.8 19 11 3 10 20% 4031 135897 3276 4%
c - 77.25 85 24 0 173 103298 3 1511232 43846 1.8 19 11 3 10 20% 4036 135885 3276 4%
c - 77.59 87 23 0 174 103646 3 1524384 44427 1.8 19 10 3 10 20% 4037 135885 3276 4%
c - 77.99 90 22 0 175 103965 3 1537574 45433 1.8 19 10 3 10 20% 4038 135885 3276 4%
c - 78.42 102 23 0 176 104896 3 1550803 46004 1.8 19 10 3 10 20% 4038 135885 3276 4%
c o 78.53 102 22 0 176 105024 3 1555331 49653 1.8 19 10 3 10 20% 4039 135885 3276 4%
c - 78.80 107 22 0 177 105653 3 1564070 45097 1.8 19 10 3 10 20% 4041 135885 3276 4%
c
c seconds   switched       rate           size/glue  tier1     binary        remaining
c         MB  reductions      conflicts         size   tier2      irredundant
c          level     restarts        redundant     glue    trail         variables
c
c u 79.25 112 22 0 177 106220 3 1576591 54670 1.8 18 10 3 10 19% 4042 135885 3276 4%
c v 79.32 112 22 0 177 106220 3 1576591 54058 1.8 18 10 3 10 19% 4042 135885 3276 4%
c w 79.35 112 22 0 177 106220 3 1576591 53876 1.8 18 10 3 10 19% 4042 135885 3276 4%
c x 79.41 112 22 0 177 106220 3 1576591 53875 1.8 18 10 3 10 19% 4042 135862 3276 4%
c t 79.42 112 22 0 177 106220 3 1576591 53875 1.8 18 10 3 10 19% 4024 135862 3276 4%
c f 79.44 112 22 0 177 106220 3 1576591 53875 1.8 18 10 3 10 19% 4018 135595 3288 4%
c u 79.57 110 22 0 177 106220 3 1576591 53099 1.8 18 10 3 10 19% 4018 135595 3288 4%
c v 79.69 110 22 0 177 106220 3 1576591 51447 1.8 18 10 3 10 19% 4018 135595 3288 4%
c w 79.73 110 22 0 177 106220 3 1576591 51305 1.8 18 10 3 10 19% 4018 135595 3288 4%
c = 80.14 112 22 0 177 106220 3 1576591 51305 1.8 18 10 3 10 19% 4028 135544 3281 4%
c d 80.14 112 22 0 177 106220 3 1576591 51303 1.8 18 10 3 10 19% 4020 135533 3281 4%
c t 80.15 112 22 0 177 106220 3 1576591 51303 1.8 18 10 3 10 19% 4019 135533 3281 4%
c - 80.19 112 22 0 178 106346 3 1577374 42694 1.8 18 11 3 10 19% 4010 135533 3281 4%
c - 80.60 115 22 0 179 107186 3 1590715 43851 1.8 19 11 3 10 19% 4010 135533 3281 4%
c - 81.00 103 22 0 180 107709 3 1604094 44874 1.8 18 10 3 10 19% 4011 135533 3281 4%
c - 81.38 103 21 0 181 107805 3 1617510 46370 1.8 18 10 3 10 20% 4013 135533 3281 4%
c - 81.79 87 20 0 182 108265 2 1630964 46925 1.8 18 10 3 10 19% 4015 135533 3281 4%
c - 82.21 85 20 0 183 108845 2 1644456 46959 1.8 18 10 3 10 19% 4015 135533 3281 4%
c - 82.71 75 21 0 184 109832 3 1657985 47167 1.8 18 10 3 10 20% 4016 135533 3281 4%
c - 83.23 73 21 0 185 111007 3 1671550 46684 1.8 18 10 3 10 20% 4017 135533 3281 4%
c
c seconds  switched       rate           size/glue  tier1     binary        remaining
c        MB  reductions      conflicts         size   tier2      irredundant
c         level     restarts        redundant     glue    trail         variables
c
c - 83.74 60 22 0 186 112097 3 1685151 46191 1.8 19 11 3 10 20% 4021 135533 3281 4%
c u 84.25 62 22 0 186 112978 3 1696368 55605 1.8 19 11 3 10 20% 4024 135533 3281 4%
c v 84.33 62 22 0 186 112978 3 1696368 55460 1.8 19 11 3 10 20% 4024 135533 3281 4%
c w 84.37 63 22 0 186 112978 3 1696368 55453 1.8 19 11 3 10 20% 4024 135533 3281 4%
c x 84.44 61 22 0 186 112978 3 1696368 55453 1.8 19 11 3 10 20% 4024 135520 3281 4%
c = 84.91 57 22 0 186 112978 3 1696368 55453 1.8 19 11 3 10 20% 4032 135503 3277 4%
c d 84.92 57 22 0 186 112978 3 1696368 55446 1.8 19 11 3 10 20% 4023 135503 3277 4%
c t 84.93 57 22 0 186 112978 3 1696368 55446 1.8 19 11 3 10 20% 4015 135503 3277 4%
c f 84.93 57 22 0 186 112978 3 1696368 55446 1.8 19 11 3 10 20% 4016 135485 3278 4%
c u 85.08 67 22 0 186 112978 3 1696368 54624 1.8 19 11 3 10 20% 4022 135485 3278 4%
c v 85.21 67 22 0 186 112978 3 1696368 54163 1.8 19 11 3 10 20% 4022 135485 3278 4%
c w 85.26 67 22 0 186 112978 3 1696368 54093 1.8 19 11 3 10 20% 4022 135485 3278 4%
c = 85.72 67 22 0 186 112978 3 1696368 54093 1.8 19 11 3 10 20% 4029 135429 3267 4%
c d 85.72 67 22 0 186 112978 3 1696368 54086 1.8 19 11 3 10 20% 4035 135415 3267 4%
c t 85.73 67 22 0 186 112978 3 1696368 54086 1.8 19 11 3 10 20% 4026 135415 3267 4%
c f 85.73 67 22 0 186 112978 3 1696368 54086 1.8 19 11 3 10 20% 4028 135395 3268 4%
c - 85.86 61 22 0 187 113264 3 1698790 44423 1.8 19 11 3 10 20% 3992 135395 3268 4%
c - 86.31 71 23 0 188 113948 3 1712464 44915 1.8 19 11 3 10 20% 3994 135395 3268 4%
c - 86.79 66 24 0 189 114575 3 1726175 45519 1.8 19 11 3 10 20% 3998 135393 3268 4%
c o 87.12 68 24 0 189 115295 3 1736097 54077 1.8 19 11 3 10 20% 4007 135393 3268 4%
c
c seconds  switched       rate           size/glue  tier1     binary        remaining
c        MB  reductions      conflicts         size   tier2      irredundant
c         level     restarts        redundant     glue    trail         variables
c
c - 87.30 71 24 0 190 115412 3 1739922 45650 1.8 19 11 3 10 20% 4008 135393 3268 4%
c - 87.73 71 23 0 191 115930 3 1753707 46491 1.8 19 11 3 10 20% 4009 135393 3268 4%
c - 88.15 75 24 0 192 116402 3 1767527 47523 1.8 19 10 3 10 20% 4012 135393 3268 4%
c - 88.63 79 24 0 193 117142 3 1781384 47674 1.8 19 11 3 10 20% 4013 135393 3268 4%
c - 89.16 68 24 0 194 117764 3 1795276 47710 1.8 19 11 3 10 20% 4013 135393 3268 4%
c s 89.58 68 23 0 194 117764 3 1800992 52149 1.8 19 10 3 10 20% 4016 134933 3268 4%
c e 89.59 71 23 0 194 117764 3 1800992 52149 1.8 19 10 3 10 20% 3981 135179 3248 4%
c 2 89.59 71 23 0 194 117764 3 1800992 52149 1.8 19 10 3 10 20% 3980 135179 3248 4%
c s 89.82 71 23 0 194 117764 3 1800992 52149 1.8 19 10 3 10 20% 3987 135070 3248 4%
c e 89.83 71 23 0 194 117764 3 1800992 52149 1.8 19 10 3 10 20% 3983 135104 3246 4%
c - 90.13 55 23 0 195 118356 3 1809205 47406 1.8 19 10 3 10 20% 3984 135104 3246 4%
c u 90.72 59 23 0 195 119525 3 1820984 56573 1.8 19 11 3 10 20% 3986 135104 3246 4%
c v 90.86 60 23 0 195 119525 3 1820984 55597 1.8 19 11 3 10 20% 3986 135104 3246 4%
c w 90.92 60 23 0 195 119525 3 1820984 55124 1.8 19 11 3 10 20% 3986 135104 3246 4%
c = 91.40 61 23 0 195 119525 3 1820984 55124 1.8 19 11 3 10 20% 4003 135014 3234 4%
c d 91.40 61 23 0 195 119525 3 1820984 55118 1.8 19 11 3 10 20% 3989 135002 3234 4%
c t 91.41 61 23 0 195 119525 3 1820984 55118 1.8 19 11 3 10 20% 3968 135002 3234 4%
c f 91.43 61 23 0 195 119525 3 1820984 55118 1.8 19 11 3 10 20% 3965 134888 3240 4%
c u 91.52 70 23 0 195 119525 3 1820984 54433 1.8 19 11 3 10 20% 3965 134888 3240 4%
c v 91.63 71 23 0 195 119525 3 1820984 54134 1.8 19 11 3 10 20% 3965 134888 3240 4%
c
c seconds  switched       rate           size/glue  tier1     binary        remaining
c        MB  reductions      conflicts         size   tier2      irredundant
c         level     restarts        redundant     glue    trail         variables
c
c w 91.67 71 23 0 195 119525 3 1820984 54091 1.8 19 11 3 10 20% 3965 134888 3240 4%
c x 91.76 73 23 0 195 119525 3 1820984 54090 1.8 19 11 3 10 20% 3966 134825 3240 4%
c = 92.23 75 23 0 195 119525 3 1820984 54090 1.8 19 11 3 10 20% 3968 134809 3237 4%
c d 92.23 75 23 0 195 119525 3 1820984 54090 1.8 19 11 3 10 20% 3969 134805 3237 4%
c t 92.24 75 23 0 195 119525 3 1820984 54090 1.8 19 11 3 10 20% 3967 134805 3237 4%
c - 92.36 63 23 0 196 119782 3 1823170 44725 1.8 19 11 3 10 20% 3947 134805 3237 4%
c - 92.76 65 22 0 197 120012 3 1837170 45551 1.8 19 11 3 10 20% 3947 134805 3237 4%
c - 93.14 66 21 0 198 120164 3 1851206 47032 1.8 19 10 3 10 20% 3948 134805 3237 4%
c - 93.64 56 21 0 199 120994 3 1865277 48127 1.8 19 10 3 10 20% 3950 134805 3237 4%
c - 94.15 60 22 0 200 122003 3 1879384 47408 1.8 19 10 3 10 20% 3953 134805 3237 4%
c - 94.56 53 21 0 201 122473 3 1893527 47190 1.8 19 10 3 10 20% 3955 134805 3237 4%
c - 94.99 56 21 0 202 122897 3 1907706 47591 1.8 19 10 3 10 20% 3955 134805 3237 4%
c - 95.46 61 21 0 203 123725 3 1921919 48274 1.8 19 10 3 10 20% 3957 134805 3237 4%
c o 95.58 61 21 0 203 123852 3 1926184 51564 1.8 18 10 3 10 20% 3957 134805 3237 4%
c - 95.94 65 21 0 204 124479 3 1936166 48093 1.8 19 10 3 10 20% 3958 134805 3237 4%
c - 96.32 69 20 0 205 125003 3 1950448 48320 1.8 18 10 3 10 19% 3958 134805 3237 4%
c d 96.32 69 20 0 205 125005 3 1950455 48326 1.8 18 10 3 10 19% 3956 134804 3236 4%
c u 96.42 59 20 0 205 125005 3 1950455 47422 1.8 18 10 3 10 19% 3957 134804 3236 4%
c v 96.53 59 20 0 205 125005 3 1950455 45482 1.8 18 10 3 10 19% 3957 134804 3236 4%
c w 96.53 59 20 0 205 125005 3 1950455 45482 1.8 18 10 3 10 19% 3957 134804 3236 4%
c
c seconds  switched       rate           size/glue  tier1     binary        remaining
c        MB  reductions      conflicts         size   tier2      irredundant
c         level     restarts        redundant     glue    trail         variables
c
c = 97.01 62 20 0 205 125005 3 1950455 45482 1.8 18 10 3 10 19% 3959 134803 3235 4%
c d 97.02 62 20 0 205 125005 3 1950455 45474 1.8 18 10 3 10 19% 3957 134803 3235 4%
c t 97.03 62 20 0 205 125005 3 1950455 45474 1.8 18 10 3 10 19% 3950 134803 3235 4%
c u 97.13 62 20 0 205 125005 3 1950455 44550 1.8 18 10 3 10 19% 3950 134803 3235 4%
c v 97.21 62 20 0 205 125005 3 1950455 43992 1.8 18 10 3 10 19% 3950 134803 3235 4%
c w 97.21 62 20 0 205 125005 3 1950455 43992 1.8 18 10 3 10 19% 3950 134803 3235 4%
c x 97.30 53 20 0 205 125005 3 1950455 43980 1.8 18 10 3 10 19% 3950 134613 3235 4%
c = 97.75 53 20 0 205 125005 3 1950455 43980 1.8 18 10 3 10 19% 3963 134547 3227 4%
c d 97.75 53 20 0 205 125005 3 1950455 43976 1.8 18 10 3 10 19% 3953 134541 3227 4%
c t 97.75 53 20 0 205 125005 3 1950455 43976 1.8 18 10 3 10 19% 3951 134541 3227 4%
c - 98.17 55 20 0 206 125305 2 1964765 45115 1.8 18 10 3 10 19% 3945 134541 3227 4%
c - 98.73 60 21 0 207 126770 3 1979117 46171 1.8 18 10 3 10 19% 3949 134539 3227 4%
c - 99.22 59 21 0 208 127723 3 1993505 46616 1.7 18 10 3 10 19% 3953 134539 3227 4%
c - 99.64 62 21 0 209 128257 3 2007929 46898 1.7 18 10 3 10 19% 3953 134539 3227 4%
c - 100.11 65 20 0 210 128896 3 2022387 46689 1.7 18 10 3 10 19% 3959 134539 3227 4%
c - 100.54 67 20 0 211 129298 2 2036879 47535 1.7 18 10 3 10 19% 3960 134539 3227 4%
c - 100.97 58 20 0 212 129692 2 2051406 47709 1.7 18 10 3 10 19% 3963 134539 3227 4%
c - 101.53 66 21 0 213 130559 2 2065966 48963 1.7 18 10 3 10 20% 3963 134539 3227 4%
c - 102.01 61 21 0 214 131275 2 2080561 48989 1.7 18 10 3 10 20% 3964 134539 3227 4%
c d 102.11 61 21 0 214 131455 2 2084838 52498 1.7 18 10 3 10 20% 3964 134538 3226 4%
c
c seconds   switched       rate           size/glue  tier1     binary        remaining
c         MB  reductions      conflicts         size   tier2      irredundant
c          level     restarts        redundant     glue    trail         variables
c
c b 102.12 61 21 0 214 131455 2 2084838 52498 1.7 18 10 3 10 20% 3964 134538 3225 4%
c u 102.26 62 21 0 214 131455 2 2084838 51728 1.7 18 10 3 10 20% 3967 134538 3225 4%
c v 102.40 63 21 0 214 131455 2 2084838 50843 1.7 18 10 3 10 20% 3967 134538 3225 4%
c w 102.43 63 21 0 214 131455 2 2084838 50546 1.7 18 10 3 10 20% 3967 134538 3225 4%
c x 102.50 63 21 0 214 131455 2 2084838 50521 1.7 18 10 3 10 20% 3973 134414 3225 4%
c = 102.99 64 21 0 214 131455 2 2084838 50521 1.7 18 10 3 10 20% 3977 134391 3221 4%
c d 103.00 64 21 0 214 131455 2 2084838 50521 1.7 18 10 3 10 20% 3973 134386 3221 4%
c t 103.01 64 21 0 214 131455 2 2084838 50521 1.7 18 10 3 10 20% 3959 134386 3221 4%
c u 103.12 65 21 0 214 131455 2 2084838 49687 1.7 18 10 3 10 20% 3960 134386 3221 4%
c v 103.21 65 21 0 214 131455 2 2084838 48942 1.7 18 10 3 10 20% 3960 134386 3221 4%
c w 103.24 65 21 0 214 131455 2 2084838 48880 1.7 18 10 3 10 20% 3960 134386 3221 4%
c x 103.31 65 21 0 214 131455 2 2084838 48880 1.7 18 10 3 10 20% 3960 134384 3221 4%
c = 103.79 66 21 0 214 131455 2 2084838 48880 1.7 18 10 3 10 20% 3972 134253 3208 4%
c d 103.79 66 21 0 214 131455 2 2084838 48878 1.7 18 10 3 10 20% 3960 134222 3208 4%
c t 103.80 66 21 0 214 131455 2 2084838 48878 1.7 18 10 3 10 20% 3956 134222 3208 4%
c - 104.17 60 21 0 215 131964 3 2095190 46284 1.8 18 10 3 10 20% 3940 134221 3208 4%
c - 104.69 67 21 0 216 132963 3 2109852 47266 1.7 18 10 3 10 19% 3940 134221 3208 4%
c - 105.14 62 20 0 217 133210 2 2124549 49114 1.7 18 10 3 10 19% 3940 134221 3208 4%
c o 105.21 62 21 0 217 133271 2 2126247 50473 1.7 18 10 3 10 19% 3941 134221 3208 4%
c s 105.50 63 21 0 217 133345 2 2126692 50900 1.7 18 10 3 10 19% 3959 133596 3208 4%
c
c seconds   switched       rate           size/glue  tier1     binary        remaining
c         MB  reductions      conflicts         size   tier2      irredundant
c          level     restarts        redundant     glue    trail         variables
c
c e 105.52 66 21 0 217 133345 2 2126692 50900 1.7 18 10 3 10 19% 3903 133950 3178 4%
c 2 105.52 66 21 0 217 133345 2 2126692 50900 1.7 18 10 3 10 19% 3901 133950 3178 4%
c s 105.78 66 21 0 217 133345 2 2126692 50900 1.7 18 10 3 10 19% 3908 133784 3178 4%
c e 105.78 66 21 0 217 133345 2 2126692 50900 1.7 18 10 3 10 19% 3907 133797 3177 4%
c - 106.21 58 21 0 218 134097 3 2139282 49546 1.7 18 10 3 10 20% 3908 133797 3177 4%
c - 106.77 63 21 0 219 135163 3 2154046 48840 1.7 18 10 3 10 20% 3908 133797 3177 4%
c i 106.88 65 22 0 219 135527 3 2156464 50950 1.7 18 10 3 10 20% 3920 133797 3176 4%
c - 107.30 58 21 0 220 136288 3 2168845 47661 1.7 18 10 3 10 20% 3917 133797 3176 4%
c - 107.77 73 21 0 221 137307 3 2183678 47647 1.7 18 11 3 10 20% 3921 133796 3176 4%
c - 108.29 78 23 0 222 138090 3 2198546 48374 1.7 18 11 3 10 20% 3921 133796 3176 4%
c - 108.69 80 21 0 223 138307 3 2213445 49732 1.7 18 10 3 10 20% 3922 133796 3176 4%
c u 109.10 84 21 0 223 138344 2 2224158 57041 1.7 18 10 3 10 20% 3927 133782 3176 4%
c v 109.25 85 21 0 223 138344 2 2224158 51760 1.7 18 10 3 10 20% 3927 133782 3176 4%
c w 109.29 85 21 0 223 138344 2 2224158 50915 1.7 18 10 3 10 20% 3927 133782 3176 4%
c = 109.84 67 21 0 223 138344 2 2224158 50915 1.7 18 10 3 10 20% 3955 133707 3162 4%
c d 109.84 67 21 0 223 138344 2 2224158 50883 1.7 18 10 3 10 20% 3933 133699 3162 4%
c t 109.85 67 21 0 223 138344 2 2224158 50883 1.7 18 10 3 10 20% 3892 133699 3162 4%
c f 109.87 67 21 0 223 138344 2 2224158 50883 1.7 18 10 3 10 20% 3904 133565 3169 4%
c u 110.00 76 21 0 223 138344 2 2224158 50109 1.7 18 10 3 10 20% 3911 133565 3151 4%
c v 110.11 77 21 0 223 138344 2 2224158 49424 1.7 18 10 3 10 20% 3911 133565 3151 4%
c
c seconds   switched       rate           size/glue  tier1     binary        remaining
c         MB  reductions      conflicts         size   tier2      irredundant
c          level     restarts        redundant     glue    trail         variables
c
c w 110.15 77 21 0 223 138344 2 2224158 49390 1.7 18 10 3 10 20% 3911 133565 3151 4%
c x 110.23 78 21 0 223 138344 2 2224158 49388 1.7 18 10 3 10 20% 3934 133327 3151 4%
c = 110.78 55 21 0 223 138344 2 2224158 49388 1.7 18 10 3 10 20% 3935 133252 3146 4%
c d 110.79 55 21 0 223 138344 2 2224158 49297 1.7 18 10 3 10 20% 3945 133247 3146 4%
c t 110.79 55 21 0 223 138344 2 2224158 49297 1.7 18 10 3 10 20% 3938 133247 3146 4%
c i 110.80 55 21 0 223 138344 2 2224158 49297 1.7 18 10 3 10 20% 3938 133247 3146 4%
c - 110.94 55 21 0 224 138406 2 2228379 45603 1.7 18 10 3 10 20% 3901 133247 3146 4%
c - 111.42 58 20 0 225 138947 2 2243348 48543 1.7 17 10 3 10 20% 3902 133247 3146 4%
c - 111.99 63 21 0 226 140339 3 2258348 49830 1.7 18 10 3 10 20% 3903 133247 3146 4%
c - 112.56 60 22 0 227 141717 3 2273381 48902 1.7 18 10 3 10 20% 3908 133247 3146 4%
c - 113.05 63 22 0 228 142510 3 2288447 48845 1.7 18 10 3 10 20% 3911 133247 3146 4%
c - 113.64 68 22 0 229 143609 3 2303546 49394 1.7 18 11 3 10 20% 3915 133246 3146 4%
c - 114.16 73 22 0 230 144469 3 2318678 49560 1.7 18 11 3 10 20% 3917 133246 3146 4%
c - 114.71 65 22 0 231 145434 3 2333843 49810 1.7 18 11 3 10 20% 3918 133246 3146 4%
c o 114.77 65 22 0 231 145491 3 2336476 51924 1.7 18 11 3 10 20% 3918 133246 3146 4%
c - 115.33 70 23 0 232 146663 3 2349041 49654 1.7 18 11 3 10 21% 3919 133246 3146 4%
c - 115.87 64 23 0 233 147242 3 2364272 49724 1.7 19 11 3 10 21% 3924 133246 3146 4%
c d 115.99 65 23 0 233 147305 3 2368447 53405 1.8 19 11 3 10 21% 3922 133239 3145 4%
c u 116.16 68 23 0 233 147305 3 2368447 51554 1.8 19 11 3 10 21% 3994 133239 3145 4%
c v 116.31 69 23 0 233 147305 3 2368447 50957 1.8 19 11 3 10 21% 3994 133239 3145 4%
c
c seconds   switched       rate           size/glue  tier1     binary        remaining
c         MB  reductions      conflicts         size   tier2      irredundant
c          level     restarts        redundant     glue    trail         variables
c
c w 116.37 69 23 0 233 147305 3 2368447 50629 1.8 19 11 3 10 21% 3994 133239 3145 4%
c = 116.98 59 23 0 233 147305 3 2368447 50629 1.8 19 11 3 10 21% 4020 133171 3128 4%
c d 116.98 59 23 0 233 147305 3 2368447 50616 1.8 19 11 3 10 21% 3994 133164 3128 4%
c t 116.98 59 23 0 233 147305 3 2368447 50616 1.8 19 11 3 10 21% 3960 133164 3128 4%
c u 117.15 59 23 0 233 147305 3 2368447 48807 1.8 19 11 3 10 21% 3961 133164 3128 4%
c v 117.32 60 23 0 233 147305 3 2368447 47837 1.8 19 11 3 10 21% 3961 133164 3128 4%
c w 117.37 60 23 0 233 147305 3 2368447 47750 1.8 19 11 3 10 21% 3961 133164 3128 4%
c = 117.96 62 23 0 233 147305 3 2368447 47750 1.8 19 11 3 10 21% 3965 133158 3126 4%
c d 117.96 62 23 0 233 147305 3 2368447 47750 1.8 19 11 3 10 21% 3959 133158 3126 4%
c t 117.97 62 23 0 233 147305 3 2368447 47750 1.8 19 11 3 10 21% 3958 133158 3126 4%
c - 118.35 66 24 0 234 147822 3 2379536 46297 1.8 19 11 3 10 21% 3943 133158 3126 4%
c - 118.88 58 24 0 235 148632 3 2394833 47684 1.8 19 11 3 10 21% 3945 133158 3126 4%
c - 119.46 64 24 0 236 149421 3 2410165 48264 1.8 19 11 3 10 22% 3947 133157 3126 4%
c - 119.98 59 23 0 237 149871 3 2425528 48896 1.8 19 11 3 10 22% 3950 133157 3126 4%
c - 120.41 62 22 0 238 150150 2 2440923 49328 1.8 19 10 3 10 22% 3950 133157 3126 4%
c - 120.93 65 21 0 239 150899 2 2456351 49324 1.8 18 10 3 10 21% 3951 133157 3126 4%
c - 121.58 78 22 0 240 152415 3 2471813 49083 1.8 19 11 3 10 21% 3955 133157 3126 4%
c s 122.35 70 22 0 240 153223 3 2485109 60458 1.8 19 11 3 10 21% 3977 132026 3126 4%
c e 122.36 72 22 0 240 153223 3 2485109 60458 1.8 19 11 3 10 21% 3902 132473 3084 4%
c 2 122.36 72 22 0 240 153223 3 2485109 60458 1.8 19 11 3 10 21% 3895 132473 3084 4%
c
c seconds   switched       rate           size/glue  tier1     binary        remaining
c         MB  reductions      conflicts         size   tier2      irredundant
c          level     restarts        redundant     glue    trail         variables
c
c s 122.67 72 22 0 240 153223 3 2485109 60458 1.8 19 11 3 10 21% 3903 132260 3084 4%
c e 122.68 72 22 0 240 153223 3 2485109 60458 1.8 19 11 3 10 21% 3895 132320 3080 4%
c - 122.77 73 22 0 241 153386 3 2487304 48268 1.7 19 11 3 10 21% 3896 132320 3080 4%
c - 123.39 64 22 0 242 154290 3 2502828 48821 1.7 19 11 3 10 22% 3899 132320 3080 4%
c u 123.97 77 22 0 242 154718 3 2517726 60478 1.8 19 11 3 10 22% 3899 132320 3080 4%
c v 124.10 78 22 0 242 154718 3 2517726 59914 1.8 19 11 3 10 22% 3899 132320 3080 4%
c w 124.15 78 22 0 242 154718 3 2517726 59801 1.8 19 11 3 10 22% 3899 132320 3080 4%
c x 124.23 79 22 0 242 154718 3 2517726 59779 1.8 19 11 3 10 22% 3899 131410 3080 4%
c = 124.83 69 22 0 242 154718 3 2517726 59779 1.8 19 11 3 10 22% 3908 131360 3073 4%
c d 124.83 69 22 0 242 154718 3 2517726 59776 1.8 19 11 3 10 22% 3900 131355 3073 4%
c t 124.84 69 22 0 242 154718 3 2517726 59776 1.8 19 11 3 10 22% 3876 131355 3073 4%
c f 124.86 69 22 0 242 154718 3 2517726 59776 1.8 19 11 3 10 22% 3887 131175 3081 4%
c u 125.03 76 22 0 242 154718 3 2517726 57833 1.8 19 11 3 10 22% 3892 131175 3081 4%
c v 125.18 76 22 0 242 154718 3 2517726 57193 1.8 19 11 3 10 22% 3888 131175 3081 4%
c w 125.25 76 22 0 242 154718 3 2517726 56967 1.8 19 11 3 10 22% 3888 131175 3081 4%
c = 125.88 64 22 0 242 154718 3 2517726 56967 1.8 19 11 3 10 22% 3890 131086 3073 4%
c d 125.89 64 22 0 242 154718 3 2517726 56962 1.8 19 11 3 10 22% 3903 131044 3073 4%
c t 125.89 64 22 0 242 154718 3 2517726 56962 1.8 19 11 3 10 22% 3893 131044 3073 4%
c - 125.96 64 23 0 243 154741 3 2518384 46847 1.8 19 11 3 10 22% 3869 131044 3073 4%
c - 126.39 66 22 0 244 155136 2 2533972 47532 1.7 18 11 3 10 21% 3870 131043 3073 4%
c
c seconds   switched       rate           size/glue  tier1     binary        remaining
c         MB  reductions      conflicts         size   tier2      irredundant
c          level     restarts        redundant     glue    trail         variables
c
c - 126.83 59 21 0 245 155330 2 2549593 48111 1.8 18 10 3 10 21% 3870 131043 3073 4%
c o 127.11 61 21 0 245 155984 2 2557857 55341 1.7 18 10 3 10 21% 3871 131043 3073 4%
c i 127.28 62 21 0 245 155986 2 2562486 59542 1.8 18 10 3 10 21% 3882 131043 3065 4%
c - 127.42 63 21 0 246 156281 2 2565248 49644 1.8 18 10 3 10 21% 3849 131043 3065 4%
c - 127.89 57 20 0 247 156459 2 2580933 50421 1.8 18 10 3 10 21% 3850 131043 3065 4%
c - 128.47 62 20 0 248 157595 2 2596649 50329 1.8 18 10 3 10 21% 3854 131043 3065 4%
c - 128.98 59 20 0 249 158399 2 2612397 48757 1.7 18 10 3 10 21% 3855 131043 3065 4%
c - 129.58 63 21 0 250 159502 2 2628177 48889 1.7 18 10 3 10 22% 3855 131043 3065 4%
c - 130.06 66 20 0 251 160064 2 2643988 49310 1.7 18 10 3 10 21% 3855 131043 3065 4%
c - 130.69 71 21 0 252 161264 2 2659831 49693 1.7 18 10 3 10 21% 3859 131043 3065 4%
c b 131.15 75 21 0 252 161892 2 2671996 59810 1.7 18 10 3 10 21% 3879 130944 3064 4%
c u 131.26 60 21 0 252 161892 2 2671996 58698 1.7 18 10 3 10 21% 3879 130944 3064 4%
c v 131.38 61 21 0 252 161892 2 2671996 55409 1.7 18 10 3 10 21% 3879 130944 3064 4%
c w 131.42 61 21 0 252 161892 2 2671996 55334 1.7 18 10 3 10 21% 3879 130944 3064 4%
c x 131.53 62 21 0 252 161892 2 2671996 55302 1.7 18 10 3 10 21% 3886 130195 3064 4%
c = 132.07 64 21 0 252 161892 2 2671996 55302 1.7 18 10 3 10 21% 3886 130172 3061 4%
c t 132.08 64 21 0 252 161892 2 2671996 55302 1.7 18 10 3 10 21% 3880 130149 3060 4%
c u 132.22 64 21 0 252 161892 2 2671996 54064 1.7 18 10 3 10 21% 3882 130140 3060 4%
c v 132.33 65 21 0 252 161892 2 2671996 53333 1.7 18 10 3 10 21% 3882 130140 3060 4%
c w 132.41 65 21 0 252 161892 2 2671996 53282 1.7 18 10 3 10 21% 3882 130140 3060 4%
c
c seconds   switched       rate           size/glue  tier1     binary        remaining
c         MB  reductions      conflicts         size   tier2      irredundant
c          level     restarts        redundant     glue    trail         variables
c
c x 132.51 66 21 0 252 161892 2 2671996 53269 1.7 18 10 3 10 21% 3887 129314 3058 4%
c = 133.08 60 21 0 252 161892 2 2671996 53269 1.7 18 10 3 10 21% 3960 128371 2952 4%
c d 133.08 60 21 0 252 161892 2 2671996 53195 1.7 18 10 3 10 21% 3960 128217 2952 4%
c t 133.09 60 21 0 252 161892 2 2671996 53195 1.7 18 10 3 10 21% 3920 128217 2950 4%
c i 133.11 60 21 0 252 161892 2 2671996 53195 1.7 18 10 3 10 21% 3919 128217 2950 4%
c - 133.29 62 21 0 253 162215 2 2675705 45404 1.7 18 10 3 10 21% 3756 128206 2950 4%
c - 133.74 63 20 0 254 162518 2 2691610 46895 1.7 18 10 3 10 21% 3758 128205 2950 4%
c - 134.30 60 20 0 255 163266 2 2707548 47672 1.7 18 10 3 10 21% 3762 128204 2950 4%
c - 134.79 64 20 0 256 164028 2 2723516 48404 1.7 18 10 3 10 21% 3765 128204 2950 4%
c - 135.28 60 20 0 257 164785 2 2739516 47985 1.7 18 10 3 10 21% 3766 128204 2950 4%
c - 135.74 59 19 0 258 165120 2 2755548 48388 1.7 17 10 3 10 21% 3768 128204 2950 4%
c - 136.23 59 19 0 259 165994 2 2771610 48960 1.7 17 10 3 10 21% 3769 128204 2950 4%
c - 136.68 58 19 0 260 166412 2 2787704 50096 1.7 18 10 3 10 21% 3772 128202 2950 4%
c o 136.70 58 19 0 260 166419 2 2788463 50702 1.7 17 10 3 10 20% 3773 128202 2950 4%
c - 137.21 60 19 0 261 167401 2 2803828 50629 1.7 17 10 3 10 20% 3775 128202 2950 4%
c - 137.76 52 19 0 262 168300 2 2819983 49598 1.7 18 10 3 10 20% 3777 128202 2950 4%
c u 138.27 49 19 0 262 169100 2 2831240 58052 1.7 17 10 3 10 20% 3783 128202 2950 4%
c v 138.38 50 19 0 262 169100 2 2831240 57062 1.7 17 10 3 10 20% 3780 128202 2950 4%
c w 138.45 50 19 0 262 169100 2 2831240 56858 1.7 17 10 3 10 20% 3780 128202 2950 4%
c x 138.55 52 19 0 262 169100 2 2831240 56838 1.7 17 10 3 10 20% 3781 127288 2950 4%
c
c seconds   switched       rate           size/glue  tier1     binary        remaining
c         MB  reductions      conflicts         size   tier2      irredundant
c          level     restarts        redundant     glue    trail         variables
c
c = 139.08 55 19 0 262 169100 2 2831240 56838 1.7 17 10 3 10 20% 3789 127156 2937 4%
c d 139.08 55 19 0 262 169100 2 2831240 56837 1.7 17 10 3 10 20% 3790 127131 2937 4%
c t 139.09 55 19 0 262 169100 2 2831240 56837 1.7 17 10 3 10 20% 3780 127131 2937 4%
c u 139.21 55 19 0 262 169100 2 2831240 56050 1.7 17 10 3 10 20% 3789 127131 2937 4%
c v 139.34 56 19 0 262 169100 2 2831240 55358 1.7 17 10 3 10 20% 3790 127131 2937 4%
c w 139.38 56 19 0 262 169100 2 2831240 55222 1.7 17 10 3 10 20% 3790 127131 2937 4%
c x 139.48 58 19 0 262 169100 2 2831240 55215 1.7 17 10 3 10 20% 3790 126810 2937 4%
c = 140.04 59 19 0 262 169100 2 2831240 55215 1.7 17 10 3 10 20% 3808 126755 2924 4%
c d 140.05 59 19 0 262 169100 2 2831240 55178 1.7 17 10 3 10 20% 3788 126745 2924 4%
c t 140.05 59 19 0 262 169100 2 2831240 55178 1.7 17 10 3 10 20% 3779 126745 2924 4%
c f 140.07 59 19 0 262 169100 2 2831240 55178 1.7 17 10 3 10 20% 3780 126719 2925 4%
c - 140.25 68 19 0 263 169416 2 2836169 47417 1.7 17 10 3 10 20% 3755 126719 2925 4%
c - 140.71 69 19 0 264 169734 2 2852388 48210 1.7 17 10 3 10 20% 3755 126719 2925 4%
c - 141.22 58 19 0 265 170653 2 2868638 49749 1.7 17 10 3 10 20% 3755 126719 2925 4%
c s 141.81 59 18 0 265 170713 2 2877202 56485 1.7 17 10 3 10 20% 3792 123876 2925 4%
c e 141.82 61 18 0 265 170713 2 2877202 56485 1.7 17 10 3 10 20% 3601 124781 2834 4%
c 2 141.82 61 18 0 265 170713 2 2877202 56485 1.7 17 10 3 10 20% 3597 124781 2834 4%
c s 142.17 59 18 0 265 170713 2 2877202 56485 1.7 17 10 3 10 20% 3612 124425 2834 4%
c e 142.17 59 18 0 265 170713 2 2877202 56485 1.7 17 10 3 10 20% 3597 124531 2827 4%
c - 142.38 63 18 0 266 171061 2 2884916 49917 1.7 17 10 3 10 20% 3597 124531 2827 4%
c
c seconds   switched       rate           size/glue  tier1     binary        remaining
c         MB  reductions      conflicts         size   tier2      irredundant
c          level     restarts        redundant     glue    trail         variables
c
c - 142.98 59 19 0 267 172354 2 2901225 49974 1.7 17 10 3 10 20% 3598 124531 2827 4%
c - 143.36 60 18 0 268 172521 2 2917567 50297 1.6 16 10 3 10 19% 3602 124531 2827 4%
c - 143.81 62 17 0 269 172880 2 2933937 52120 1.7 16 10 3 10 19% 3605 124531 2827 4%
c - 144.38 64 18 0 270 174151 2 2950338 52115 1.6 16 10 3 10 19% 3606 124531 2827 4%
c - 144.88 67 17 0 271 174399 2 2966771 52609 1.6 16 10 3 10 19% 3609 124531 2827 4%
c - 145.40 62 17 0 272 175780 2 2983235 53010 1.6 16 10 3 10 19% 3609 124531 2827 4%
c u 145.92 66 17 0 272 176492 2 2995535 62808 1.6 16 10 3 10 19% 3625 124531 2827 4%
c v 146.03 66 17 0 272 176492 2 2995535 61628 1.6 16 10 3 10 19% 3622 124531 2827 4%
c w 146.08 66 17 0 272 176492 2 2995535 61586 1.6 16 10 3 10 19% 3622 124531 2827 4%
c x 146.17 68 17 0 272 176492 2 2995535 61576 1.6 16 10 3 10 19% 3627 124384 2824 4%
c = 146.70 69 17 0 272 176492 2 2995535 61576 1.6 16 10 3 10 19% 3633 124273 2812 4%
c d 146.71 69 17 0 272 176492 2 2995535 61569 1.6 16 10 3 10 19% 3655 124216 2812 4%
c t 146.71 69 17 0 272 176492 2 2995535 61569 1.6 16 10 3 10 19% 3614 124216 2812 4%
c f 146.74 69 17 0 272 176492 2 2995535 61569 1.6 16 10 3 10 19% 3624 123860 2829 4%
c u 146.86 78 17 0 272 176492 2 2995535 60768 1.6 16 10 3 10 19% 3626 123860 2829 4%
c v 146.97 79 17 0 272 176492 2 2995535 56214 1.6 16 10 3 10 19% 3626 123860 2829 4%
c w 147.02 79 17 0 272 176492 2 2995535 55778 1.6 16 10 3 10 19% 3626 123860 2829 4%
c x 147.12 80 17 0 272 176492 2 2995535 55773 1.6 16 10 3 10 19% 3626 123374 2829 4%
c = 147.66 73 17 0 272 176492 2 2995535 55773 1.6 16 10 3 10 19% 3632 123369 2826 4%
c d 147.66 73 17 0 272 176492 2 2995535 55772 1.6 16 10 3 10 19% 3623 123369 2826 4%
c
c seconds   switched       rate           size/glue  tier1     binary        remaining
c         MB  reductions      conflicts         size   tier2      irredundant
c          level     restarts        redundant     glue    trail         variables
c
c t 147.68 73 17 0 272 176492 2 2995535 55772 1.6 16 10 3 10 19% 3621 123369 2826 4%
c f 147.69 73 17 0 272 176492 2 2995535 55772 1.6 16 10 3 10 19% 3623 123350 2827 4%
c i 147.69 78 17 0 272 176492 2 2995535 55772 1.6 16 10 3 10 19% 3623 123350 2827 4%
c - 147.86 81 17 0 273 176945 2 2999727 48680 1.6 16 10 3 10 19% 3594 123350 2827 4%
c - 148.51 61 18 0 274 178296 2 3016250 50116 1.6 16 10 3 10 19% 3594 123350 2827 4%
c i 148.69 62 18 0 274 178625 2 3021727 54904 1.6 16 10 3 10 19% 3598 123350 2817 4%
c - 148.99 63 17 0 275 178714 2 3032803 50919 1.6 16 10 3 10 19% 3594 123350 2817 4%
c o 149.01 63 17 0 275 178729 2 3033902 51789 1.6 16 10 3 10 19% 3594 123350 2817 4%
c - 149.45 63 17 0 276 179278 2 3049387 52106 1.6 16 10 3 10 19% 3596 123350 2817 4%
c - 149.95 55 17 0 277 179871 2 3066001 52799 1.6 16 10 3 10 19% 3599 123350 2817 4%
c - 150.47 56 17 0 278 180821 2 3082645 52664 1.6 16 10 3 10 19% 3600 123350 2817 4%
c i 150.62 58 17 0 278 181029 2 3088244 57133 1.6 16 10 3 10 19% 3602 123350 2816 4%
c - 150.98 60 17 0 279 181774 2 3099318 47841 1.6 16 10 3 10 19% 3596 123350 2816 4%
c - 151.47 63 17 0 280 182891 2 3116021 47226 1.6 16 10 3 10 19% 3596 123350 2816 4%
c - 151.96 56 17 0 281 183766 2 3132755 46927 1.6 16 10 3 10 19% 3597 123349 2816 4%
c - 152.50 60 17 0 282 184539 2 3149521 47785 1.6 16 10 3 10 19% 3598 123347 2816 4%
c d 152.97 63 17 0 282 185156 2 3164865 60269 1.6 16 10 3 10 19% 3596 122612 2807 4%
c d 152.97 63 17 0 282 185156 2 3164865 60185 1.6 16 10 3 10 19% 3594 122483 2806 4%
c b 152.97 63 17 0 282 185156 2 3164865 60185 1.6 16 10 3 10 19% 3594 122483 2805 4%
c u 153.10 64 17 0 282 185156 2 3164865 59258 1.6 16 10 3 10 19% 3590 122483 2805 4%
c
c seconds   switched       rate           size/glue  tier1     binary        remaining
c         MB  reductions      conflicts         size   tier2      irredundant
c          level     restarts        redundant     glue    trail         variables
c
c v 153.22 64 17 0 282 185156 2 3164865 56521 1.6 16 10 3 10 19% 3593 122483 2805 4%
c w 153.26 65 17 0 282 185156 2 3164865 56052 1.6 16 10 3 10 19% 3591 122483 2805 4%
c x 153.37 67 17 0 282 185156 2 3164865 56034 1.6 16 10 3 10 19% 3597 121675 2795 4%
c = 153.89 56 17 0 282 185156 2 3164865 56034 1.6 16 10 3 10 19% 3616 120944 2753 4%
c d 153.90 56 17 0 282 185156 2 3164865 55998 1.6 16 10 3 10 19% 3599 120907 2753 4%
c t 153.91 56 17 0 282 185156 2 3164865 55998 1.6 16 10 3 10 19% 3570 120907 2747 4%
c f 153.93 56 17 0 282 185156 2 3164865 55998 1.6 16 10 3 10 19% 3573 120873 2748 4%
c u 154.05 66 17 0 282 185156 2 3164865 55054 1.6 16 10 3 10 19% 3574 120865 2748 4%
c v 154.17 66 17 0 282 185156 2 3164865 54435 1.6 16 10 3 10 19% 3574 120865 2748 4%
c w 154.22 66 17 0 282 185156 2 3164865 54201 1.6 16 10 3 10 19% 3574 120865 2748 4%
c x 154.30 67 17 0 282 185156 2 3164865 54189 1.6 16 10 3 10 19% 3576 120615 2748 4%
c = 154.88 68 17 0 282 185156 2 3164865 54189 1.6 16 10 3 10 19% 3586 120543 2736 3%
c d 154.89 68 17 0 282 185156 2 3164865 54181 1.6 16 10 3 10 19% 3578 120538 2736 3%
c t 154.89 68 17 0 282 185156 2 3164865 54181 1.6 16 10 3 10 19% 3568 120538 2736 3%
c i 154.90 68 17 0 282 185156 2 3164865 54181 1.6 16 10 3 10 19% 3568 120538 2736 3%
c - 154.95 68 17 0 283 185192 2 3166313 45681 1.6 16 10 3 10 19% 3422 120538 2736 3%
c - 155.43 70 16 0 284 185425 2 3183136 47773 1.6 15 10 3 10 18% 3423 120538 2736 3%
c - 155.97 74 17 0 285 186424 2 3199992 49384 1.6 15 10 3 10 18% 3425 120538 2736 3%
c - 156.44 74 17 0 286 187202 2 3216875 49409 1.6 15 10 3 10 18% 3428 120538 2736 3%
c - 156.85 72 16 0 287 187626 2 3233786 51257 1.6 15 9 3 10 18% 3429 120538 2736 3%
c
c seconds   switched       rate           size/glue  tier1     binary        remaining
c         MB  reductions      conflicts         size   tier2      irredundant
c          level     restarts        redundant     glue    trail         variables
c
c i 157.26 74 16 0 287 188694 2 3246623 61772 1.6 15 10 3 10 18% 3445 120538 2728 3%
c - 157.44 63 17 0 288 189275 2 3250729 43204 1.6 15 10 3 10 18% 3433 120538 2728 3%
c - 157.95 67 17 0 289 190028 2 3267699 44431 1.6 15 10 3 10 18% 3436 120538 2728 3%
c - 158.47 58 17 0 290 190759 2 3284701 47382 1.6 15 9 3 10 18% 3443 120538 2728 3%
c i 158.48 58 17 0 290 190759 2 3284835 47445 1.6 15 9 3 10 18% 3449 120538 2727 3%
c o 158.48 58 17 0 290 190759 2 3284835 47445 1.6 15 9 3 10 18% 3449 120538 2727 3%
c - 158.99 61 17 0 291 192077 2 3301730 39513 1.6 15 10 3 10 18% 3448 120538 2727 3%
c 2 159.05 61 17 0 291 192320 2 3303539 41172 1.6 15 10 3 10 18% 3405 120538 2726 3%
c s 159.42 54 17 0 291 192320 2 3303539 41172 1.6 15 10 3 10 18% 3420 110380 2726 3%
c e 159.45 55 17 0 291 192320 2 3303539 41172 1.6 15 10 3 10 18% 3250 111199 2645 3%
c 2 159.45 55 17 0 291 192320 2 3303539 41172 1.6 15 10 3 10 18% 3245 111199 2645 3%
c s 159.84 55 17 0 291 192320 2 3303539 41172 1.6 15 10 3 10 18% 3252 110596 2645 3%
c e 159.86 55 17 0 291 192320 2 3303539 41172 1.6 15 10 3 10 18% 3217 110740 2637 3%
c - 160.29 57 17 0 292 193220 2 3318788 31323 1.6 15 10 3 10 18% 3240 110730 2637 3%
c - 160.73 58 18 0 293 194308 2 3335877 34712 1.6 15 10 3 10 18% 3242 110730 2637 3%
c d 160.81 59 17 0 293 194511 2 3339268 35813 1.6 15 10 3 10 18% 3230 109981 2630 3%
c b 160.82 59 17 0 293 194511 2 3339268 35813 1.6 15 10 3 10 18% 3230 109981 2628 3%
c u 160.93 61 17 0 293 194511 2 3339268 33458 1.6 15 10 3 10 18% 3384 109981 2624 3%
c v 161.02 61 17 0 293 194511 2 3339268 32586 1.6 15 10 3 10 18% 3330 109981 2624 3%
c w 161.06 61 17 0 293 194511 2 3339268 32450 1.6 15 10 3 10 18% 3330 109981 2624 3%
c
c seconds   switched       rate           size/glue  tier1     binary        remaining
c         MB  reductions      conflicts         size   tier2      irredundant
c          level     restarts        redundant     glue    trail         variables
c
c x 161.15 64 17 0 293 194511 2 3339268 32424 1.6 15 10 3 10 18% 3373 105656 2624 3%
c = 161.71 58 17 0 293 194511 2 3339268 32424 1.6 15 10 3 10 18% 3408 102752 2543 3%
c d 161.71 58 17 0 293 194511 2 3339268 29856 1.6 15 10 3 10 18% 3422 102608 2543 3%
c t 161.72 58 17 0 293 194511 2 3339268 29856 1.6 15 10 3 10 18% 3320 102608 2537 3%
c b 161.72 58 17 0 293 194511 2 3339268 29856 1.6 15 10 3 10 18% 3320 102608 2536 3%
c f 161.75 58 17 0 293 194511 2 3339268 29856 1.6 15 10 3 10 18% 3339 102136 2558 3%
c b 161.76 58 17 0 293 194511 2 3339268 29856 1.6 15 10 3 10 18% 3363 101992 2557 3%
c u 161.86 64 17 0 293 194511 2 3339268 27186 1.6 15 10 3 10 18% 4055 101992 2557 3%
c v 161.96 64 17 0 293 194511 2 3339268 26283 1.6 15 10 3 10 18% 3370 101992 2557 3%
c w 161.99 64 17 0 293 194511 2 3339268 26214 1.6 15 10 3 10 18% 3370 101992 2557 3%
c x 162.07 65 17 0 293 194511 2 3339268 26157 1.6 15 10 3 10 18% 3374 101313 2557 3%
c = 162.63 66 17 0 293 194511 2 3339268 26157 1.6 15 10 3 10 18% 3377 100461 2489 3%
c d 162.63 66 17 0 293 194511 2 3339268 26155 1.6 15 10 3 10 18% 3441 100328 2489 3%
c t 162.63 66 17 0 293 194511 2 3339268 26155 1.6 15 10 3 10 18% 3428 100328 2489 3%
c f 162.65 66 17 0 293 194511 2 3339268 26155 1.6 15 10 3 10 18% 3426 100297 2490 3%
c i 162.65 66 17 0 293 194511 2 3339268 26155 1.6 15 10 3 10 18% 3426 100297 2490 3%
c - 163.00 72 17 0 294 194649 2 3352994 28323 1.6 15 9 3 10 18% 3051 100297 2490 3%
c - 163.43 74 17 0 295 194952 2 3370140 32976 1.6 15 9 3 10 17% 3053 100288 2490 3%
c i 163.70 61 16 0 295 195215 2 3380132 39833 1.6 15 9 3 10 17% 3062 100287 2489 3%
c - 163.94 61 16 0 296 195731 2 3387316 24831 1.6 15 9 3 10 17% 3108 100285 2489 3%
c
c seconds   switched       rate           size/glue tier1     binary        remaining
c         MB  reductions      conflicts         size  tier2      irredundant
c          level     restarts        redundant    glue    trail         variables
c
c - 164.40 61 16 0 297 196468 2 3404520 28217 1.6 15 9 3 10 17% 3109 100285 2489 3%
c i 164.65 62 15 0 297 196709 2 3413844 34463 1.6 14 9 3 10 16% 3118 100285 2450 3%
c i 164.68 62 15 0 297 196709 2 3414661 35121 1.6 14 9 3 10 16% 3128 100285 2438 3%
c i 164.68 62 15 0 297 196709 2 3414883 35212 1.6 14 9 3 10 16% 3140 100285 2402 3%
c i 164.68 62 15 0 297 196709 2 3414938 35246 1.6 14 9 3 10 16% 3144 100285 2273 3%
c i 164.68 62 15 0 297 196709 2 3414943 35246 1.6 14 9 3 10 16% 3145 100285 2270 3%
c i 164.68 62 15 0 297 196709 2 3414944 35246 1.6 14 9 3 10 16% 3145 100285 2260 3%
c i 164.68 62 15 0 297 196709 2 3414945 35246 1.6 14 9 3 10 16% 3145 100285 2258 3%
c i 164.68 62 15 0 297 196709 2 3414946 35246 1.6 14 9 3 10 16% 3145 100285 2249 3%
c } 164.68 62 15 0 297 196709 2 3414954 35244 1.6 14 9 3 10 16% 3148 100285 2236 3%
c 0 164.68 62 15 0 297 196709 2 3414954 35244 1.6 14 9 3 10 16% 3148 100285 2236 3%
c
c ---- [ result ] ------------------------------------------------------------
c
s UNSATISFIABLE
c
c ---- [ profiling ] ---------------------------------------------------------
c
c         112.55   68.34 %  search
c         112.55   68.34 %  focused
c          50.94   30.93 %  simplify
c          45.33   27.53 %  probe
c          23.52   14.28 %  sweep
c          16.62   10.09 %  vivify
c           6.58    4.00 %  eliminate
c           5.86    3.56 %  subsume
c           2.26    1.38 %  congruence
c           2.08    1.26 %  reduce
c           1.40    0.85 %  factor
c           1.33    0.81 %  substitute
c           1.01    0.61 %  preprocess
c           0.13    0.08 %  parse
c           0.13    0.08 %  transitive
c           0.08    0.05 %  backbone
c           0.04    0.02 %  lucky
c =============================================
c         164.68  100.00 %  total
c
c ---- [ statistics ] --------------------------------------------------------
c
c chronological:                         2005                0 %  conflicts
c conflicts:                          3414954            20735.81 per second
c congruent:                             8385               11 %  variables
c decisions:                          9683839                2.84 per conflict
c eliminated:                           29940               38 %  variables
c factored:                               872                1 %  variables
c iterations:                             100                0 %  variables
c propagations:                     523545023          3178998    per second
c reductions:                             297            11498    interval
c reordered:                               26           131344    interval
c restarts:                            196709               17    interval
c strengthened:                         21880                0 %  checks
c substituted:                          10982               14 %  variables
c subsumed:                             49443                0 %  checks
c switched:                                 0                0    interval
c vivified:                            227789               54 %  checks
c
c ---- [ glue usage ] --------------------------------------------------------
c
c focused glue 3   used 2673277 clauses 15.51% accumulated 57.62% tier1
c focused glue 4   used 1328295 clauses  7.71% accumulated 65.33%
c focused glue 5-8 used 3654347 clauses 21.21% accumulated 86.54%
c focused glue 9   used  566013 clauses  3.28% accumulated 89.82%
c focused glue 10  used  447194 clauses  2.59% accumulated 92.42% tier2
c
c ---- [ resources ] ---------------------------------------------------------
c
c maximum-resident-set-size:     188626239488 bytes     179888 MB
c process-time:                         2m 45s             164.68 seconds
c
c ---- [ shutting down ] -----------------------------------------------------
c
c exit 20
real 207.03
kissat_exit=20
proof_bytes=98009748
proof_sha256=06da495cdfaa3d9ccaf4f6b1e2934ef631d9654904bfbe1d60d5633b2fb93fba
